%PDF-1.7
%‚„œ”
2 0 obj
<<
/Count 100
/Kids [4 0 R 6 0 R 8 0 R 10 0 R 12 0 R 14 0 R 16 0 R 18 0 R 20 0 R 22 0 R 24 0 R 26 0 R 28 0 R 30 0 R 32 0 R 34 0 R 36 0 R 38 0 R 40 0 R 42 0 R 44 0 R 46 0 R 48 0 R 50 0 R 52 0 R 54 0 R 56 0 R 58 0 R 60 0 R 62 0 R 64 0 R 66 0 R 68 0 R 70 0 R 72 0 R 74 0 R 76 0 R 78 0 R 80 0 R 82 0 R 84 0 R 86 0 R 88 0 R 90 0 R 92 0 R 94 0 R 96 0 R 98 0 R 100 0 R 102 0 R 104 0 R 106 0 R 108 0 R 110 0 R 112 0 R 114 0 R 116 0 R 118 0 R 120 0 R 122 0 R 124 0 R 126 0 R 128 0 R 130 0 R 132 0 R 134 0 R 136 0 R 138 0 R 140 0 R 142 0 R 144 0 R 146 0 R 148 0 R 150 0 R 152 0 R 154 0 R 156 0 R 158 0 R 160 0 R 162 0 R 164 0 R 166 0 R 168 0 R 170 0 R 172 0 R 174 0 R 176 0 R 178 0 R 180 0 R 182 0 R 184 0 R 186 0 R 188 0 R 190 0 R 192 0 R 194 0 R 196 0 R 198 0 R 200 0 R 202 0 R]
/Type /Pages
>>
endobj
204 0 obj
<<
/Courier <<
/BaseFont /Courier
/Encoding /WinAnsiEncoding
/Subtype /Type1
/Type /Font
>>
/Courier-Bold <<
/BaseFont /Courier-Bold
/Encoding /WinAnsiEncoding
/Subtype /Type1
/Type /Font
>>
/Courier-BoldOblique <<
/BaseFont /Courier-BoldOblique
/Encoding /WinAnsiEncoding
/Subtype /Type1
/Type /Font
>>
/Courier-Oblique <<
/BaseFont /Courier-Oblique
/Encoding /WinAnsiEncoding
/Subtype /Type1
/Type /Font
>>
/Helvetica <<
/BaseFont /Helvetica
/Encoding /WinAnsiEncoding
/Subtype /Type1
/Type /Font
>>
/Helvetica-Bold <<
/BaseFont /Helvetica-Bold
/Encoding /WinAnsiEncoding
/Subtype /Type1
/Type /Font
>>
/Helvetica-BoldOblique <<
/BaseFont /Helvetica-BoldOblique
/Encoding /WinAnsiEncoding
/Subtype /Type1
/Type /Font
>>
/Helvetica-Oblique <<
/BaseFont /Helvetica-Oblique
/Encoding /WinAnsiEncoding
/Subtype /Type1
/Type /Font
>>
/Times-Bold <<
/BaseFont /Times-Bold
/Encoding /WinAnsiEncoding
/Subtype /Type1
/Type /Font
>>
/Times-BoldItalic <<
/BaseFont /Times-BoldItalic
/Encoding /WinAnsiEncoding
/Subtype /Type1
/Type /Font
>>
/Times-Italic <<
/BaseFont /Times-Italic
/Encoding /WinAnsiEncoding
/Subtype /Type1
/Type /Font
>>
/Times-Roman <<
/BaseFont /Times-Roman
/Encoding /WinAnsiEncoding
/Subtype /Type1
/Type /Font
>>
>>
endobj
4 0 obj
<<
/Contents 5 0 R
/MediaBox [0 0 595 842]
/Parent 2 0 R
/Resources <<
/Font 204 0 R
>>
/Type /Page
>>
endobj
5 0 obj
<<
/Length 2056
>>
stream
BT
/Helvetica 10 Tf
0.000 g
50.00 790.00 Td
(Invoice benchmark | Page 0001/0100) Tj
ET
BT
/Helvetica 10 Tf
0.000 g
50.00 770.00 Td
(Item 01 | Qty 2 | Unit 12.50 | Total 25.00) Tj
ET
BT
/Helvetica 10 Tf
0.000 g
50.00 750.00 Td
(Item 02 | Qty 2 | Unit 12.50 | Total 25.00) Tj
ET
BT
/Helvetica 10 Tf
0.000 g
50.00 730.00 Td
(Item 03 | Qty 2 | Unit 12.50 | Total 25.00) Tj
ET
BT
/Helvetica 10 Tf
0.000 g
50.00 710.00 Td
(Item 04 | Qty 2 | Unit 12.50 | Total 25.00) Tj
ET
BT
/Helvetica 10 Tf
0.000 g
50.00 690.00 Td
(Item 05 | Qty 2 | Unit 12.50 | Total 25.00) Tj
ET
BT
/Helvetica 10 Tf
0.000 g
50.00 670.00 Td
(Item 06 | Qty 2 | Unit 12.50 | Total 25.00) Tj
ET
BT
/Helvetica 10 Tf
0.000 g
50.00 650.00 Td
(Item 07 | Qty 2 | Unit 12.50 | Total 25.00) Tj
ET
BT
/Helvetica 10 Tf
0.000 g
50.00 630.00 Td
(Item 08 | Qty 2 | Unit 12.50 | Total 25.00) Tj
ET
BT
/Helvetica 10 Tf
0.000 g
50.00 610.00 Td
(Item 09 | Qty 2 | Unit 12.50 | Total 25.00) Tj
ET
BT
/Helvetica 10 Tf
0.000 g
50.00 590.00 Td
(Item 10 | Qty 2 | Unit 12.50 | Total 25.00) Tj
ET
BT
/Helvetica 10 Tf
0.000 g
50.00 570.00 Td
(Item 11 | Qty 2 | Unit 12.50 | Total 25.00) Tj
ET
BT
/Helvetica 10 Tf
0.000 g
50.00 550.00 Td
(Item 12 | Qty 2 | Unit 12.50 | Total 25.00) Tj
ET
BT
/Helvetica 10 Tf
0.000 g
50.00 530.00 Td
(Item 13 | Qty 2 | Unit 12.50 | Total 25.00) Tj
ET
BT
/Helvetica 10 Tf
0.000 g
50.00 510.00 Td
(Item 14 | Qty 2 | Unit 12.50 | Total 25.00) Tj
ET
BT
/Helvetica 10 Tf
0.000 g
50.00 490.00 Td
(Item 15 | Qty 2 | Unit 12.50 | Total 25.00) Tj
ET
BT
/Helvetica 10 Tf
0.000 g
50.00 470.00 Td
(Item 16 | Qty 2 | Unit 12.50 | Total 25.00) Tj
ET
BT
/Helvetica 10 Tf
0.000 g
50.00 450.00 Td
(Item 17 | Qty 2 | Unit 12.50 | Total 25.00) Tj
ET
BT
/Helvetica 10 Tf
0.000 g
50.00 430.00 Td
(Item 18 | Qty 2 | Unit 12.50 | Total 25.00) Tj
ET
BT
/Helvetica 10 Tf
0.000 g
50.00 410.00 Td
(Item 19 | Qty 2 | Unit 12.50 | Total 25.00) Tj
ET
BT
/Helvetica 10 Tf
0.000 g
50.00 390.00 Td
(Item 20 | Qty 2 | Unit 12.50 | Total 25.00) Tj
ET
BT
/Helvetica 10 Tf
0.000 g
50.00 370.00 Td
(TOTAL 500.00 EUR) Tj
ET

endstream
endobj
6 0 obj
<<
/Contents 7 0 R
/MediaBox [0 0 595 842]
/Parent 2 0 R
/Resources <<
/Font 204 0 R
>>
/Type /Page
>>
endobj
7 0 obj
<<
/Length 2056
>>
stream
BT
/Helvetica 10 Tf
0.000 g
50.00 790.00 Td
(Invoice benchmark | Page 0002/0100) Tj
ET
BT
/Helvetica 10 Tf
0.000 g
50.00 770.00 Td
(Item 01 | Qty 2 | Unit 12.50 | Total 25.00) Tj
ET
BT
/Helvetica 10 Tf
0.000 g
50.00 750.00 Td
(Item 02 | Qty 2 | Unit 12.50 | Total 25.00) Tj
ET
BT
/Helvetica 10 Tf
0.000 g
50.00 730.00 Td
(Item 03 | Qty 2 | Unit 12.50 | Total 25.00) Tj
ET
BT
/Helvetica 10 Tf
0.000 g
50.00 710.00 Td
(Item 04 | Qty 2 | Unit 12.50 | Total 25.00) Tj
ET
BT
/Helvetica 10 Tf
0.000 g
50.00 690.00 Td
(Item 05 | Qty 2 | Unit 12.50 | Total 25.00) Tj
ET
BT
/Helvetica 10 Tf
0.000 g
50.00 670.00 Td
(Item 06 | Qty 2 | Unit 12.50 | Total 25.00) Tj
ET
BT
/Helvetica 10 Tf
0.000 g
50.00 650.00 Td
(Item 07 | Qty 2 | Unit 12.50 | Total 25.00) Tj
ET
BT
/Helvetica 10 Tf
0.000 g
50.00 630.00 Td
(Item 08 | Qty 2 | Unit 12.50 | Total 25.00) Tj
ET
BT
/Helvetica 10 Tf
0.000 g
50.00 610.00 Td
(Item 09 | Qty 2 | Unit 12.50 | Total 25.00) Tj
ET
BT
/Helvetica 10 Tf
0.000 g
50.00 590.00 Td
(Item 10 | Qty 2 | Unit 12.50 | Total 25.00) Tj
ET
BT
/Helvetica 10 Tf
0.000 g
50.00 570.00 Td
(Item 11 | Qty 2 | Unit 12.50 | Total 25.00) Tj
ET
BT
/Helvetica 10 Tf
0.000 g
50.00 550.00 Td
(Item 12 | Qty 2 | Unit 12.50 | Total 25.00) Tj
ET
BT
/Helvetica 10 Tf
0.000 g
50.00 530.00 Td
(Item 13 | Qty 2 | Unit 12.50 | Total 25.00) Tj
ET
BT
/Helvetica 10 Tf
0.000 g
50.00 510.00 Td
(Item 14 | Qty 2 | Unit 12.50 | Total 25.00) Tj
ET
BT
/Helvetica 10 Tf
0.000 g
50.00 490.00 Td
(Item 15 | Qty 2 | Unit 12.50 | Total 25.00) Tj
ET
BT
/Helvetica 10 Tf
0.000 g
50.00 470.00 Td
(Item 16 | Qty 2 | Unit 12.50 | Total 25.00) Tj
ET
BT
/Helvetica 10 Tf
0.000 g
50.00 450.00 Td
(Item 17 | Qty 2 | Unit 12.50 | Total 25.00) Tj
ET
BT
/Helvetica 10 Tf
0.000 g
50.00 430.00 Td
(Item 18 | Qty 2 | Unit 12.50 | Total 25.00) Tj
ET
BT
/Helvetica 10 Tf
0.000 g
50.00 410.00 Td
(Item 19 | Qty 2 | Unit 12.50 | Total 25.00) Tj
ET
BT
/Helvetica 10 Tf
0.000 g
50.00 390.00 Td
(Item 20 | Qty 2 | Unit 12.50 | Total 25.00) Tj
ET
BT
/Helvetica 10 Tf
0.000 g
50.00 370.00 Td
(TOTAL 500.00 EUR) Tj
ET

endstream
endobj
8 0 obj
<<
/Contents 9 0 R
/MediaBox [0 0 595 842]
/Parent 2 0 R
/Resources <<
/Font 204 0 R
>>
/Type /Page
>>
endobj
9 0 obj
<<
/Length 2056
>>
stream
BT
/Helvetica 10 Tf
0.000 g
50.00 790.00 Td
(Invoice benchmark | Page 0003/0100) Tj
ET
BT
/Helvetica 10 Tf
0.000 g
50.00 770.00 Td
(Item 01 | Qty 2 | Unit 12.50 | Total 25.00) Tj
ET
BT
/Helvetica 10 Tf
0.000 g
50.00 750.00 Td
(Item 02 | Qty 2 | Unit 12.50 | Total 25.00) Tj
ET
BT
/Helvetica 10 Tf
0.000 g
50.00 730.00 Td
(Item 03 | Qty 2 | Unit 12.50 | Total 25.00) Tj
ET
BT
/Helvetica 10 Tf
0.000 g
50.00 710.00 Td
(Item 04 | Qty 2 | Unit 12.50 | Total 25.00) Tj
ET
BT
/Helvetica 10 Tf
0.000 g
50.00 690.00 Td
(Item 05 | Qty 2 | Unit 12.50 | Total 25.00) Tj
ET
BT
/Helvetica 10 Tf
0.000 g
50.00 670.00 Td
(Item 06 | Qty 2 | Unit 12.50 | Total 25.00) Tj
ET
BT
/Helvetica 10 Tf
0.000 g
50.00 650.00 Td
(Item 07 | Qty 2 | Unit 12.50 | Total 25.00) Tj
ET
BT
/Helvetica 10 Tf
0.000 g
50.00 630.00 Td
(Item 08 | Qty 2 | Unit 12.50 | Total 25.00) Tj
ET
BT
/Helvetica 10 Tf
0.000 g
50.00 610.00 Td
(Item 09 | Qty 2 | Unit 12.50 | Total 25.00) Tj
ET
BT
/Helvetica 10 Tf
0.000 g
50.00 590.00 Td
(Item 10 | Qty 2 | Unit 12.50 | Total 25.00) Tj
ET
BT
/Helvetica 10 Tf
0.000 g
50.00 570.00 Td
(Item 11 | Qty 2 | Unit 12.50 | Total 25.00) Tj
ET
BT
/Helvetica 10 Tf
0.000 g
50.00 550.00 Td
(Item 12 | Qty 2 | Unit 12.50 | Total 25.00) Tj
ET
BT
/Helvetica 10 Tf
0.000 g
50.00 530.00 Td
(Item 13 | Qty 2 | Unit 12.50 | Total 25.00) Tj
ET
BT
/Helvetica 10 Tf
0.000 g
50.00 510.00 Td
(Item 14 | Qty 2 | Unit 12.50 | Total 25.00) Tj
ET
BT
/Helvetica 10 Tf
0.000 g
50.00 490.00 Td
(Item 15 | Qty 2 | Unit 12.50 | Total 25.00) Tj
ET
BT
/Helvetica 10 Tf
0.000 g
50.00 470.00 Td
(Item 16 | Qty 2 | Unit 12.50 | Total 25.00) Tj
ET
BT
/Helvetica 10 Tf
0.000 g
50.00 450.00 Td
(Item 17 | Qty 2 | Unit 12.50 | Total 25.00) Tj
ET
BT
/Helvetica 10 Tf
0.000 g
50.00 430.00 Td
(Item 18 | Qty 2 | Unit 12.50 | Total 25.00) Tj
ET
BT
/Helvetica 10 Tf
0.000 g
50.00 410.00 Td
(Item 19 | Qty 2 | Unit 12.50 | Total 25.00) Tj
ET
BT
/Helvetica 10 Tf
0.000 g
50.00 390.00 Td
(Item 20 | Qty 2 | Unit 12.50 | Total 25.00) Tj
ET
BT
/Helvetica 10 Tf
0.000 g
50.00 370.00 Td
(TOTAL 500.00 EUR) Tj
ET

endstream
endobj
10 0 obj
<<
/Contents 11 0 R
/MediaBox [0 0 595 842]
/Parent 2 0 R
/Resources <<
/Font 204 0 R
>>
/Type /Page
>>
endobj
11 0 obj
<<
/Length 2056
>>
stream
BT
/Helvetica 10 Tf
0.000 g
50.00 790.00 Td
(Invoice benchmark | Page 0004/0100) Tj
ET
BT
/Helvetica 10 Tf
0.000 g
50.00 770.00 Td
(Item 01 | Qty 2 | Unit 12.50 | Total 25.00) Tj
ET
BT
/Helvetica 10 Tf
0.000 g
50.00 750.00 Td
(Item 02 | Qty 2 | Unit 12.50 | Total 25.00) Tj
ET
BT
/Helvetica 10 Tf
0.000 g
50.00 730.00 Td
(Item 03 | Qty 2 | Unit 12.50 | Total 25.00) Tj
ET
BT
/Helvetica 10 Tf
0.000 g
50.00 710.00 Td
(Item 04 | Qty 2 | Unit 12.50 | Total 25.00) Tj
ET
BT
/Helvetica 10 Tf
0.000 g
50.00 690.00 Td
(Item 05 | Qty 2 | Unit 12.50 | Total 25.00) Tj
ET
BT
/Helvetica 10 Tf
0.000 g
50.00 670.00 Td
(Item 06 | Qty 2 | Unit 12.50 | Total 25.00) Tj
ET
BT
/Helvetica 10 Tf
0.000 g
50.00 650.00 Td
(Item 07 | Qty 2 | Unit 12.50 | Total 25.00) Tj
ET
BT
/Helvetica 10 Tf
0.000 g
50.00 630.00 Td
(Item 08 | Qty 2 | Unit 12.50 | Total 25.00) Tj
ET
BT
/Helvetica 10 Tf
0.000 g
50.00 610.00 Td
(Item 09 | Qty 2 | Unit 12.50 | Total 25.00) Tj
ET
BT
/Helvetica 10 Tf
0.000 g
50.00 590.00 Td
(Item 10 | Qty 2 | Unit 12.50 | Total 25.00) Tj
ET
BT
/Helvetica 10 Tf
0.000 g
50.00 570.00 Td
(Item 11 | Qty 2 | Unit 12.50 | Total 25.00) Tj
ET
BT
/Helvetica 10 Tf
0.000 g
50.00 550.00 Td
(Item 12 | Qty 2 | Unit 12.50 | Total 25.00) Tj
ET
BT
/Helvetica 10 Tf
0.000 g
50.00 530.00 Td
(Item 13 | Qty 2 | Unit 12.50 | Total 25.00) Tj
ET
BT
/Helvetica 10 Tf
0.000 g
50.00 510.00 Td
(Item 14 | Qty 2 | Unit 12.50 | Total 25.00) Tj
ET
BT
/Helvetica 10 Tf
0.000 g
50.00 490.00 Td
(Item 15 | Qty 2 | Unit 12.50 | Total 25.00) Tj
ET
BT
/Helvetica 10 Tf
0.000 g
50.00 470.00 Td
(Item 16 | Qty 2 | Unit 12.50 | Total 25.00) Tj
ET
BT
/Helvetica 10 Tf
0.000 g
50.00 450.00 Td
(Item 17 | Qty 2 | Unit 12.50 | Total 25.00) Tj
ET
BT
/Helvetica 10 Tf
0.000 g
50.00 430.00 Td
(Item 18 | Qty 2 | Unit 12.50 | Total 25.00) Tj
ET
BT
/Helvetica 10 Tf
0.000 g
50.00 410.00 Td
(Item 19 | Qty 2 | Unit 12.50 | Total 25.00) Tj
ET
BT
/Helvetica 10 Tf
0.000 g
50.00 390.00 Td
(Item 20 | Qty 2 | Unit 12.50 | Total 25.00) Tj
ET
BT
/Helvetica 10 Tf
0.000 g
50.00 370.00 Td
(TOTAL 500.00 EUR) Tj
ET

endstream
endobj
12 0 obj
<<
/Contents 13 0 R
/MediaBox [0 0 595 842]
/Parent 2 0 R
/Resources <<
/Font 204 0 R
>>
/Type /Page
>>
endobj
13 0 obj
<<
/Length 2056
>>
stream
BT
/Helvetica 10 Tf
0.000 g
50.00 790.00 Td
(Invoice benchmark | Page 0005/0100) Tj
ET
BT
/Helvetica 10 Tf
0.000 g
50.00 770.00 Td
(Item 01 | Qty 2 | Unit 12.50 | Total 25.00) Tj
ET
BT
/Helvetica 10 Tf
0.000 g
50.00 750.00 Td
(Item 02 | Qty 2 | Unit 12.50 | Total 25.00) Tj
ET
BT
/Helvetica 10 Tf
0.000 g
50.00 730.00 Td
(Item 03 | Qty 2 | Unit 12.50 | Total 25.00) Tj
ET
BT
/Helvetica 10 Tf
0.000 g
50.00 710.00 Td
(Item 04 | Qty 2 | Unit 12.50 | Total 25.00) Tj
ET
BT
/Helvetica 10 Tf
0.000 g
50.00 690.00 Td
(Item 05 | Qty 2 | Unit 12.50 | Total 25.00) Tj
ET
BT
/Helvetica 10 Tf
0.000 g
50.00 670.00 Td
(Item 06 | Qty 2 | Unit 12.50 | Total 25.00) Tj
ET
BT
/Helvetica 10 Tf
0.000 g
50.00 650.00 Td
(Item 07 | Qty 2 | Unit 12.50 | Total 25.00) Tj
ET
BT
/Helvetica 10 Tf
0.000 g
50.00 630.00 Td
(Item 08 | Qty 2 | Unit 12.50 | Total 25.00) Tj
ET
BT
/Helvetica 10 Tf
0.000 g
50.00 610.00 Td
(Item 09 | Qty 2 | Unit 12.50 | Total 25.00) Tj
ET
BT
/Helvetica 10 Tf
0.000 g
50.00 590.00 Td
(Item 10 | Qty 2 | Unit 12.50 | Total 25.00) Tj
ET
BT
/Helvetica 10 Tf
0.000 g
50.00 570.00 Td
(Item 11 | Qty 2 | Unit 12.50 | Total 25.00) Tj
ET
BT
/Helvetica 10 Tf
0.000 g
50.00 550.00 Td
(Item 12 | Qty 2 | Unit 12.50 | Total 25.00) Tj
ET
BT
/Helvetica 10 Tf
0.000 g
50.00 530.00 Td
(Item 13 | Qty 2 | Unit 12.50 | Total 25.00) Tj
ET
BT
/Helvetica 10 Tf
0.000 g
50.00 510.00 Td
(Item 14 | Qty 2 | Unit 12.50 | Total 25.00) Tj
ET
BT
/Helvetica 10 Tf
0.000 g
50.00 490.00 Td
(Item 15 | Qty 2 | Unit 12.50 | Total 25.00) Tj
ET
BT
/Helvetica 10 Tf
0.000 g
50.00 470.00 Td
(Item 16 | Qty 2 | Unit 12.50 | Total 25.00) Tj
ET
BT
/Helvetica 10 Tf
0.000 g
50.00 450.00 Td
(Item 17 | Qty 2 | Unit 12.50 | Total 25.00) Tj
ET
BT
/Helvetica 10 Tf
0.000 g
50.00 430.00 Td
(Item 18 | Qty 2 | Unit 12.50 | Total 25.00) Tj
ET
BT
/Helvetica 10 Tf
0.000 g
50.00 410.00 Td
(Item 19 | Qty 2 | Unit 12.50 | Total 25.00) Tj
ET
BT
/Helvetica 10 Tf
0.000 g
50.00 390.00 Td
(Item 20 | Qty 2 | Unit 12.50 | Total 25.00) Tj
ET
BT
/Helvetica 10 Tf
0.000 g
50.00 370.00 Td
(TOTAL 500.00 EUR) Tj
ET

endstream
endobj
14 0 obj
<<
/Contents 15 0 R
/MediaBox [0 0 595 842]
/Parent 2 0 R
/Resources <<
/Font 204 0 R
>>
/Type /Page
>>
endobj
15 0 obj
<<
/Length 2056
>>
stream
BT
/Helvetica 10 Tf
0.000 g
50.00 790.00 Td
(Invoice benchmark | Page 0006/0100) Tj
ET
BT
/Helvetica 10 Tf
0.000 g
50.00 770.00 Td
(Item 01 | Qty 2 | Unit 12.50 | Total 25.00) Tj
ET
BT
/Helvetica 10 Tf
0.000 g
50.00 750.00 Td
(Item 02 | Qty 2 | Unit 12.50 | Total 25.00) Tj
ET
BT
/Helvetica 10 Tf
0.000 g
50.00 730.00 Td
(Item 03 | Qty 2 | Unit 12.50 | Total 25.00) Tj
ET
BT
/Helvetica 10 Tf
0.000 g
50.00 710.00 Td
(Item 04 | Qty 2 | Unit 12.50 | Total 25.00) Tj
ET
BT
/Helvetica 10 Tf
0.000 g
50.00 690.00 Td
(Item 05 | Qty 2 | Unit 12.50 | Total 25.00) Tj
ET
BT
/Helvetica 10 Tf
0.000 g
50.00 670.00 Td
(Item 06 | Qty 2 | Unit 12.50 | Total 25.00) Tj
ET
BT
/Helvetica 10 Tf
0.000 g
50.00 650.00 Td
(Item 07 | Qty 2 | Unit 12.50 | Total 25.00) Tj
ET
BT
/Helvetica 10 Tf
0.000 g
50.00 630.00 Td
(Item 08 | Qty 2 | Unit 12.50 | Total 25.00) Tj
ET
BT
/Helvetica 10 Tf
0.000 g
50.00 610.00 Td
(Item 09 | Qty 2 | Unit 12.50 | Total 25.00) Tj
ET
BT
/Helvetica 10 Tf
0.000 g
50.00 590.00 Td
(Item 10 | Qty 2 | Unit 12.50 | Total 25.00) Tj
ET
BT
/Helvetica 10 Tf
0.000 g
50.00 570.00 Td
(Item 11 | Qty 2 | Unit 12.50 | Total 25.00) Tj
ET
BT
/Helvetica 10 Tf
0.000 g
50.00 550.00 Td
(Item 12 | Qty 2 | Unit 12.50 | Total 25.00) Tj
ET
BT
/Helvetica 10 Tf
0.000 g
50.00 530.00 Td
(Item 13 | Qty 2 | Unit 12.50 | Total 25.00) Tj
ET
BT
/Helvetica 10 Tf
0.000 g
50.00 510.00 Td
(Item 14 | Qty 2 | Unit 12.50 | Total 25.00) Tj
ET
BT
/Helvetica 10 Tf
0.000 g
50.00 490.00 Td
(Item 15 | Qty 2 | Unit 12.50 | Total 25.00) Tj
ET
BT
/Helvetica 10 Tf
0.000 g
50.00 470.00 Td
(Item 16 | Qty 2 | Unit 12.50 | Total 25.00) Tj
ET
BT
/Helvetica 10 Tf
0.000 g
50.00 450.00 Td
(Item 17 | Qty 2 | Unit 12.50 | Total 25.00) Tj
ET
BT
/Helvetica 10 Tf
0.000 g
50.00 430.00 Td
(Item 18 | Qty 2 | Unit 12.50 | Total 25.00) Tj
ET
BT
/Helvetica 10 Tf
0.000 g
50.00 410.00 Td
(Item 19 | Qty 2 | Unit 12.50 | Total 25.00) Tj
ET
BT
/Helvetica 10 Tf
0.000 g
50.00 390.00 Td
(Item 20 | Qty 2 | Unit 12.50 | Total 25.00) Tj
ET
BT
/Helvetica 10 Tf
0.000 g
50.00 370.00 Td
(TOTAL 500.00 EUR) Tj
ET

endstream
endobj
16 0 obj
<<
/Contents 17 0 R
/MediaBox [0 0 595 842]
/Parent 2 0 R
/Resources <<
/Font 204 0 R
>>
/Type /Page
>>
endobj
17 0 obj
<<
/Length 2056
>>
stream
BT
/Helvetica 10 Tf
0.000 g
50.00 790.00 Td
(Invoice benchmark | Page 0007/0100) Tj
ET
BT
/Helvetica 10 Tf
0.000 g
50.00 770.00 Td
(Item 01 | Qty 2 | Unit 12.50 | Total 25.00) Tj
ET
BT
/Helvetica 10 Tf
0.000 g
50.00 750.00 Td
(Item 02 | Qty 2 | Unit 12.50 | Total 25.00) Tj
ET
BT
/Helvetica 10 Tf
0.000 g
50.00 730.00 Td
(Item 03 | Qty 2 | Unit 12.50 | Total 25.00) Tj
ET
BT
/Helvetica 10 Tf
0.000 g
50.00 710.00 Td
(Item 04 | Qty 2 | Unit 12.50 | Total 25.00) Tj
ET
BT
/Helvetica 10 Tf
0.000 g
50.00 690.00 Td
(Item 05 | Qty 2 | Unit 12.50 | Total 25.00) Tj
ET
BT
/Helvetica 10 Tf
0.000 g
50.00 670.00 Td
(Item 06 | Qty 2 | Unit 12.50 | Total 25.00) Tj
ET
BT
/Helvetica 10 Tf
0.000 g
50.00 650.00 Td
(Item 07 | Qty 2 | Unit 12.50 | Total 25.00) Tj
ET
BT
/Helvetica 10 Tf
0.000 g
50.00 630.00 Td
(Item 08 | Qty 2 | Unit 12.50 | Total 25.00) Tj
ET
BT
/Helvetica 10 Tf
0.000 g
50.00 610.00 Td
(Item 09 | Qty 2 | Unit 12.50 | Total 25.00) Tj
ET
BT
/Helvetica 10 Tf
0.000 g
50.00 590.00 Td
(Item 10 | Qty 2 | Unit 12.50 | Total 25.00) Tj
ET
BT
/Helvetica 10 Tf
0.000 g
50.00 570.00 Td
(Item 11 | Qty 2 | Unit 12.50 | Total 25.00) Tj
ET
BT
/Helvetica 10 Tf
0.000 g
50.00 550.00 Td
(Item 12 | Qty 2 | Unit 12.50 | Total 25.00) Tj
ET
BT
/Helvetica 10 Tf
0.000 g
50.00 530.00 Td
(Item 13 | Qty 2 | Unit 12.50 | Total 25.00) Tj
ET
BT
/Helvetica 10 Tf
0.000 g
50.00 510.00 Td
(Item 14 | Qty 2 | Unit 12.50 | Total 25.00) Tj
ET
BT
/Helvetica 10 Tf
0.000 g
50.00 490.00 Td
(Item 15 | Qty 2 | Unit 12.50 | Total 25.00) Tj
ET
BT
/Helvetica 10 Tf
0.000 g
50.00 470.00 Td
(Item 16 | Qty 2 | Unit 12.50 | Total 25.00) Tj
ET
BT
/Helvetica 10 Tf
0.000 g
50.00 450.00 Td
(Item 17 | Qty 2 | Unit 12.50 | Total 25.00) Tj
ET
BT
/Helvetica 10 Tf
0.000 g
50.00 430.00 Td
(Item 18 | Qty 2 | Unit 12.50 | Total 25.00) Tj
ET
BT
/Helvetica 10 Tf
0.000 g
50.00 410.00 Td
(Item 19 | Qty 2 | Unit 12.50 | Total 25.00) Tj
ET
BT
/Helvetica 10 Tf
0.000 g
50.00 390.00 Td
(Item 20 | Qty 2 | Unit 12.50 | Total 25.00) Tj
ET
BT
/Helvetica 10 Tf
0.000 g
50.00 370.00 Td
(TOTAL 500.00 EUR) Tj
ET

endstream
endobj
18 0 obj
<<
/Contents 19 0 R
/MediaBox [0 0 595 842]
/Parent 2 0 R
/Resources <<
/Font 204 0 R
>>
/Type /Page
>>
endobj
19 0 obj
<<
/Length 2056
>>
stream
BT
/Helvetica 10 Tf
0.000 g
50.00 790.00 Td
(Invoice benchmark | Page 0008/0100) Tj
ET
BT
/Helvetica 10 Tf
0.000 g
50.00 770.00 Td
(Item 01 | Qty 2 | Unit 12.50 | Total 25.00) Tj
ET
BT
/Helvetica 10 Tf
0.000 g
50.00 750.00 Td
(Item 02 | Qty 2 | Unit 12.50 | Total 25.00) Tj
ET
BT
/Helvetica 10 Tf
0.000 g
50.00 730.00 Td
(Item 03 | Qty 2 | Unit 12.50 | Total 25.00) Tj
ET
BT
/Helvetica 10 Tf
0.000 g
50.00 710.00 Td
(Item 04 | Qty 2 | Unit 12.50 | Total 25.00) Tj
ET
BT
/Helvetica 10 Tf
0.000 g
50.00 690.00 Td
(Item 05 | Qty 2 | Unit 12.50 | Total 25.00) Tj
ET
BT
/Helvetica 10 Tf
0.000 g
50.00 670.00 Td
(Item 06 | Qty 2 | Unit 12.50 | Total 25.00) Tj
ET
BT
/Helvetica 10 Tf
0.000 g
50.00 650.00 Td
(Item 07 | Qty 2 | Unit 12.50 | Total 25.00) Tj
ET
BT
/Helvetica 10 Tf
0.000 g
50.00 630.00 Td
(Item 08 | Qty 2 | Unit 12.50 | Total 25.00) Tj
ET
BT
/Helvetica 10 Tf
0.000 g
50.00 610.00 Td
(Item 09 | Qty 2 | Unit 12.50 | Total 25.00) Tj
ET
BT
/Helvetica 10 Tf
0.000 g
50.00 590.00 Td
(Item 10 | Qty 2 | Unit 12.50 | Total 25.00) Tj
ET
BT
/Helvetica 10 Tf
0.000 g
50.00 570.00 Td
(Item 11 | Qty 2 | Unit 12.50 | Total 25.00) Tj
ET
BT
/Helvetica 10 Tf
0.000 g
50.00 550.00 Td
(Item 12 | Qty 2 | Unit 12.50 | Total 25.00) Tj
ET
BT
/Helvetica 10 Tf
0.000 g
50.00 530.00 Td
(Item 13 | Qty 2 | Unit 12.50 | Total 25.00) Tj
ET
BT
/Helvetica 10 Tf
0.000 g
50.00 510.00 Td
(Item 14 | Qty 2 | Unit 12.50 | Total 25.00) Tj
ET
BT
/Helvetica 10 Tf
0.000 g
50.00 490.00 Td
(Item 15 | Qty 2 | Unit 12.50 | Total 25.00) Tj
ET
BT
/Helvetica 10 Tf
0.000 g
50.00 470.00 Td
(Item 16 | Qty 2 | Unit 12.50 | Total 25.00) Tj
ET
BT
/Helvetica 10 Tf
0.000 g
50.00 450.00 Td
(Item 17 | Qty 2 | Unit 12.50 | Total 25.00) Tj
ET
BT
/Helvetica 10 Tf
0.000 g
50.00 430.00 Td
(Item 18 | Qty 2 | Unit 12.50 | Total 25.00) Tj
ET
BT
/Helvetica 10 Tf
0.000 g
50.00 410.00 Td
(Item 19 | Qty 2 | Unit 12.50 | Total 25.00) Tj
ET
BT
/Helvetica 10 Tf
0.000 g
50.00 390.00 Td
(Item 20 | Qty 2 | Unit 12.50 | Total 25.00) Tj
ET
BT
/Helvetica 10 Tf
0.000 g
50.00 370.00 Td
(TOTAL 500.00 EUR) Tj
ET

endstream
endobj
20 0 obj
<<
/Contents 21 0 R
/MediaBox [0 0 595 842]
/Parent 2 0 R
/Resources <<
/Font 204 0 R
>>
/Type /Page
>>
endobj
21 0 obj
<<
/Length 2056
>>
stream
BT
/Helvetica 10 Tf
0.000 g
50.00 790.00 Td
(Invoice benchmark | Page 0009/0100) Tj
ET
BT
/Helvetica 10 Tf
0.000 g
50.00 770.00 Td
(Item 01 | Qty 2 | Unit 12.50 | Total 25.00) Tj
ET
BT
/Helvetica 10 Tf
0.000 g
50.00 750.00 Td
(Item 02 | Qty 2 | Unit 12.50 | Total 25.00) Tj
ET
BT
/Helvetica 10 Tf
0.000 g
50.00 730.00 Td
(Item 03 | Qty 2 | Unit 12.50 | Total 25.00) Tj
ET
BT
/Helvetica 10 Tf
0.000 g
50.00 710.00 Td
(Item 04 | Qty 2 | Unit 12.50 | Total 25.00) Tj
ET
BT
/Helvetica 10 Tf
0.000 g
50.00 690.00 Td
(Item 05 | Qty 2 | Unit 12.50 | Total 25.00) Tj
ET
BT
/Helvetica 10 Tf
0.000 g
50.00 670.00 Td
(Item 06 | Qty 2 | Unit 12.50 | Total 25.00) Tj
ET
BT
/Helvetica 10 Tf
0.000 g
50.00 650.00 Td
(Item 07 | Qty 2 | Unit 12.50 | Total 25.00) Tj
ET
BT
/Helvetica 10 Tf
0.000 g
50.00 630.00 Td
(Item 08 | Qty 2 | Unit 12.50 | Total 25.00) Tj
ET
BT
/Helvetica 10 Tf
0.000 g
50.00 610.00 Td
(Item 09 | Qty 2 | Unit 12.50 | Total 25.00) Tj
ET
BT
/Helvetica 10 Tf
0.000 g
50.00 590.00 Td
(Item 10 | Qty 2 | Unit 12.50 | Total 25.00) Tj
ET
BT
/Helvetica 10 Tf
0.000 g
50.00 570.00 Td
(Item 11 | Qty 2 | Unit 12.50 | Total 25.00) Tj
ET
BT
/Helvetica 10 Tf
0.000 g
50.00 550.00 Td
(Item 12 | Qty 2 | Unit 12.50 | Total 25.00) Tj
ET
BT
/Helvetica 10 Tf
0.000 g
50.00 530.00 Td
(Item 13 | Qty 2 | Unit 12.50 | Total 25.00) Tj
ET
BT
/Helvetica 10 Tf
0.000 g
50.00 510.00 Td
(Item 14 | Qty 2 | Unit 12.50 | Total 25.00) Tj
ET
BT
/Helvetica 10 Tf
0.000 g
50.00 490.00 Td
(Item 15 | Qty 2 | Unit 12.50 | Total 25.00) Tj
ET
BT
/Helvetica 10 Tf
0.000 g
50.00 470.00 Td
(Item 16 | Qty 2 | Unit 12.50 | Total 25.00) Tj
ET
BT
/Helvetica 10 Tf
0.000 g
50.00 450.00 Td
(Item 17 | Qty 2 | Unit 12.50 | Total 25.00) Tj
ET
BT
/Helvetica 10 Tf
0.000 g
50.00 430.00 Td
(Item 18 | Qty 2 | Unit 12.50 | Total 25.00) Tj
ET
BT
/Helvetica 10 Tf
0.000 g
50.00 410.00 Td
(Item 19 | Qty 2 | Unit 12.50 | Total 25.00) Tj
ET
BT
/Helvetica 10 Tf
0.000 g
50.00 390.00 Td
(Item 20 | Qty 2 | Unit 12.50 | Total 25.00) Tj
ET
BT
/Helvetica 10 Tf
0.000 g
50.00 370.00 Td
(TOTAL 500.00 EUR) Tj
ET

endstream
endobj
22 0 obj
<<
/Contents 23 0 R
/MediaBox [0 0 595 842]
/Parent 2 0 R
/Resources <<
/Font 204 0 R
>>
/Type /Page
>>
endobj
23 0 obj
<<
/Length 2056
>>
stream
BT
/Helvetica 10 Tf
0.000 g
50.00 790.00 Td
(Invoice benchmark | Page 0010/0100) Tj
ET
BT
/Helvetica 10 Tf
0.000 g
50.00 770.00 Td
(Item 01 | Qty 2 | Unit 12.50 | Total 25.00) Tj
ET
BT
/Helvetica 10 Tf
0.000 g
50.00 750.00 Td
(Item 02 | Qty 2 | Unit 12.50 | Total 25.00) Tj
ET
BT
/Helvetica 10 Tf
0.000 g
50.00 730.00 Td
(Item 03 | Qty 2 | Unit 12.50 | Total 25.00) Tj
ET
BT
/Helvetica 10 Tf
0.000 g
50.00 710.00 Td
(Item 04 | Qty 2 | Unit 12.50 | Total 25.00) Tj
ET
BT
/Helvetica 10 Tf
0.000 g
50.00 690.00 Td
(Item 05 | Qty 2 | Unit 12.50 | Total 25.00) Tj
ET
BT
/Helvetica 10 Tf
0.000 g
50.00 670.00 Td
(Item 06 | Qty 2 | Unit 12.50 | Total 25.00) Tj
ET
BT
/Helvetica 10 Tf
0.000 g
50.00 650.00 Td
(Item 07 | Qty 2 | Unit 12.50 | Total 25.00) Tj
ET
BT
/Helvetica 10 Tf
0.000 g
50.00 630.00 Td
(Item 08 | Qty 2 | Unit 12.50 | Total 25.00) Tj
ET
BT
/Helvetica 10 Tf
0.000 g
50.00 610.00 Td
(Item 09 | Qty 2 | Unit 12.50 | Total 25.00) Tj
ET
BT
/Helvetica 10 Tf
0.000 g
50.00 590.00 Td
(Item 10 | Qty 2 | Unit 12.50 | Total 25.00) Tj
ET
BT
/Helvetica 10 Tf
0.000 g
50.00 570.00 Td
(Item 11 | Qty 2 | Unit 12.50 | Total 25.00) Tj
ET
BT
/Helvetica 10 Tf
0.000 g
50.00 550.00 Td
(Item 12 | Qty 2 | Unit 12.50 | Total 25.00) Tj
ET
BT
/Helvetica 10 Tf
0.000 g
50.00 530.00 Td
(Item 13 | Qty 2 | Unit 12.50 | Total 25.00) Tj
ET
BT
/Helvetica 10 Tf
0.000 g
50.00 510.00 Td
(Item 14 | Qty 2 | Unit 12.50 | Total 25.00) Tj
ET
BT
/Helvetica 10 Tf
0.000 g
50.00 490.00 Td
(Item 15 | Qty 2 | Unit 12.50 | Total 25.00) Tj
ET
BT
/Helvetica 10 Tf
0.000 g
50.00 470.00 Td
(Item 16 | Qty 2 | Unit 12.50 | Total 25.00) Tj
ET
BT
/Helvetica 10 Tf
0.000 g
50.00 450.00 Td
(Item 17 | Qty 2 | Unit 12.50 | Total 25.00) Tj
ET
BT
/Helvetica 10 Tf
0.000 g
50.00 430.00 Td
(Item 18 | Qty 2 | Unit 12.50 | Total 25.00) Tj
ET
BT
/Helvetica 10 Tf
0.000 g
50.00 410.00 Td
(Item 19 | Qty 2 | Unit 12.50 | Total 25.00) Tj
ET
BT
/Helvetica 10 Tf
0.000 g
50.00 390.00 Td
(Item 20 | Qty 2 | Unit 12.50 | Total 25.00) Tj
ET
BT
/Helvetica 10 Tf
0.000 g
50.00 370.00 Td
(TOTAL 500.00 EUR) Tj
ET

endstream
endobj
24 0 obj
<<
/Contents 25 0 R
/MediaBox [0 0 595 842]
/Parent 2 0 R
/Resources <<
/Font 204 0 R
>>
/Type /Page
>>
endobj
25 0 obj
<<
/Length 2056
>>
stream
BT
/Helvetica 10 Tf
0.000 g
50.00 790.00 Td
(Invoice benchmark | Page 0011/0100) Tj
ET
BT
/Helvetica 10 Tf
0.000 g
50.00 770.00 Td
(Item 01 | Qty 2 | Unit 12.50 | Total 25.00) Tj
ET
BT
/Helvetica 10 Tf
0.000 g
50.00 750.00 Td
(Item 02 | Qty 2 | Unit 12.50 | Total 25.00) Tj
ET
BT
/Helvetica 10 Tf
0.000 g
50.00 730.00 Td
(Item 03 | Qty 2 | Unit 12.50 | Total 25.00) Tj
ET
BT
/Helvetica 10 Tf
0.000 g
50.00 710.00 Td
(Item 04 | Qty 2 | Unit 12.50 | Total 25.00) Tj
ET
BT
/Helvetica 10 Tf
0.000 g
50.00 690.00 Td
(Item 05 | Qty 2 | Unit 12.50 | Total 25.00) Tj
ET
BT
/Helvetica 10 Tf
0.000 g
50.00 670.00 Td
(Item 06 | Qty 2 | Unit 12.50 | Total 25.00) Tj
ET
BT
/Helvetica 10 Tf
0.000 g
50.00 650.00 Td
(Item 07 | Qty 2 | Unit 12.50 | Total 25.00) Tj
ET
BT
/Helvetica 10 Tf
0.000 g
50.00 630.00 Td
(Item 08 | Qty 2 | Unit 12.50 | Total 25.00) Tj
ET
BT
/Helvetica 10 Tf
0.000 g
50.00 610.00 Td
(Item 09 | Qty 2 | Unit 12.50 | Total 25.00) Tj
ET
BT
/Helvetica 10 Tf
0.000 g
50.00 590.00 Td
(Item 10 | Qty 2 | Unit 12.50 | Total 25.00) Tj
ET
BT
/Helvetica 10 Tf
0.000 g
50.00 570.00 Td
(Item 11 | Qty 2 | Unit 12.50 | Total 25.00) Tj
ET
BT
/Helvetica 10 Tf
0.000 g
50.00 550.00 Td
(Item 12 | Qty 2 | Unit 12.50 | Total 25.00) Tj
ET
BT
/Helvetica 10 Tf
0.000 g
50.00 530.00 Td
(Item 13 | Qty 2 | Unit 12.50 | Total 25.00) Tj
ET
BT
/Helvetica 10 Tf
0.000 g
50.00 510.00 Td
(Item 14 | Qty 2 | Unit 12.50 | Total 25.00) Tj
ET
BT
/Helvetica 10 Tf
0.000 g
50.00 490.00 Td
(Item 15 | Qty 2 | Unit 12.50 | Total 25.00) Tj
ET
BT
/Helvetica 10 Tf
0.000 g
50.00 470.00 Td
(Item 16 | Qty 2 | Unit 12.50 | Total 25.00) Tj
ET
BT
/Helvetica 10 Tf
0.000 g
50.00 450.00 Td
(Item 17 | Qty 2 | Unit 12.50 | Total 25.00) Tj
ET
BT
/Helvetica 10 Tf
0.000 g
50.00 430.00 Td
(Item 18 | Qty 2 | Unit 12.50 | Total 25.00) Tj
ET
BT
/Helvetica 10 Tf
0.000 g
50.00 410.00 Td
(Item 19 | Qty 2 | Unit 12.50 | Total 25.00) Tj
ET
BT
/Helvetica 10 Tf
0.000 g
50.00 390.00 Td
(Item 20 | Qty 2 | Unit 12.50 | Total 25.00) Tj
ET
BT
/Helvetica 10 Tf
0.000 g
50.00 370.00 Td
(TOTAL 500.00 EUR) Tj
ET

endstream
endobj
26 0 obj
<<
/Contents 27 0 R
/MediaBox [0 0 595 842]
/Parent 2 0 R
/Resources <<
/Font 204 0 R
>>
/Type /Page
>>
endobj
27 0 obj
<<
/Length 2056
>>
stream
BT
/Helvetica 10 Tf
0.000 g
50.00 790.00 Td
(Invoice benchmark | Page 0012/0100) Tj
ET
BT
/Helvetica 10 Tf
0.000 g
50.00 770.00 Td
(Item 01 | Qty 2 | Unit 12.50 | Total 25.00) Tj
ET
BT
/Helvetica 10 Tf
0.000 g
50.00 750.00 Td
(Item 02 | Qty 2 | Unit 12.50 | Total 25.00) Tj
ET
BT
/Helvetica 10 Tf
0.000 g
50.00 730.00 Td
(Item 03 | Qty 2 | Unit 12.50 | Total 25.00) Tj
ET
BT
/Helvetica 10 Tf
0.000 g
50.00 710.00 Td
(Item 04 | Qty 2 | Unit 12.50 | Total 25.00) Tj
ET
BT
/Helvetica 10 Tf
0.000 g
50.00 690.00 Td
(Item 05 | Qty 2 | Unit 12.50 | Total 25.00) Tj
ET
BT
/Helvetica 10 Tf
0.000 g
50.00 670.00 Td
(Item 06 | Qty 2 | Unit 12.50 | Total 25.00) Tj
ET
BT
/Helvetica 10 Tf
0.000 g
50.00 650.00 Td
(Item 07 | Qty 2 | Unit 12.50 | Total 25.00) Tj
ET
BT
/Helvetica 10 Tf
0.000 g
50.00 630.00 Td
(Item 08 | Qty 2 | Unit 12.50 | Total 25.00) Tj
ET
BT
/Helvetica 10 Tf
0.000 g
50.00 610.00 Td
(Item 09 | Qty 2 | Unit 12.50 | Total 25.00) Tj
ET
BT
/Helvetica 10 Tf
0.000 g
50.00 590.00 Td
(Item 10 | Qty 2 | Unit 12.50 | Total 25.00) Tj
ET
BT
/Helvetica 10 Tf
0.000 g
50.00 570.00 Td
(Item 11 | Qty 2 | Unit 12.50 | Total 25.00) Tj
ET
BT
/Helvetica 10 Tf
0.000 g
50.00 550.00 Td
(Item 12 | Qty 2 | Unit 12.50 | Total 25.00) Tj
ET
BT
/Helvetica 10 Tf
0.000 g
50.00 530.00 Td
(Item 13 | Qty 2 | Unit 12.50 | Total 25.00) Tj
ET
BT
/Helvetica 10 Tf
0.000 g
50.00 510.00 Td
(Item 14 | Qty 2 | Unit 12.50 | Total 25.00) Tj
ET
BT
/Helvetica 10 Tf
0.000 g
50.00 490.00 Td
(Item 15 | Qty 2 | Unit 12.50 | Total 25.00) Tj
ET
BT
/Helvetica 10 Tf
0.000 g
50.00 470.00 Td
(Item 16 | Qty 2 | Unit 12.50 | Total 25.00) Tj
ET
BT
/Helvetica 10 Tf
0.000 g
50.00 450.00 Td
(Item 17 | Qty 2 | Unit 12.50 | Total 25.00) Tj
ET
BT
/Helvetica 10 Tf
0.000 g
50.00 430.00 Td
(Item 18 | Qty 2 | Unit 12.50 | Total 25.00) Tj
ET
BT
/Helvetica 10 Tf
0.000 g
50.00 410.00 Td
(Item 19 | Qty 2 | Unit 12.50 | Total 25.00) Tj
ET
BT
/Helvetica 10 Tf
0.000 g
50.00 390.00 Td
(Item 20 | Qty 2 | Unit 12.50 | Total 25.00) Tj
ET
BT
/Helvetica 10 Tf
0.000 g
50.00 370.00 Td
(TOTAL 500.00 EUR) Tj
ET

endstream
endobj
28 0 obj
<<
/Contents 29 0 R
/MediaBox [0 0 595 842]
/Parent 2 0 R
/Resources <<
/Font 204 0 R
>>
/Type /Page
>>
endobj
29 0 obj
<<
/Length 2056
>>
stream
BT
/Helvetica 10 Tf
0.000 g
50.00 790.00 Td
(Invoice benchmark | Page 0013/0100) Tj
ET
BT
/Helvetica 10 Tf
0.000 g
50.00 770.00 Td
(Item 01 | Qty 2 | Unit 12.50 | Total 25.00) Tj
ET
BT
/Helvetica 10 Tf
0.000 g
50.00 750.00 Td
(Item 02 | Qty 2 | Unit 12.50 | Total 25.00) Tj
ET
BT
/Helvetica 10 Tf
0.000 g
50.00 730.00 Td
(Item 03 | Qty 2 | Unit 12.50 | Total 25.00) Tj
ET
BT
/Helvetica 10 Tf
0.000 g
50.00 710.00 Td
(Item 04 | Qty 2 | Unit 12.50 | Total 25.00) Tj
ET
BT
/Helvetica 10 Tf
0.000 g
50.00 690.00 Td
(Item 05 | Qty 2 | Unit 12.50 | Total 25.00) Tj
ET
BT
/Helvetica 10 Tf
0.000 g
50.00 670.00 Td
(Item 06 | Qty 2 | Unit 12.50 | Total 25.00) Tj
ET
BT
/Helvetica 10 Tf
0.000 g
50.00 650.00 Td
(Item 07 | Qty 2 | Unit 12.50 | Total 25.00) Tj
ET
BT
/Helvetica 10 Tf
0.000 g
50.00 630.00 Td
(Item 08 | Qty 2 | Unit 12.50 | Total 25.00) Tj
ET
BT
/Helvetica 10 Tf
0.000 g
50.00 610.00 Td
(Item 09 | Qty 2 | Unit 12.50 | Total 25.00) Tj
ET
BT
/Helvetica 10 Tf
0.000 g
50.00 590.00 Td
(Item 10 | Qty 2 | Unit 12.50 | Total 25.00) Tj
ET
BT
/Helvetica 10 Tf
0.000 g
50.00 570.00 Td
(Item 11 | Qty 2 | Unit 12.50 | Total 25.00) Tj
ET
BT
/Helvetica 10 Tf
0.000 g
50.00 550.00 Td
(Item 12 | Qty 2 | Unit 12.50 | Total 25.00) Tj
ET
BT
/Helvetica 10 Tf
0.000 g
50.00 530.00 Td
(Item 13 | Qty 2 | Unit 12.50 | Total 25.00) Tj
ET
BT
/Helvetica 10 Tf
0.000 g
50.00 510.00 Td
(Item 14 | Qty 2 | Unit 12.50 | Total 25.00) Tj
ET
BT
/Helvetica 10 Tf
0.000 g
50.00 490.00 Td
(Item 15 | Qty 2 | Unit 12.50 | Total 25.00) Tj
ET
BT
/Helvetica 10 Tf
0.000 g
50.00 470.00 Td
(Item 16 | Qty 2 | Unit 12.50 | Total 25.00) Tj
ET
BT
/Helvetica 10 Tf
0.000 g
50.00 450.00 Td
(Item 17 | Qty 2 | Unit 12.50 | Total 25.00) Tj
ET
BT
/Helvetica 10 Tf
0.000 g
50.00 430.00 Td
(Item 18 | Qty 2 | Unit 12.50 | Total 25.00) Tj
ET
BT
/Helvetica 10 Tf
0.000 g
50.00 410.00 Td
(Item 19 | Qty 2 | Unit 12.50 | Total 25.00) Tj
ET
BT
/Helvetica 10 Tf
0.000 g
50.00 390.00 Td
(Item 20 | Qty 2 | Unit 12.50 | Total 25.00) Tj
ET
BT
/Helvetica 10 Tf
0.000 g
50.00 370.00 Td
(TOTAL 500.00 EUR) Tj
ET

endstream
endobj
30 0 obj
<<
/Contents 31 0 R
/MediaBox [0 0 595 842]
/Parent 2 0 R
/Resources <<
/Font 204 0 R
>>
/Type /Page
>>
endobj
31 0 obj
<<
/Length 2056
>>
stream
BT
/Helvetica 10 Tf
0.000 g
50.00 790.00 Td
(Invoice benchmark | Page 0014/0100) Tj
ET
BT
/Helvetica 10 Tf
0.000 g
50.00 770.00 Td
(Item 01 | Qty 2 | Unit 12.50 | Total 25.00) Tj
ET
BT
/Helvetica 10 Tf
0.000 g
50.00 750.00 Td
(Item 02 | Qty 2 | Unit 12.50 | Total 25.00) Tj
ET
BT
/Helvetica 10 Tf
0.000 g
50.00 730.00 Td
(Item 03 | Qty 2 | Unit 12.50 | Total 25.00) Tj
ET
BT
/Helvetica 10 Tf
0.000 g
50.00 710.00 Td
(Item 04 | Qty 2 | Unit 12.50 | Total 25.00) Tj
ET
BT
/Helvetica 10 Tf
0.000 g
50.00 690.00 Td
(Item 05 | Qty 2 | Unit 12.50 | Total 25.00) Tj
ET
BT
/Helvetica 10 Tf
0.000 g
50.00 670.00 Td
(Item 06 | Qty 2 | Unit 12.50 | Total 25.00) Tj
ET
BT
/Helvetica 10 Tf
0.000 g
50.00 650.00 Td
(Item 07 | Qty 2 | Unit 12.50 | Total 25.00) Tj
ET
BT
/Helvetica 10 Tf
0.000 g
50.00 630.00 Td
(Item 08 | Qty 2 | Unit 12.50 | Total 25.00) Tj
ET
BT
/Helvetica 10 Tf
0.000 g
50.00 610.00 Td
(Item 09 | Qty 2 | Unit 12.50 | Total 25.00) Tj
ET
BT
/Helvetica 10 Tf
0.000 g
50.00 590.00 Td
(Item 10 | Qty 2 | Unit 12.50 | Total 25.00) Tj
ET
BT
/Helvetica 10 Tf
0.000 g
50.00 570.00 Td
(Item 11 | Qty 2 | Unit 12.50 | Total 25.00) Tj
ET
BT
/Helvetica 10 Tf
0.000 g
50.00 550.00 Td
(Item 12 | Qty 2 | Unit 12.50 | Total 25.00) Tj
ET
BT
/Helvetica 10 Tf
0.000 g
50.00 530.00 Td
(Item 13 | Qty 2 | Unit 12.50 | Total 25.00) Tj
ET
BT
/Helvetica 10 Tf
0.000 g
50.00 510.00 Td
(Item 14 | Qty 2 | Unit 12.50 | Total 25.00) Tj
ET
BT
/Helvetica 10 Tf
0.000 g
50.00 490.00 Td
(Item 15 | Qty 2 | Unit 12.50 | Total 25.00) Tj
ET
BT
/Helvetica 10 Tf
0.000 g
50.00 470.00 Td
(Item 16 | Qty 2 | Unit 12.50 | Total 25.00) Tj
ET
BT
/Helvetica 10 Tf
0.000 g
50.00 450.00 Td
(Item 17 | Qty 2 | Unit 12.50 | Total 25.00) Tj
ET
BT
/Helvetica 10 Tf
0.000 g
50.00 430.00 Td
(Item 18 | Qty 2 | Unit 12.50 | Total 25.00) Tj
ET
BT
/Helvetica 10 Tf
0.000 g
50.00 410.00 Td
(Item 19 | Qty 2 | Unit 12.50 | Total 25.00) Tj
ET
BT
/Helvetica 10 Tf
0.000 g
50.00 390.00 Td
(Item 20 | Qty 2 | Unit 12.50 | Total 25.00) Tj
ET
BT
/Helvetica 10 Tf
0.000 g
50.00 370.00 Td
(TOTAL 500.00 EUR) Tj
ET

endstream
endobj
32 0 obj
<<
/Contents 33 0 R
/MediaBox [0 0 595 842]
/Parent 2 0 R
/Resources <<
/Font 204 0 R
>>
/Type /Page
>>
endobj
33 0 obj
<<
/Length 2056
>>
stream
BT
/Helvetica 10 Tf
0.000 g
50.00 790.00 Td
(Invoice benchmark | Page 0015/0100) Tj
ET
BT
/Helvetica 10 Tf
0.000 g
50.00 770.00 Td
(Item 01 | Qty 2 | Unit 12.50 | Total 25.00) Tj
ET
BT
/Helvetica 10 Tf
0.000 g
50.00 750.00 Td
(Item 02 | Qty 2 | Unit 12.50 | Total 25.00) Tj
ET
BT
/Helvetica 10 Tf
0.000 g
50.00 730.00 Td
(Item 03 | Qty 2 | Unit 12.50 | Total 25.00) Tj
ET
BT
/Helvetica 10 Tf
0.000 g
50.00 710.00 Td
(Item 04 | Qty 2 | Unit 12.50 | Total 25.00) Tj
ET
BT
/Helvetica 10 Tf
0.000 g
50.00 690.00 Td
(Item 05 | Qty 2 | Unit 12.50 | Total 25.00) Tj
ET
BT
/Helvetica 10 Tf
0.000 g
50.00 670.00 Td
(Item 06 | Qty 2 | Unit 12.50 | Total 25.00) Tj
ET
BT
/Helvetica 10 Tf
0.000 g
50.00 650.00 Td
(Item 07 | Qty 2 | Unit 12.50 | Total 25.00) Tj
ET
BT
/Helvetica 10 Tf
0.000 g
50.00 630.00 Td
(Item 08 | Qty 2 | Unit 12.50 | Total 25.00) Tj
ET
BT
/Helvetica 10 Tf
0.000 g
50.00 610.00 Td
(Item 09 | Qty 2 | Unit 12.50 | Total 25.00) Tj
ET
BT
/Helvetica 10 Tf
0.000 g
50.00 590.00 Td
(Item 10 | Qty 2 | Unit 12.50 | Total 25.00) Tj
ET
BT
/Helvetica 10 Tf
0.000 g
50.00 570.00 Td
(Item 11 | Qty 2 | Unit 12.50 | Total 25.00) Tj
ET
BT
/Helvetica 10 Tf
0.000 g
50.00 550.00 Td
(Item 12 | Qty 2 | Unit 12.50 | Total 25.00) Tj
ET
BT
/Helvetica 10 Tf
0.000 g
50.00 530.00 Td
(Item 13 | Qty 2 | Unit 12.50 | Total 25.00) Tj
ET
BT
/Helvetica 10 Tf
0.000 g
50.00 510.00 Td
(Item 14 | Qty 2 | Unit 12.50 | Total 25.00) Tj
ET
BT
/Helvetica 10 Tf
0.000 g
50.00 490.00 Td
(Item 15 | Qty 2 | Unit 12.50 | Total 25.00) Tj
ET
BT
/Helvetica 10 Tf
0.000 g
50.00 470.00 Td
(Item 16 | Qty 2 | Unit 12.50 | Total 25.00) Tj
ET
BT
/Helvetica 10 Tf
0.000 g
50.00 450.00 Td
(Item 17 | Qty 2 | Unit 12.50 | Total 25.00) Tj
ET
BT
/Helvetica 10 Tf
0.000 g
50.00 430.00 Td
(Item 18 | Qty 2 | Unit 12.50 | Total 25.00) Tj
ET
BT
/Helvetica 10 Tf
0.000 g
50.00 410.00 Td
(Item 19 | Qty 2 | Unit 12.50 | Total 25.00) Tj
ET
BT
/Helvetica 10 Tf
0.000 g
50.00 390.00 Td
(Item 20 | Qty 2 | Unit 12.50 | Total 25.00) Tj
ET
BT
/Helvetica 10 Tf
0.000 g
50.00 370.00 Td
(TOTAL 500.00 EUR) Tj
ET

endstream
endobj
34 0 obj
<<
/Contents 35 0 R
/MediaBox [0 0 595 842]
/Parent 2 0 R
/Resources <<
/Font 204 0 R
>>
/Type /Page
>>
endobj
35 0 obj
<<
/Length 2056
>>
stream
BT
/Helvetica 10 Tf
0.000 g
50.00 790.00 Td
(Invoice benchmark | Page 0016/0100) Tj
ET
BT
/Helvetica 10 Tf
0.000 g
50.00 770.00 Td
(Item 01 | Qty 2 | Unit 12.50 | Total 25.00) Tj
ET
BT
/Helvetica 10 Tf
0.000 g
50.00 750.00 Td
(Item 02 | Qty 2 | Unit 12.50 | Total 25.00) Tj
ET
BT
/Helvetica 10 Tf
0.000 g
50.00 730.00 Td
(Item 03 | Qty 2 | Unit 12.50 | Total 25.00) Tj
ET
BT
/Helvetica 10 Tf
0.000 g
50.00 710.00 Td
(Item 04 | Qty 2 | Unit 12.50 | Total 25.00) Tj
ET
BT
/Helvetica 10 Tf
0.000 g
50.00 690.00 Td
(Item 05 | Qty 2 | Unit 12.50 | Total 25.00) Tj
ET
BT
/Helvetica 10 Tf
0.000 g
50.00 670.00 Td
(Item 06 | Qty 2 | Unit 12.50 | Total 25.00) Tj
ET
BT
/Helvetica 10 Tf
0.000 g
50.00 650.00 Td
(Item 07 | Qty 2 | Unit 12.50 | Total 25.00) Tj
ET
BT
/Helvetica 10 Tf
0.000 g
50.00 630.00 Td
(Item 08 | Qty 2 | Unit 12.50 | Total 25.00) Tj
ET
BT
/Helvetica 10 Tf
0.000 g
50.00 610.00 Td
(Item 09 | Qty 2 | Unit 12.50 | Total 25.00) Tj
ET
BT
/Helvetica 10 Tf
0.000 g
50.00 590.00 Td
(Item 10 | Qty 2 | Unit 12.50 | Total 25.00) Tj
ET
BT
/Helvetica 10 Tf
0.000 g
50.00 570.00 Td
(Item 11 | Qty 2 | Unit 12.50 | Total 25.00) Tj
ET
BT
/Helvetica 10 Tf
0.000 g
50.00 550.00 Td
(Item 12 | Qty 2 | Unit 12.50 | Total 25.00) Tj
ET
BT
/Helvetica 10 Tf
0.000 g
50.00 530.00 Td
(Item 13 | Qty 2 | Unit 12.50 | Total 25.00) Tj
ET
BT
/Helvetica 10 Tf
0.000 g
50.00 510.00 Td
(Item 14 | Qty 2 | Unit 12.50 | Total 25.00) Tj
ET
BT
/Helvetica 10 Tf
0.000 g
50.00 490.00 Td
(Item 15 | Qty 2 | Unit 12.50 | Total 25.00) Tj
ET
BT
/Helvetica 10 Tf
0.000 g
50.00 470.00 Td
(Item 16 | Qty 2 | Unit 12.50 | Total 25.00) Tj
ET
BT
/Helvetica 10 Tf
0.000 g
50.00 450.00 Td
(Item 17 | Qty 2 | Unit 12.50 | Total 25.00) Tj
ET
BT
/Helvetica 10 Tf
0.000 g
50.00 430.00 Td
(Item 18 | Qty 2 | Unit 12.50 | Total 25.00) Tj
ET
BT
/Helvetica 10 Tf
0.000 g
50.00 410.00 Td
(Item 19 | Qty 2 | Unit 12.50 | Total 25.00) Tj
ET
BT
/Helvetica 10 Tf
0.000 g
50.00 390.00 Td
(Item 20 | Qty 2 | Unit 12.50 | Total 25.00) Tj
ET
BT
/Helvetica 10 Tf
0.000 g
50.00 370.00 Td
(TOTAL 500.00 EUR) Tj
ET

endstream
endobj
36 0 obj
<<
/Contents 37 0 R
/MediaBox [0 0 595 842]
/Parent 2 0 R
/Resources <<
/Font 204 0 R
>>
/Type /Page
>>
endobj
37 0 obj
<<
/Length 2056
>>
stream
BT
/Helvetica 10 Tf
0.000 g
50.00 790.00 Td
(Invoice benchmark | Page 0017/0100) Tj
ET
BT
/Helvetica 10 Tf
0.000 g
50.00 770.00 Td
(Item 01 | Qty 2 | Unit 12.50 | Total 25.00) Tj
ET
BT
/Helvetica 10 Tf
0.000 g
50.00 750.00 Td
(Item 02 | Qty 2 | Unit 12.50 | Total 25.00) Tj
ET
BT
/Helvetica 10 Tf
0.000 g
50.00 730.00 Td
(Item 03 | Qty 2 | Unit 12.50 | Total 25.00) Tj
ET
BT
/Helvetica 10 Tf
0.000 g
50.00 710.00 Td
(Item 04 | Qty 2 | Unit 12.50 | Total 25.00) Tj
ET
BT
/Helvetica 10 Tf
0.000 g
50.00 690.00 Td
(Item 05 | Qty 2 | Unit 12.50 | Total 25.00) Tj
ET
BT
/Helvetica 10 Tf
0.000 g
50.00 670.00 Td
(Item 06 | Qty 2 | Unit 12.50 | Total 25.00) Tj
ET
BT
/Helvetica 10 Tf
0.000 g
50.00 650.00 Td
(Item 07 | Qty 2 | Unit 12.50 | Total 25.00) Tj
ET
BT
/Helvetica 10 Tf
0.000 g
50.00 630.00 Td
(Item 08 | Qty 2 | Unit 12.50 | Total 25.00) Tj
ET
BT
/Helvetica 10 Tf
0.000 g
50.00 610.00 Td
(Item 09 | Qty 2 | Unit 12.50 | Total 25.00) Tj
ET
BT
/Helvetica 10 Tf
0.000 g
50.00 590.00 Td
(Item 10 | Qty 2 | Unit 12.50 | Total 25.00) Tj
ET
BT
/Helvetica 10 Tf
0.000 g
50.00 570.00 Td
(Item 11 | Qty 2 | Unit 12.50 | Total 25.00) Tj
ET
BT
/Helvetica 10 Tf
0.000 g
50.00 550.00 Td
(Item 12 | Qty 2 | Unit 12.50 | Total 25.00) Tj
ET
BT
/Helvetica 10 Tf
0.000 g
50.00 530.00 Td
(Item 13 | Qty 2 | Unit 12.50 | Total 25.00) Tj
ET
BT
/Helvetica 10 Tf
0.000 g
50.00 510.00 Td
(Item 14 | Qty 2 | Unit 12.50 | Total 25.00) Tj
ET
BT
/Helvetica 10 Tf
0.000 g
50.00 490.00 Td
(Item 15 | Qty 2 | Unit 12.50 | Total 25.00) Tj
ET
BT
/Helvetica 10 Tf
0.000 g
50.00 470.00 Td
(Item 16 | Qty 2 | Unit 12.50 | Total 25.00) Tj
ET
BT
/Helvetica 10 Tf
0.000 g
50.00 450.00 Td
(Item 17 | Qty 2 | Unit 12.50 | Total 25.00) Tj
ET
BT
/Helvetica 10 Tf
0.000 g
50.00 430.00 Td
(Item 18 | Qty 2 | Unit 12.50 | Total 25.00) Tj
ET
BT
/Helvetica 10 Tf
0.000 g
50.00 410.00 Td
(Item 19 | Qty 2 | Unit 12.50 | Total 25.00) Tj
ET
BT
/Helvetica 10 Tf
0.000 g
50.00 390.00 Td
(Item 20 | Qty 2 | Unit 12.50 | Total 25.00) Tj
ET
BT
/Helvetica 10 Tf
0.000 g
50.00 370.00 Td
(TOTAL 500.00 EUR) Tj
ET

endstream
endobj
38 0 obj
<<
/Contents 39 0 R
/MediaBox [0 0 595 842]
/Parent 2 0 R
/Resources <<
/Font 204 0 R
>>
/Type /Page
>>
endobj
39 0 obj
<<
/Length 2056
>>
stream
BT
/Helvetica 10 Tf
0.000 g
50.00 790.00 Td
(Invoice benchmark | Page 0018/0100) Tj
ET
BT
/Helvetica 10 Tf
0.000 g
50.00 770.00 Td
(Item 01 | Qty 2 | Unit 12.50 | Total 25.00) Tj
ET
BT
/Helvetica 10 Tf
0.000 g
50.00 750.00 Td
(Item 02 | Qty 2 | Unit 12.50 | Total 25.00) Tj
ET
BT
/Helvetica 10 Tf
0.000 g
50.00 730.00 Td
(Item 03 | Qty 2 | Unit 12.50 | Total 25.00) Tj
ET
BT
/Helvetica 10 Tf
0.000 g
50.00 710.00 Td
(Item 04 | Qty 2 | Unit 12.50 | Total 25.00) Tj
ET
BT
/Helvetica 10 Tf
0.000 g
50.00 690.00 Td
(Item 05 | Qty 2 | Unit 12.50 | Total 25.00) Tj
ET
BT
/Helvetica 10 Tf
0.000 g
50.00 670.00 Td
(Item 06 | Qty 2 | Unit 12.50 | Total 25.00) Tj
ET
BT
/Helvetica 10 Tf
0.000 g
50.00 650.00 Td
(Item 07 | Qty 2 | Unit 12.50 | Total 25.00) Tj
ET
BT
/Helvetica 10 Tf
0.000 g
50.00 630.00 Td
(Item 08 | Qty 2 | Unit 12.50 | Total 25.00) Tj
ET
BT
/Helvetica 10 Tf
0.000 g
50.00 610.00 Td
(Item 09 | Qty 2 | Unit 12.50 | Total 25.00) Tj
ET
BT
/Helvetica 10 Tf
0.000 g
50.00 590.00 Td
(Item 10 | Qty 2 | Unit 12.50 | Total 25.00) Tj
ET
BT
/Helvetica 10 Tf
0.000 g
50.00 570.00 Td
(Item 11 | Qty 2 | Unit 12.50 | Total 25.00) Tj
ET
BT
/Helvetica 10 Tf
0.000 g
50.00 550.00 Td
(Item 12 | Qty 2 | Unit 12.50 | Total 25.00) Tj
ET
BT
/Helvetica 10 Tf
0.000 g
50.00 530.00 Td
(Item 13 | Qty 2 | Unit 12.50 | Total 25.00) Tj
ET
BT
/Helvetica 10 Tf
0.000 g
50.00 510.00 Td
(Item 14 | Qty 2 | Unit 12.50 | Total 25.00) Tj
ET
BT
/Helvetica 10 Tf
0.000 g
50.00 490.00 Td
(Item 15 | Qty 2 | Unit 12.50 | Total 25.00) Tj
ET
BT
/Helvetica 10 Tf
0.000 g
50.00 470.00 Td
(Item 16 | Qty 2 | Unit 12.50 | Total 25.00) Tj
ET
BT
/Helvetica 10 Tf
0.000 g
50.00 450.00 Td
(Item 17 | Qty 2 | Unit 12.50 | Total 25.00) Tj
ET
BT
/Helvetica 10 Tf
0.000 g
50.00 430.00 Td
(Item 18 | Qty 2 | Unit 12.50 | Total 25.00) Tj
ET
BT
/Helvetica 10 Tf
0.000 g
50.00 410.00 Td
(Item 19 | Qty 2 | Unit 12.50 | Total 25.00) Tj
ET
BT
/Helvetica 10 Tf
0.000 g
50.00 390.00 Td
(Item 20 | Qty 2 | Unit 12.50 | Total 25.00) Tj
ET
BT
/Helvetica 10 Tf
0.000 g
50.00 370.00 Td
(TOTAL 500.00 EUR) Tj
ET

endstream
endobj
40 0 obj
<<
/Contents 41 0 R
/MediaBox [0 0 595 842]
/Parent 2 0 R
/Resources <<
/Font 204 0 R
>>
/Type /Page
>>
endobj
41 0 obj
<<
/Length 2056
>>
stream
BT
/Helvetica 10 Tf
0.000 g
50.00 790.00 Td
(Invoice benchmark | Page 0019/0100) Tj
ET
BT
/Helvetica 10 Tf
0.000 g
50.00 770.00 Td
(Item 01 | Qty 2 | Unit 12.50 | Total 25.00) Tj
ET
BT
/Helvetica 10 Tf
0.000 g
50.00 750.00 Td
(Item 02 | Qty 2 | Unit 12.50 | Total 25.00) Tj
ET
BT
/Helvetica 10 Tf
0.000 g
50.00 730.00 Td
(Item 03 | Qty 2 | Unit 12.50 | Total 25.00) Tj
ET
BT
/Helvetica 10 Tf
0.000 g
50.00 710.00 Td
(Item 04 | Qty 2 | Unit 12.50 | Total 25.00) Tj
ET
BT
/Helvetica 10 Tf
0.000 g
50.00 690.00 Td
(Item 05 | Qty 2 | Unit 12.50 | Total 25.00) Tj
ET
BT
/Helvetica 10 Tf
0.000 g
50.00 670.00 Td
(Item 06 | Qty 2 | Unit 12.50 | Total 25.00) Tj
ET
BT
/Helvetica 10 Tf
0.000 g
50.00 650.00 Td
(Item 07 | Qty 2 | Unit 12.50 | Total 25.00) Tj
ET
BT
/Helvetica 10 Tf
0.000 g
50.00 630.00 Td
(Item 08 | Qty 2 | Unit 12.50 | Total 25.00) Tj
ET
BT
/Helvetica 10 Tf
0.000 g
50.00 610.00 Td
(Item 09 | Qty 2 | Unit 12.50 | Total 25.00) Tj
ET
BT
/Helvetica 10 Tf
0.000 g
50.00 590.00 Td
(Item 10 | Qty 2 | Unit 12.50 | Total 25.00) Tj
ET
BT
/Helvetica 10 Tf
0.000 g
50.00 570.00 Td
(Item 11 | Qty 2 | Unit 12.50 | Total 25.00) Tj
ET
BT
/Helvetica 10 Tf
0.000 g
50.00 550.00 Td
(Item 12 | Qty 2 | Unit 12.50 | Total 25.00) Tj
ET
BT
/Helvetica 10 Tf
0.000 g
50.00 530.00 Td
(Item 13 | Qty 2 | Unit 12.50 | Total 25.00) Tj
ET
BT
/Helvetica 10 Tf
0.000 g
50.00 510.00 Td
(Item 14 | Qty 2 | Unit 12.50 | Total 25.00) Tj
ET
BT
/Helvetica 10 Tf
0.000 g
50.00 490.00 Td
(Item 15 | Qty 2 | Unit 12.50 | Total 25.00) Tj
ET
BT
/Helvetica 10 Tf
0.000 g
50.00 470.00 Td
(Item 16 | Qty 2 | Unit 12.50 | Total 25.00) Tj
ET
BT
/Helvetica 10 Tf
0.000 g
50.00 450.00 Td
(Item 17 | Qty 2 | Unit 12.50 | Total 25.00) Tj
ET
BT
/Helvetica 10 Tf
0.000 g
50.00 430.00 Td
(Item 18 | Qty 2 | Unit 12.50 | Total 25.00) Tj
ET
BT
/Helvetica 10 Tf
0.000 g
50.00 410.00 Td
(Item 19 | Qty 2 | Unit 12.50 | Total 25.00) Tj
ET
BT
/Helvetica 10 Tf
0.000 g
50.00 390.00 Td
(Item 20 | Qty 2 | Unit 12.50 | Total 25.00) Tj
ET
BT
/Helvetica 10 Tf
0.000 g
50.00 370.00 Td
(TOTAL 500.00 EUR) Tj
ET

endstream
endobj
42 0 obj
<<
/Contents 43 0 R
/MediaBox [0 0 595 842]
/Parent 2 0 R
/Resources <<
/Font 204 0 R
>>
/Type /Page
>>
endobj
43 0 obj
<<
/Length 2056
>>
stream
BT
/Helvetica 10 Tf
0.000 g
50.00 790.00 Td
(Invoice benchmark | Page 0020/0100) Tj
ET
BT
/Helvetica 10 Tf
0.000 g
50.00 770.00 Td
(Item 01 | Qty 2 | Unit 12.50 | Total 25.00) Tj
ET
BT
/Helvetica 10 Tf
0.000 g
50.00 750.00 Td
(Item 02 | Qty 2 | Unit 12.50 | Total 25.00) Tj
ET
BT
/Helvetica 10 Tf
0.000 g
50.00 730.00 Td
(Item 03 | Qty 2 | Unit 12.50 | Total 25.00) Tj
ET
BT
/Helvetica 10 Tf
0.000 g
50.00 710.00 Td
(Item 04 | Qty 2 | Unit 12.50 | Total 25.00) Tj
ET
BT
/Helvetica 10 Tf
0.000 g
50.00 690.00 Td
(Item 05 | Qty 2 | Unit 12.50 | Total 25.00) Tj
ET
BT
/Helvetica 10 Tf
0.000 g
50.00 670.00 Td
(Item 06 | Qty 2 | Unit 12.50 | Total 25.00) Tj
ET
BT
/Helvetica 10 Tf
0.000 g
50.00 650.00 Td
(Item 07 | Qty 2 | Unit 12.50 | Total 25.00) Tj
ET
BT
/Helvetica 10 Tf
0.000 g
50.00 630.00 Td
(Item 08 | Qty 2 | Unit 12.50 | Total 25.00) Tj
ET
BT
/Helvetica 10 Tf
0.000 g
50.00 610.00 Td
(Item 09 | Qty 2 | Unit 12.50 | Total 25.00) Tj
ET
BT
/Helvetica 10 Tf
0.000 g
50.00 590.00 Td
(Item 10 | Qty 2 | Unit 12.50 | Total 25.00) Tj
ET
BT
/Helvetica 10 Tf
0.000 g
50.00 570.00 Td
(Item 11 | Qty 2 | Unit 12.50 | Total 25.00) Tj
ET
BT
/Helvetica 10 Tf
0.000 g
50.00 550.00 Td
(Item 12 | Qty 2 | Unit 12.50 | Total 25.00) Tj
ET
BT
/Helvetica 10 Tf
0.000 g
50.00 530.00 Td
(Item 13 | Qty 2 | Unit 12.50 | Total 25.00) Tj
ET
BT
/Helvetica 10 Tf
0.000 g
50.00 510.00 Td
(Item 14 | Qty 2 | Unit 12.50 | Total 25.00) Tj
ET
BT
/Helvetica 10 Tf
0.000 g
50.00 490.00 Td
(Item 15 | Qty 2 | Unit 12.50 | Total 25.00) Tj
ET
BT
/Helvetica 10 Tf
0.000 g
50.00 470.00 Td
(Item 16 | Qty 2 | Unit 12.50 | Total 25.00) Tj
ET
BT
/Helvetica 10 Tf
0.000 g
50.00 450.00 Td
(Item 17 | Qty 2 | Unit 12.50 | Total 25.00) Tj
ET
BT
/Helvetica 10 Tf
0.000 g
50.00 430.00 Td
(Item 18 | Qty 2 | Unit 12.50 | Total 25.00) Tj
ET
BT
/Helvetica 10 Tf
0.000 g
50.00 410.00 Td
(Item 19 | Qty 2 | Unit 12.50 | Total 25.00) Tj
ET
BT
/Helvetica 10 Tf
0.000 g
50.00 390.00 Td
(Item 20 | Qty 2 | Unit 12.50 | Total 25.00) Tj
ET
BT
/Helvetica 10 Tf
0.000 g
50.00 370.00 Td
(TOTAL 500.00 EUR) Tj
ET

endstream
endobj
44 0 obj
<<
/Contents 45 0 R
/MediaBox [0 0 595 842]
/Parent 2 0 R
/Resources <<
/Font 204 0 R
>>
/Type /Page
>>
endobj
45 0 obj
<<
/Length 2056
>>
stream
BT
/Helvetica 10 Tf
0.000 g
50.00 790.00 Td
(Invoice benchmark | Page 0021/0100) Tj
ET
BT
/Helvetica 10 Tf
0.000 g
50.00 770.00 Td
(Item 01 | Qty 2 | Unit 12.50 | Total 25.00) Tj
ET
BT
/Helvetica 10 Tf
0.000 g
50.00 750.00 Td
(Item 02 | Qty 2 | Unit 12.50 | Total 25.00) Tj
ET
BT
/Helvetica 10 Tf
0.000 g
50.00 730.00 Td
(Item 03 | Qty 2 | Unit 12.50 | Total 25.00) Tj
ET
BT
/Helvetica 10 Tf
0.000 g
50.00 710.00 Td
(Item 04 | Qty 2 | Unit 12.50 | Total 25.00) Tj
ET
BT
/Helvetica 10 Tf
0.000 g
50.00 690.00 Td
(Item 05 | Qty 2 | Unit 12.50 | Total 25.00) Tj
ET
BT
/Helvetica 10 Tf
0.000 g
50.00 670.00 Td
(Item 06 | Qty 2 | Unit 12.50 | Total 25.00) Tj
ET
BT
/Helvetica 10 Tf
0.000 g
50.00 650.00 Td
(Item 07 | Qty 2 | Unit 12.50 | Total 25.00) Tj
ET
BT
/Helvetica 10 Tf
0.000 g
50.00 630.00 Td
(Item 08 | Qty 2 | Unit 12.50 | Total 25.00) Tj
ET
BT
/Helvetica 10 Tf
0.000 g
50.00 610.00 Td
(Item 09 | Qty 2 | Unit 12.50 | Total 25.00) Tj
ET
BT
/Helvetica 10 Tf
0.000 g
50.00 590.00 Td
(Item 10 | Qty 2 | Unit 12.50 | Total 25.00) Tj
ET
BT
/Helvetica 10 Tf
0.000 g
50.00 570.00 Td
(Item 11 | Qty 2 | Unit 12.50 | Total 25.00) Tj
ET
BT
/Helvetica 10 Tf
0.000 g
50.00 550.00 Td
(Item 12 | Qty 2 | Unit 12.50 | Total 25.00) Tj
ET
BT
/Helvetica 10 Tf
0.000 g
50.00 530.00 Td
(Item 13 | Qty 2 | Unit 12.50 | Total 25.00) Tj
ET
BT
/Helvetica 10 Tf
0.000 g
50.00 510.00 Td
(Item 14 | Qty 2 | Unit 12.50 | Total 25.00) Tj
ET
BT
/Helvetica 10 Tf
0.000 g
50.00 490.00 Td
(Item 15 | Qty 2 | Unit 12.50 | Total 25.00) Tj
ET
BT
/Helvetica 10 Tf
0.000 g
50.00 470.00 Td
(Item 16 | Qty 2 | Unit 12.50 | Total 25.00) Tj
ET
BT
/Helvetica 10 Tf
0.000 g
50.00 450.00 Td
(Item 17 | Qty 2 | Unit 12.50 | Total 25.00) Tj
ET
BT
/Helvetica 10 Tf
0.000 g
50.00 430.00 Td
(Item 18 | Qty 2 | Unit 12.50 | Total 25.00) Tj
ET
BT
/Helvetica 10 Tf
0.000 g
50.00 410.00 Td
(Item 19 | Qty 2 | Unit 12.50 | Total 25.00) Tj
ET
BT
/Helvetica 10 Tf
0.000 g
50.00 390.00 Td
(Item 20 | Qty 2 | Unit 12.50 | Total 25.00) Tj
ET
BT
/Helvetica 10 Tf
0.000 g
50.00 370.00 Td
(TOTAL 500.00 EUR) Tj
ET

endstream
endobj
46 0 obj
<<
/Contents 47 0 R
/MediaBox [0 0 595 842]
/Parent 2 0 R
/Resources <<
/Font 204 0 R
>>
/Type /Page
>>
endobj
47 0 obj
<<
/Length 2056
>>
stream
BT
/Helvetica 10 Tf
0.000 g
50.00 790.00 Td
(Invoice benchmark | Page 0022/0100) Tj
ET
BT
/Helvetica 10 Tf
0.000 g
50.00 770.00 Td
(Item 01 | Qty 2 | Unit 12.50 | Total 25.00) Tj
ET
BT
/Helvetica 10 Tf
0.000 g
50.00 750.00 Td
(Item 02 | Qty 2 | Unit 12.50 | Total 25.00) Tj
ET
BT
/Helvetica 10 Tf
0.000 g
50.00 730.00 Td
(Item 03 | Qty 2 | Unit 12.50 | Total 25.00) Tj
ET
BT
/Helvetica 10 Tf
0.000 g
50.00 710.00 Td
(Item 04 | Qty 2 | Unit 12.50 | Total 25.00) Tj
ET
BT
/Helvetica 10 Tf
0.000 g
50.00 690.00 Td
(Item 05 | Qty 2 | Unit 12.50 | Total 25.00) Tj
ET
BT
/Helvetica 10 Tf
0.000 g
50.00 670.00 Td
(Item 06 | Qty 2 | Unit 12.50 | Total 25.00) Tj
ET
BT
/Helvetica 10 Tf
0.000 g
50.00 650.00 Td
(Item 07 | Qty 2 | Unit 12.50 | Total 25.00) Tj
ET
BT
/Helvetica 10 Tf
0.000 g
50.00 630.00 Td
(Item 08 | Qty 2 | Unit 12.50 | Total 25.00) Tj
ET
BT
/Helvetica 10 Tf
0.000 g
50.00 610.00 Td
(Item 09 | Qty 2 | Unit 12.50 | Total 25.00) Tj
ET
BT
/Helvetica 10 Tf
0.000 g
50.00 590.00 Td
(Item 10 | Qty 2 | Unit 12.50 | Total 25.00) Tj
ET
BT
/Helvetica 10 Tf
0.000 g
50.00 570.00 Td
(Item 11 | Qty 2 | Unit 12.50 | Total 25.00) Tj
ET
BT
/Helvetica 10 Tf
0.000 g
50.00 550.00 Td
(Item 12 | Qty 2 | Unit 12.50 | Total 25.00) Tj
ET
BT
/Helvetica 10 Tf
0.000 g
50.00 530.00 Td
(Item 13 | Qty 2 | Unit 12.50 | Total 25.00) Tj
ET
BT
/Helvetica 10 Tf
0.000 g
50.00 510.00 Td
(Item 14 | Qty 2 | Unit 12.50 | Total 25.00) Tj
ET
BT
/Helvetica 10 Tf
0.000 g
50.00 490.00 Td
(Item 15 | Qty 2 | Unit 12.50 | Total 25.00) Tj
ET
BT
/Helvetica 10 Tf
0.000 g
50.00 470.00 Td
(Item 16 | Qty 2 | Unit 12.50 | Total 25.00) Tj
ET
BT
/Helvetica 10 Tf
0.000 g
50.00 450.00 Td
(Item 17 | Qty 2 | Unit 12.50 | Total 25.00) Tj
ET
BT
/Helvetica 10 Tf
0.000 g
50.00 430.00 Td
(Item 18 | Qty 2 | Unit 12.50 | Total 25.00) Tj
ET
BT
/Helvetica 10 Tf
0.000 g
50.00 410.00 Td
(Item 19 | Qty 2 | Unit 12.50 | Total 25.00) Tj
ET
BT
/Helvetica 10 Tf
0.000 g
50.00 390.00 Td
(Item 20 | Qty 2 | Unit 12.50 | Total 25.00) Tj
ET
BT
/Helvetica 10 Tf
0.000 g
50.00 370.00 Td
(TOTAL 500.00 EUR) Tj
ET

endstream
endobj
48 0 obj
<<
/Contents 49 0 R
/MediaBox [0 0 595 842]
/Parent 2 0 R
/Resources <<
/Font 204 0 R
>>
/Type /Page
>>
endobj
49 0 obj
<<
/Length 2056
>>
stream
BT
/Helvetica 10 Tf
0.000 g
50.00 790.00 Td
(Invoice benchmark | Page 0023/0100) Tj
ET
BT
/Helvetica 10 Tf
0.000 g
50.00 770.00 Td
(Item 01 | Qty 2 | Unit 12.50 | Total 25.00) Tj
ET
BT
/Helvetica 10 Tf
0.000 g
50.00 750.00 Td
(Item 02 | Qty 2 | Unit 12.50 | Total 25.00) Tj
ET
BT
/Helvetica 10 Tf
0.000 g
50.00 730.00 Td
(Item 03 | Qty 2 | Unit 12.50 | Total 25.00) Tj
ET
BT
/Helvetica 10 Tf
0.000 g
50.00 710.00 Td
(Item 04 | Qty 2 | Unit 12.50 | Total 25.00) Tj
ET
BT
/Helvetica 10 Tf
0.000 g
50.00 690.00 Td
(Item 05 | Qty 2 | Unit 12.50 | Total 25.00) Tj
ET
BT
/Helvetica 10 Tf
0.000 g
50.00 670.00 Td
(Item 06 | Qty 2 | Unit 12.50 | Total 25.00) Tj
ET
BT
/Helvetica 10 Tf
0.000 g
50.00 650.00 Td
(Item 07 | Qty 2 | Unit 12.50 | Total 25.00) Tj
ET
BT
/Helvetica 10 Tf
0.000 g
50.00 630.00 Td
(Item 08 | Qty 2 | Unit 12.50 | Total 25.00) Tj
ET
BT
/Helvetica 10 Tf
0.000 g
50.00 610.00 Td
(Item 09 | Qty 2 | Unit 12.50 | Total 25.00) Tj
ET
BT
/Helvetica 10 Tf
0.000 g
50.00 590.00 Td
(Item 10 | Qty 2 | Unit 12.50 | Total 25.00) Tj
ET
BT
/Helvetica 10 Tf
0.000 g
50.00 570.00 Td
(Item 11 | Qty 2 | Unit 12.50 | Total 25.00) Tj
ET
BT
/Helvetica 10 Tf
0.000 g
50.00 550.00 Td
(Item 12 | Qty 2 | Unit 12.50 | Total 25.00) Tj
ET
BT
/Helvetica 10 Tf
0.000 g
50.00 530.00 Td
(Item 13 | Qty 2 | Unit 12.50 | Total 25.00) Tj
ET
BT
/Helvetica 10 Tf
0.000 g
50.00 510.00 Td
(Item 14 | Qty 2 | Unit 12.50 | Total 25.00) Tj
ET
BT
/Helvetica 10 Tf
0.000 g
50.00 490.00 Td
(Item 15 | Qty 2 | Unit 12.50 | Total 25.00) Tj
ET
BT
/Helvetica 10 Tf
0.000 g
50.00 470.00 Td
(Item 16 | Qty 2 | Unit 12.50 | Total 25.00) Tj
ET
BT
/Helvetica 10 Tf
0.000 g
50.00 450.00 Td
(Item 17 | Qty 2 | Unit 12.50 | Total 25.00) Tj
ET
BT
/Helvetica 10 Tf
0.000 g
50.00 430.00 Td
(Item 18 | Qty 2 | Unit 12.50 | Total 25.00) Tj
ET
BT
/Helvetica 10 Tf
0.000 g
50.00 410.00 Td
(Item 19 | Qty 2 | Unit 12.50 | Total 25.00) Tj
ET
BT
/Helvetica 10 Tf
0.000 g
50.00 390.00 Td
(Item 20 | Qty 2 | Unit 12.50 | Total 25.00) Tj
ET
BT
/Helvetica 10 Tf
0.000 g
50.00 370.00 Td
(TOTAL 500.00 EUR) Tj
ET

endstream
endobj
50 0 obj
<<
/Contents 51 0 R
/MediaBox [0 0 595 842]
/Parent 2 0 R
/Resources <<
/Font 204 0 R
>>
/Type /Page
>>
endobj
51 0 obj
<<
/Length 2056
>>
stream
BT
/Helvetica 10 Tf
0.000 g
50.00 790.00 Td
(Invoice benchmark | Page 0024/0100) Tj
ET
BT
/Helvetica 10 Tf
0.000 g
50.00 770.00 Td
(Item 01 | Qty 2 | Unit 12.50 | Total 25.00) Tj
ET
BT
/Helvetica 10 Tf
0.000 g
50.00 750.00 Td
(Item 02 | Qty 2 | Unit 12.50 | Total 25.00) Tj
ET
BT
/Helvetica 10 Tf
0.000 g
50.00 730.00 Td
(Item 03 | Qty 2 | Unit 12.50 | Total 25.00) Tj
ET
BT
/Helvetica 10 Tf
0.000 g
50.00 710.00 Td
(Item 04 | Qty 2 | Unit 12.50 | Total 25.00) Tj
ET
BT
/Helvetica 10 Tf
0.000 g
50.00 690.00 Td
(Item 05 | Qty 2 | Unit 12.50 | Total 25.00) Tj
ET
BT
/Helvetica 10 Tf
0.000 g
50.00 670.00 Td
(Item 06 | Qty 2 | Unit 12.50 | Total 25.00) Tj
ET
BT
/Helvetica 10 Tf
0.000 g
50.00 650.00 Td
(Item 07 | Qty 2 | Unit 12.50 | Total 25.00) Tj
ET
BT
/Helvetica 10 Tf
0.000 g
50.00 630.00 Td
(Item 08 | Qty 2 | Unit 12.50 | Total 25.00) Tj
ET
BT
/Helvetica 10 Tf
0.000 g
50.00 610.00 Td
(Item 09 | Qty 2 | Unit 12.50 | Total 25.00) Tj
ET
BT
/Helvetica 10 Tf
0.000 g
50.00 590.00 Td
(Item 10 | Qty 2 | Unit 12.50 | Total 25.00) Tj
ET
BT
/Helvetica 10 Tf
0.000 g
50.00 570.00 Td
(Item 11 | Qty 2 | Unit 12.50 | Total 25.00) Tj
ET
BT
/Helvetica 10 Tf
0.000 g
50.00 550.00 Td
(Item 12 | Qty 2 | Unit 12.50 | Total 25.00) Tj
ET
BT
/Helvetica 10 Tf
0.000 g
50.00 530.00 Td
(Item 13 | Qty 2 | Unit 12.50 | Total 25.00) Tj
ET
BT
/Helvetica 10 Tf
0.000 g
50.00 510.00 Td
(Item 14 | Qty 2 | Unit 12.50 | Total 25.00) Tj
ET
BT
/Helvetica 10 Tf
0.000 g
50.00 490.00 Td
(Item 15 | Qty 2 | Unit 12.50 | Total 25.00) Tj
ET
BT
/Helvetica 10 Tf
0.000 g
50.00 470.00 Td
(Item 16 | Qty 2 | Unit 12.50 | Total 25.00) Tj
ET
BT
/Helvetica 10 Tf
0.000 g
50.00 450.00 Td
(Item 17 | Qty 2 | Unit 12.50 | Total 25.00) Tj
ET
BT
/Helvetica 10 Tf
0.000 g
50.00 430.00 Td
(Item 18 | Qty 2 | Unit 12.50 | Total 25.00) Tj
ET
BT
/Helvetica 10 Tf
0.000 g
50.00 410.00 Td
(Item 19 | Qty 2 | Unit 12.50 | Total 25.00) Tj
ET
BT
/Helvetica 10 Tf
0.000 g
50.00 390.00 Td
(Item 20 | Qty 2 | Unit 12.50 | Total 25.00) Tj
ET
BT
/Helvetica 10 Tf
0.000 g
50.00 370.00 Td
(TOTAL 500.00 EUR) Tj
ET

endstream
endobj
52 0 obj
<<
/Contents 53 0 R
/MediaBox [0 0 595 842]
/Parent 2 0 R
/Resources <<
/Font 204 0 R
>>
/Type /Page
>>
endobj
53 0 obj
<<
/Length 2056
>>
stream
BT
/Helvetica 10 Tf
0.000 g
50.00 790.00 Td
(Invoice benchmark | Page 0025/0100) Tj
ET
BT
/Helvetica 10 Tf
0.000 g
50.00 770.00 Td
(Item 01 | Qty 2 | Unit 12.50 | Total 25.00) Tj
ET
BT
/Helvetica 10 Tf
0.000 g
50.00 750.00 Td
(Item 02 | Qty 2 | Unit 12.50 | Total 25.00) Tj
ET
BT
/Helvetica 10 Tf
0.000 g
50.00 730.00 Td
(Item 03 | Qty 2 | Unit 12.50 | Total 25.00) Tj
ET
BT
/Helvetica 10 Tf
0.000 g
50.00 710.00 Td
(Item 04 | Qty 2 | Unit 12.50 | Total 25.00) Tj
ET
BT
/Helvetica 10 Tf
0.000 g
50.00 690.00 Td
(Item 05 | Qty 2 | Unit 12.50 | Total 25.00) Tj
ET
BT
/Helvetica 10 Tf
0.000 g
50.00 670.00 Td
(Item 06 | Qty 2 | Unit 12.50 | Total 25.00) Tj
ET
BT
/Helvetica 10 Tf
0.000 g
50.00 650.00 Td
(Item 07 | Qty 2 | Unit 12.50 | Total 25.00) Tj
ET
BT
/Helvetica 10 Tf
0.000 g
50.00 630.00 Td
(Item 08 | Qty 2 | Unit 12.50 | Total 25.00) Tj
ET
BT
/Helvetica 10 Tf
0.000 g
50.00 610.00 Td
(Item 09 | Qty 2 | Unit 12.50 | Total 25.00) Tj
ET
BT
/Helvetica 10 Tf
0.000 g
50.00 590.00 Td
(Item 10 | Qty 2 | Unit 12.50 | Total 25.00) Tj
ET
BT
/Helvetica 10 Tf
0.000 g
50.00 570.00 Td
(Item 11 | Qty 2 | Unit 12.50 | Total 25.00) Tj
ET
BT
/Helvetica 10 Tf
0.000 g
50.00 550.00 Td
(Item 12 | Qty 2 | Unit 12.50 | Total 25.00) Tj
ET
BT
/Helvetica 10 Tf
0.000 g
50.00 530.00 Td
(Item 13 | Qty 2 | Unit 12.50 | Total 25.00) Tj
ET
BT
/Helvetica 10 Tf
0.000 g
50.00 510.00 Td
(Item 14 | Qty 2 | Unit 12.50 | Total 25.00) Tj
ET
BT
/Helvetica 10 Tf
0.000 g
50.00 490.00 Td
(Item 15 | Qty 2 | Unit 12.50 | Total 25.00) Tj
ET
BT
/Helvetica 10 Tf
0.000 g
50.00 470.00 Td
(Item 16 | Qty 2 | Unit 12.50 | Total 25.00) Tj
ET
BT
/Helvetica 10 Tf
0.000 g
50.00 450.00 Td
(Item 17 | Qty 2 | Unit 12.50 | Total 25.00) Tj
ET
BT
/Helvetica 10 Tf
0.000 g
50.00 430.00 Td
(Item 18 | Qty 2 | Unit 12.50 | Total 25.00) Tj
ET
BT
/Helvetica 10 Tf
0.000 g
50.00 410.00 Td
(Item 19 | Qty 2 | Unit 12.50 | Total 25.00) Tj
ET
BT
/Helvetica 10 Tf
0.000 g
50.00 390.00 Td
(Item 20 | Qty 2 | Unit 12.50 | Total 25.00) Tj
ET
BT
/Helvetica 10 Tf
0.000 g
50.00 370.00 Td
(TOTAL 500.00 EUR) Tj
ET

endstream
endobj
54 0 obj
<<
/Contents 55 0 R
/MediaBox [0 0 595 842]
/Parent 2 0 R
/Resources <<
/Font 204 0 R
>>
/Type /Page
>>
endobj
55 0 obj
<<
/Length 2056
>>
stream
BT
/Helvetica 10 Tf
0.000 g
50.00 790.00 Td
(Invoice benchmark | Page 0026/0100) Tj
ET
BT
/Helvetica 10 Tf
0.000 g
50.00 770.00 Td
(Item 01 | Qty 2 | Unit 12.50 | Total 25.00) Tj
ET
BT
/Helvetica 10 Tf
0.000 g
50.00 750.00 Td
(Item 02 | Qty 2 | Unit 12.50 | Total 25.00) Tj
ET
BT
/Helvetica 10 Tf
0.000 g
50.00 730.00 Td
(Item 03 | Qty 2 | Unit 12.50 | Total 25.00) Tj
ET
BT
/Helvetica 10 Tf
0.000 g
50.00 710.00 Td
(Item 04 | Qty 2 | Unit 12.50 | Total 25.00) Tj
ET
BT
/Helvetica 10 Tf
0.000 g
50.00 690.00 Td
(Item 05 | Qty 2 | Unit 12.50 | Total 25.00) Tj
ET
BT
/Helvetica 10 Tf
0.000 g
50.00 670.00 Td
(Item 06 | Qty 2 | Unit 12.50 | Total 25.00) Tj
ET
BT
/Helvetica 10 Tf
0.000 g
50.00 650.00 Td
(Item 07 | Qty 2 | Unit 12.50 | Total 25.00) Tj
ET
BT
/Helvetica 10 Tf
0.000 g
50.00 630.00 Td
(Item 08 | Qty 2 | Unit 12.50 | Total 25.00) Tj
ET
BT
/Helvetica 10 Tf
0.000 g
50.00 610.00 Td
(Item 09 | Qty 2 | Unit 12.50 | Total 25.00) Tj
ET
BT
/Helvetica 10 Tf
0.000 g
50.00 590.00 Td
(Item 10 | Qty 2 | Unit 12.50 | Total 25.00) Tj
ET
BT
/Helvetica 10 Tf
0.000 g
50.00 570.00 Td
(Item 11 | Qty 2 | Unit 12.50 | Total 25.00) Tj
ET
BT
/Helvetica 10 Tf
0.000 g
50.00 550.00 Td
(Item 12 | Qty 2 | Unit 12.50 | Total 25.00) Tj
ET
BT
/Helvetica 10 Tf
0.000 g
50.00 530.00 Td
(Item 13 | Qty 2 | Unit 12.50 | Total 25.00) Tj
ET
BT
/Helvetica 10 Tf
0.000 g
50.00 510.00 Td
(Item 14 | Qty 2 | Unit 12.50 | Total 25.00) Tj
ET
BT
/Helvetica 10 Tf
0.000 g
50.00 490.00 Td
(Item 15 | Qty 2 | Unit 12.50 | Total 25.00) Tj
ET
BT
/Helvetica 10 Tf
0.000 g
50.00 470.00 Td
(Item 16 | Qty 2 | Unit 12.50 | Total 25.00) Tj
ET
BT
/Helvetica 10 Tf
0.000 g
50.00 450.00 Td
(Item 17 | Qty 2 | Unit 12.50 | Total 25.00) Tj
ET
BT
/Helvetica 10 Tf
0.000 g
50.00 430.00 Td
(Item 18 | Qty 2 | Unit 12.50 | Total 25.00) Tj
ET
BT
/Helvetica 10 Tf
0.000 g
50.00 410.00 Td
(Item 19 | Qty 2 | Unit 12.50 | Total 25.00) Tj
ET
BT
/Helvetica 10 Tf
0.000 g
50.00 390.00 Td
(Item 20 | Qty 2 | Unit 12.50 | Total 25.00) Tj
ET
BT
/Helvetica 10 Tf
0.000 g
50.00 370.00 Td
(TOTAL 500.00 EUR) Tj
ET

endstream
endobj
56 0 obj
<<
/Contents 57 0 R
/MediaBox [0 0 595 842]
/Parent 2 0 R
/Resources <<
/Font 204 0 R
>>
/Type /Page
>>
endobj
57 0 obj
<<
/Length 2056
>>
stream
BT
/Helvetica 10 Tf
0.000 g
50.00 790.00 Td
(Invoice benchmark | Page 0027/0100) Tj
ET
BT
/Helvetica 10 Tf
0.000 g
50.00 770.00 Td
(Item 01 | Qty 2 | Unit 12.50 | Total 25.00) Tj
ET
BT
/Helvetica 10 Tf
0.000 g
50.00 750.00 Td
(Item 02 | Qty 2 | Unit 12.50 | Total 25.00) Tj
ET
BT
/Helvetica 10 Tf
0.000 g
50.00 730.00 Td
(Item 03 | Qty 2 | Unit 12.50 | Total 25.00) Tj
ET
BT
/Helvetica 10 Tf
0.000 g
50.00 710.00 Td
(Item 04 | Qty 2 | Unit 12.50 | Total 25.00) Tj
ET
BT
/Helvetica 10 Tf
0.000 g
50.00 690.00 Td
(Item 05 | Qty 2 | Unit 12.50 | Total 25.00) Tj
ET
BT
/Helvetica 10 Tf
0.000 g
50.00 670.00 Td
(Item 06 | Qty 2 | Unit 12.50 | Total 25.00) Tj
ET
BT
/Helvetica 10 Tf
0.000 g
50.00 650.00 Td
(Item 07 | Qty 2 | Unit 12.50 | Total 25.00) Tj
ET
BT
/Helvetica 10 Tf
0.000 g
50.00 630.00 Td
(Item 08 | Qty 2 | Unit 12.50 | Total 25.00) Tj
ET
BT
/Helvetica 10 Tf
0.000 g
50.00 610.00 Td
(Item 09 | Qty 2 | Unit 12.50 | Total 25.00) Tj
ET
BT
/Helvetica 10 Tf
0.000 g
50.00 590.00 Td
(Item 10 | Qty 2 | Unit 12.50 | Total 25.00) Tj
ET
BT
/Helvetica 10 Tf
0.000 g
50.00 570.00 Td
(Item 11 | Qty 2 | Unit 12.50 | Total 25.00) Tj
ET
BT
/Helvetica 10 Tf
0.000 g
50.00 550.00 Td
(Item 12 | Qty 2 | Unit 12.50 | Total 25.00) Tj
ET
BT
/Helvetica 10 Tf
0.000 g
50.00 530.00 Td
(Item 13 | Qty 2 | Unit 12.50 | Total 25.00) Tj
ET
BT
/Helvetica 10 Tf
0.000 g
50.00 510.00 Td
(Item 14 | Qty 2 | Unit 12.50 | Total 25.00) Tj
ET
BT
/Helvetica 10 Tf
0.000 g
50.00 490.00 Td
(Item 15 | Qty 2 | Unit 12.50 | Total 25.00) Tj
ET
BT
/Helvetica 10 Tf
0.000 g
50.00 470.00 Td
(Item 16 | Qty 2 | Unit 12.50 | Total 25.00) Tj
ET
BT
/Helvetica 10 Tf
0.000 g
50.00 450.00 Td
(Item 17 | Qty 2 | Unit 12.50 | Total 25.00) Tj
ET
BT
/Helvetica 10 Tf
0.000 g
50.00 430.00 Td
(Item 18 | Qty 2 | Unit 12.50 | Total 25.00) Tj
ET
BT
/Helvetica 10 Tf
0.000 g
50.00 410.00 Td
(Item 19 | Qty 2 | Unit 12.50 | Total 25.00) Tj
ET
BT
/Helvetica 10 Tf
0.000 g
50.00 390.00 Td
(Item 20 | Qty 2 | Unit 12.50 | Total 25.00) Tj
ET
BT
/Helvetica 10 Tf
0.000 g
50.00 370.00 Td
(TOTAL 500.00 EUR) Tj
ET

endstream
endobj
58 0 obj
<<
/Contents 59 0 R
/MediaBox [0 0 595 842]
/Parent 2 0 R
/Resources <<
/Font 204 0 R
>>
/Type /Page
>>
endobj
59 0 obj
<<
/Length 2056
>>
stream
BT
/Helvetica 10 Tf
0.000 g
50.00 790.00 Td
(Invoice benchmark | Page 0028/0100) Tj
ET
BT
/Helvetica 10 Tf
0.000 g
50.00 770.00 Td
(Item 01 | Qty 2 | Unit 12.50 | Total 25.00) Tj
ET
BT
/Helvetica 10 Tf
0.000 g
50.00 750.00 Td
(Item 02 | Qty 2 | Unit 12.50 | Total 25.00) Tj
ET
BT
/Helvetica 10 Tf
0.000 g
50.00 730.00 Td
(Item 03 | Qty 2 | Unit 12.50 | Total 25.00) Tj
ET
BT
/Helvetica 10 Tf
0.000 g
50.00 710.00 Td
(Item 04 | Qty 2 | Unit 12.50 | Total 25.00) Tj
ET
BT
/Helvetica 10 Tf
0.000 g
50.00 690.00 Td
(Item 05 | Qty 2 | Unit 12.50 | Total 25.00) Tj
ET
BT
/Helvetica 10 Tf
0.000 g
50.00 670.00 Td
(Item 06 | Qty 2 | Unit 12.50 | Total 25.00) Tj
ET
BT
/Helvetica 10 Tf
0.000 g
50.00 650.00 Td
(Item 07 | Qty 2 | Unit 12.50 | Total 25.00) Tj
ET
BT
/Helvetica 10 Tf
0.000 g
50.00 630.00 Td
(Item 08 | Qty 2 | Unit 12.50 | Total 25.00) Tj
ET
BT
/Helvetica 10 Tf
0.000 g
50.00 610.00 Td
(Item 09 | Qty 2 | Unit 12.50 | Total 25.00) Tj
ET
BT
/Helvetica 10 Tf
0.000 g
50.00 590.00 Td
(Item 10 | Qty 2 | Unit 12.50 | Total 25.00) Tj
ET
BT
/Helvetica 10 Tf
0.000 g
50.00 570.00 Td
(Item 11 | Qty 2 | Unit 12.50 | Total 25.00) Tj
ET
BT
/Helvetica 10 Tf
0.000 g
50.00 550.00 Td
(Item 12 | Qty 2 | Unit 12.50 | Total 25.00) Tj
ET
BT
/Helvetica 10 Tf
0.000 g
50.00 530.00 Td
(Item 13 | Qty 2 | Unit 12.50 | Total 25.00) Tj
ET
BT
/Helvetica 10 Tf
0.000 g
50.00 510.00 Td
(Item 14 | Qty 2 | Unit 12.50 | Total 25.00) Tj
ET
BT
/Helvetica 10 Tf
0.000 g
50.00 490.00 Td
(Item 15 | Qty 2 | Unit 12.50 | Total 25.00) Tj
ET
BT
/Helvetica 10 Tf
0.000 g
50.00 470.00 Td
(Item 16 | Qty 2 | Unit 12.50 | Total 25.00) Tj
ET
BT
/Helvetica 10 Tf
0.000 g
50.00 450.00 Td
(Item 17 | Qty 2 | Unit 12.50 | Total 25.00) Tj
ET
BT
/Helvetica 10 Tf
0.000 g
50.00 430.00 Td
(Item 18 | Qty 2 | Unit 12.50 | Total 25.00) Tj
ET
BT
/Helvetica 10 Tf
0.000 g
50.00 410.00 Td
(Item 19 | Qty 2 | Unit 12.50 | Total 25.00) Tj
ET
BT
/Helvetica 10 Tf
0.000 g
50.00 390.00 Td
(Item 20 | Qty 2 | Unit 12.50 | Total 25.00) Tj
ET
BT
/Helvetica 10 Tf
0.000 g
50.00 370.00 Td
(TOTAL 500.00 EUR) Tj
ET

endstream
endobj
60 0 obj
<<
/Contents 61 0 R
/MediaBox [0 0 595 842]
/Parent 2 0 R
/Resources <<
/Font 204 0 R
>>
/Type /Page
>>
endobj
61 0 obj
<<
/Length 2056
>>
stream
BT
/Helvetica 10 Tf
0.000 g
50.00 790.00 Td
(Invoice benchmark | Page 0029/0100) Tj
ET
BT
/Helvetica 10 Tf
0.000 g
50.00 770.00 Td
(Item 01 | Qty 2 | Unit 12.50 | Total 25.00) Tj
ET
BT
/Helvetica 10 Tf
0.000 g
50.00 750.00 Td
(Item 02 | Qty 2 | Unit 12.50 | Total 25.00) Tj
ET
BT
/Helvetica 10 Tf
0.000 g
50.00 730.00 Td
(Item 03 | Qty 2 | Unit 12.50 | Total 25.00) Tj
ET
BT
/Helvetica 10 Tf
0.000 g
50.00 710.00 Td
(Item 04 | Qty 2 | Unit 12.50 | Total 25.00) Tj
ET
BT
/Helvetica 10 Tf
0.000 g
50.00 690.00 Td
(Item 05 | Qty 2 | Unit 12.50 | Total 25.00) Tj
ET
BT
/Helvetica 10 Tf
0.000 g
50.00 670.00 Td
(Item 06 | Qty 2 | Unit 12.50 | Total 25.00) Tj
ET
BT
/Helvetica 10 Tf
0.000 g
50.00 650.00 Td
(Item 07 | Qty 2 | Unit 12.50 | Total 25.00) Tj
ET
BT
/Helvetica 10 Tf
0.000 g
50.00 630.00 Td
(Item 08 | Qty 2 | Unit 12.50 | Total 25.00) Tj
ET
BT
/Helvetica 10 Tf
0.000 g
50.00 610.00 Td
(Item 09 | Qty 2 | Unit 12.50 | Total 25.00) Tj
ET
BT
/Helvetica 10 Tf
0.000 g
50.00 590.00 Td
(Item 10 | Qty 2 | Unit 12.50 | Total 25.00) Tj
ET
BT
/Helvetica 10 Tf
0.000 g
50.00 570.00 Td
(Item 11 | Qty 2 | Unit 12.50 | Total 25.00) Tj
ET
BT
/Helvetica 10 Tf
0.000 g
50.00 550.00 Td
(Item 12 | Qty 2 | Unit 12.50 | Total 25.00) Tj
ET
BT
/Helvetica 10 Tf
0.000 g
50.00 530.00 Td
(Item 13 | Qty 2 | Unit 12.50 | Total 25.00) Tj
ET
BT
/Helvetica 10 Tf
0.000 g
50.00 510.00 Td
(Item 14 | Qty 2 | Unit 12.50 | Total 25.00) Tj
ET
BT
/Helvetica 10 Tf
0.000 g
50.00 490.00 Td
(Item 15 | Qty 2 | Unit 12.50 | Total 25.00) Tj
ET
BT
/Helvetica 10 Tf
0.000 g
50.00 470.00 Td
(Item 16 | Qty 2 | Unit 12.50 | Total 25.00) Tj
ET
BT
/Helvetica 10 Tf
0.000 g
50.00 450.00 Td
(Item 17 | Qty 2 | Unit 12.50 | Total 25.00) Tj
ET
BT
/Helvetica 10 Tf
0.000 g
50.00 430.00 Td
(Item 18 | Qty 2 | Unit 12.50 | Total 25.00) Tj
ET
BT
/Helvetica 10 Tf
0.000 g
50.00 410.00 Td
(Item 19 | Qty 2 | Unit 12.50 | Total 25.00) Tj
ET
BT
/Helvetica 10 Tf
0.000 g
50.00 390.00 Td
(Item 20 | Qty 2 | Unit 12.50 | Total 25.00) Tj
ET
BT
/Helvetica 10 Tf
0.000 g
50.00 370.00 Td
(TOTAL 500.00 EUR) Tj
ET

endstream
endobj
62 0 obj
<<
/Contents 63 0 R
/MediaBox [0 0 595 842]
/Parent 2 0 R
/Resources <<
/Font 204 0 R
>>
/Type /Page
>>
endobj
63 0 obj
<<
/Length 2056
>>
stream
BT
/Helvetica 10 Tf
0.000 g
50.00 790.00 Td
(Invoice benchmark | Page 0030/0100) Tj
ET
BT
/Helvetica 10 Tf
0.000 g
50.00 770.00 Td
(Item 01 | Qty 2 | Unit 12.50 | Total 25.00) Tj
ET
BT
/Helvetica 10 Tf
0.000 g
50.00 750.00 Td
(Item 02 | Qty 2 | Unit 12.50 | Total 25.00) Tj
ET
BT
/Helvetica 10 Tf
0.000 g
50.00 730.00 Td
(Item 03 | Qty 2 | Unit 12.50 | Total 25.00) Tj
ET
BT
/Helvetica 10 Tf
0.000 g
50.00 710.00 Td
(Item 04 | Qty 2 | Unit 12.50 | Total 25.00) Tj
ET
BT
/Helvetica 10 Tf
0.000 g
50.00 690.00 Td
(Item 05 | Qty 2 | Unit 12.50 | Total 25.00) Tj
ET
BT
/Helvetica 10 Tf
0.000 g
50.00 670.00 Td
(Item 06 | Qty 2 | Unit 12.50 | Total 25.00) Tj
ET
BT
/Helvetica 10 Tf
0.000 g
50.00 650.00 Td
(Item 07 | Qty 2 | Unit 12.50 | Total 25.00) Tj
ET
BT
/Helvetica 10 Tf
0.000 g
50.00 630.00 Td
(Item 08 | Qty 2 | Unit 12.50 | Total 25.00) Tj
ET
BT
/Helvetica 10 Tf
0.000 g
50.00 610.00 Td
(Item 09 | Qty 2 | Unit 12.50 | Total 25.00) Tj
ET
BT
/Helvetica 10 Tf
0.000 g
50.00 590.00 Td
(Item 10 | Qty 2 | Unit 12.50 | Total 25.00) Tj
ET
BT
/Helvetica 10 Tf
0.000 g
50.00 570.00 Td
(Item 11 | Qty 2 | Unit 12.50 | Total 25.00) Tj
ET
BT
/Helvetica 10 Tf
0.000 g
50.00 550.00 Td
(Item 12 | Qty 2 | Unit 12.50 | Total 25.00) Tj
ET
BT
/Helvetica 10 Tf
0.000 g
50.00 530.00 Td
(Item 13 | Qty 2 | Unit 12.50 | Total 25.00) Tj
ET
BT
/Helvetica 10 Tf
0.000 g
50.00 510.00 Td
(Item 14 | Qty 2 | Unit 12.50 | Total 25.00) Tj
ET
BT
/Helvetica 10 Tf
0.000 g
50.00 490.00 Td
(Item 15 | Qty 2 | Unit 12.50 | Total 25.00) Tj
ET
BT
/Helvetica 10 Tf
0.000 g
50.00 470.00 Td
(Item 16 | Qty 2 | Unit 12.50 | Total 25.00) Tj
ET
BT
/Helvetica 10 Tf
0.000 g
50.00 450.00 Td
(Item 17 | Qty 2 | Unit 12.50 | Total 25.00) Tj
ET
BT
/Helvetica 10 Tf
0.000 g
50.00 430.00 Td
(Item 18 | Qty 2 | Unit 12.50 | Total 25.00) Tj
ET
BT
/Helvetica 10 Tf
0.000 g
50.00 410.00 Td
(Item 19 | Qty 2 | Unit 12.50 | Total 25.00) Tj
ET
BT
/Helvetica 10 Tf
0.000 g
50.00 390.00 Td
(Item 20 | Qty 2 | Unit 12.50 | Total 25.00) Tj
ET
BT
/Helvetica 10 Tf
0.000 g
50.00 370.00 Td
(TOTAL 500.00 EUR) Tj
ET

endstream
endobj
64 0 obj
<<
/Contents 65 0 R
/MediaBox [0 0 595 842]
/Parent 2 0 R
/Resources <<
/Font 204 0 R
>>
/Type /Page
>>
endobj
65 0 obj
<<
/Length 2056
>>
stream
BT
/Helvetica 10 Tf
0.000 g
50.00 790.00 Td
(Invoice benchmark | Page 0031/0100) Tj
ET
BT
/Helvetica 10 Tf
0.000 g
50.00 770.00 Td
(Item 01 | Qty 2 | Unit 12.50 | Total 25.00) Tj
ET
BT
/Helvetica 10 Tf
0.000 g
50.00 750.00 Td
(Item 02 | Qty 2 | Unit 12.50 | Total 25.00) Tj
ET
BT
/Helvetica 10 Tf
0.000 g
50.00 730.00 Td
(Item 03 | Qty 2 | Unit 12.50 | Total 25.00) Tj
ET
BT
/Helvetica 10 Tf
0.000 g
50.00 710.00 Td
(Item 04 | Qty 2 | Unit 12.50 | Total 25.00) Tj
ET
BT
/Helvetica 10 Tf
0.000 g
50.00 690.00 Td
(Item 05 | Qty 2 | Unit 12.50 | Total 25.00) Tj
ET
BT
/Helvetica 10 Tf
0.000 g
50.00 670.00 Td
(Item 06 | Qty 2 | Unit 12.50 | Total 25.00) Tj
ET
BT
/Helvetica 10 Tf
0.000 g
50.00 650.00 Td
(Item 07 | Qty 2 | Unit 12.50 | Total 25.00) Tj
ET
BT
/Helvetica 10 Tf
0.000 g
50.00 630.00 Td
(Item 08 | Qty 2 | Unit 12.50 | Total 25.00) Tj
ET
BT
/Helvetica 10 Tf
0.000 g
50.00 610.00 Td
(Item 09 | Qty 2 | Unit 12.50 | Total 25.00) Tj
ET
BT
/Helvetica 10 Tf
0.000 g
50.00 590.00 Td
(Item 10 | Qty 2 | Unit 12.50 | Total 25.00) Tj
ET
BT
/Helvetica 10 Tf
0.000 g
50.00 570.00 Td
(Item 11 | Qty 2 | Unit 12.50 | Total 25.00) Tj
ET
BT
/Helvetica 10 Tf
0.000 g
50.00 550.00 Td
(Item 12 | Qty 2 | Unit 12.50 | Total 25.00) Tj
ET
BT
/Helvetica 10 Tf
0.000 g
50.00 530.00 Td
(Item 13 | Qty 2 | Unit 12.50 | Total 25.00) Tj
ET
BT
/Helvetica 10 Tf
0.000 g
50.00 510.00 Td
(Item 14 | Qty 2 | Unit 12.50 | Total 25.00) Tj
ET
BT
/Helvetica 10 Tf
0.000 g
50.00 490.00 Td
(Item 15 | Qty 2 | Unit 12.50 | Total 25.00) Tj
ET
BT
/Helvetica 10 Tf
0.000 g
50.00 470.00 Td
(Item 16 | Qty 2 | Unit 12.50 | Total 25.00) Tj
ET
BT
/Helvetica 10 Tf
0.000 g
50.00 450.00 Td
(Item 17 | Qty 2 | Unit 12.50 | Total 25.00) Tj
ET
BT
/Helvetica 10 Tf
0.000 g
50.00 430.00 Td
(Item 18 | Qty 2 | Unit 12.50 | Total 25.00) Tj
ET
BT
/Helvetica 10 Tf
0.000 g
50.00 410.00 Td
(Item 19 | Qty 2 | Unit 12.50 | Total 25.00) Tj
ET
BT
/Helvetica 10 Tf
0.000 g
50.00 390.00 Td
(Item 20 | Qty 2 | Unit 12.50 | Total 25.00) Tj
ET
BT
/Helvetica 10 Tf
0.000 g
50.00 370.00 Td
(TOTAL 500.00 EUR) Tj
ET

endstream
endobj
66 0 obj
<<
/Contents 67 0 R
/MediaBox [0 0 595 842]
/Parent 2 0 R
/Resources <<
/Font 204 0 R
>>
/Type /Page
>>
endobj
67 0 obj
<<
/Length 2056
>>
stream
BT
/Helvetica 10 Tf
0.000 g
50.00 790.00 Td
(Invoice benchmark | Page 0032/0100) Tj
ET
BT
/Helvetica 10 Tf
0.000 g
50.00 770.00 Td
(Item 01 | Qty 2 | Unit 12.50 | Total 25.00) Tj
ET
BT
/Helvetica 10 Tf
0.000 g
50.00 750.00 Td
(Item 02 | Qty 2 | Unit 12.50 | Total 25.00) Tj
ET
BT
/Helvetica 10 Tf
0.000 g
50.00 730.00 Td
(Item 03 | Qty 2 | Unit 12.50 | Total 25.00) Tj
ET
BT
/Helvetica 10 Tf
0.000 g
50.00 710.00 Td
(Item 04 | Qty 2 | Unit 12.50 | Total 25.00) Tj
ET
BT
/Helvetica 10 Tf
0.000 g
50.00 690.00 Td
(Item 05 | Qty 2 | Unit 12.50 | Total 25.00) Tj
ET
BT
/Helvetica 10 Tf
0.000 g
50.00 670.00 Td
(Item 06 | Qty 2 | Unit 12.50 | Total 25.00) Tj
ET
BT
/Helvetica 10 Tf
0.000 g
50.00 650.00 Td
(Item 07 | Qty 2 | Unit 12.50 | Total 25.00) Tj
ET
BT
/Helvetica 10 Tf
0.000 g
50.00 630.00 Td
(Item 08 | Qty 2 | Unit 12.50 | Total 25.00) Tj
ET
BT
/Helvetica 10 Tf
0.000 g
50.00 610.00 Td
(Item 09 | Qty 2 | Unit 12.50 | Total 25.00) Tj
ET
BT
/Helvetica 10 Tf
0.000 g
50.00 590.00 Td
(Item 10 | Qty 2 | Unit 12.50 | Total 25.00) Tj
ET
BT
/Helvetica 10 Tf
0.000 g
50.00 570.00 Td
(Item 11 | Qty 2 | Unit 12.50 | Total 25.00) Tj
ET
BT
/Helvetica 10 Tf
0.000 g
50.00 550.00 Td
(Item 12 | Qty 2 | Unit 12.50 | Total 25.00) Tj
ET
BT
/Helvetica 10 Tf
0.000 g
50.00 530.00 Td
(Item 13 | Qty 2 | Unit 12.50 | Total 25.00) Tj
ET
BT
/Helvetica 10 Tf
0.000 g
50.00 510.00 Td
(Item 14 | Qty 2 | Unit 12.50 | Total 25.00) Tj
ET
BT
/Helvetica 10 Tf
0.000 g
50.00 490.00 Td
(Item 15 | Qty 2 | Unit 12.50 | Total 25.00) Tj
ET
BT
/Helvetica 10 Tf
0.000 g
50.00 470.00 Td
(Item 16 | Qty 2 | Unit 12.50 | Total 25.00) Tj
ET
BT
/Helvetica 10 Tf
0.000 g
50.00 450.00 Td
(Item 17 | Qty 2 | Unit 12.50 | Total 25.00) Tj
ET
BT
/Helvetica 10 Tf
0.000 g
50.00 430.00 Td
(Item 18 | Qty 2 | Unit 12.50 | Total 25.00) Tj
ET
BT
/Helvetica 10 Tf
0.000 g
50.00 410.00 Td
(Item 19 | Qty 2 | Unit 12.50 | Total 25.00) Tj
ET
BT
/Helvetica 10 Tf
0.000 g
50.00 390.00 Td
(Item 20 | Qty 2 | Unit 12.50 | Total 25.00) Tj
ET
BT
/Helvetica 10 Tf
0.000 g
50.00 370.00 Td
(TOTAL 500.00 EUR) Tj
ET

endstream
endobj
68 0 obj
<<
/Contents 69 0 R
/MediaBox [0 0 595 842]
/Parent 2 0 R
/Resources <<
/Font 204 0 R
>>
/Type /Page
>>
endobj
69 0 obj
<<
/Length 2056
>>
stream
BT
/Helvetica 10 Tf
0.000 g
50.00 790.00 Td
(Invoice benchmark | Page 0033/0100) Tj
ET
BT
/Helvetica 10 Tf
0.000 g
50.00 770.00 Td
(Item 01 | Qty 2 | Unit 12.50 | Total 25.00) Tj
ET
BT
/Helvetica 10 Tf
0.000 g
50.00 750.00 Td
(Item 02 | Qty 2 | Unit 12.50 | Total 25.00) Tj
ET
BT
/Helvetica 10 Tf
0.000 g
50.00 730.00 Td
(Item 03 | Qty 2 | Unit 12.50 | Total 25.00) Tj
ET
BT
/Helvetica 10 Tf
0.000 g
50.00 710.00 Td
(Item 04 | Qty 2 | Unit 12.50 | Total 25.00) Tj
ET
BT
/Helvetica 10 Tf
0.000 g
50.00 690.00 Td
(Item 05 | Qty 2 | Unit 12.50 | Total 25.00) Tj
ET
BT
/Helvetica 10 Tf
0.000 g
50.00 670.00 Td
(Item 06 | Qty 2 | Unit 12.50 | Total 25.00) Tj
ET
BT
/Helvetica 10 Tf
0.000 g
50.00 650.00 Td
(Item 07 | Qty 2 | Unit 12.50 | Total 25.00) Tj
ET
BT
/Helvetica 10 Tf
0.000 g
50.00 630.00 Td
(Item 08 | Qty 2 | Unit 12.50 | Total 25.00) Tj
ET
BT
/Helvetica 10 Tf
0.000 g
50.00 610.00 Td
(Item 09 | Qty 2 | Unit 12.50 | Total 25.00) Tj
ET
BT
/Helvetica 10 Tf
0.000 g
50.00 590.00 Td
(Item 10 | Qty 2 | Unit 12.50 | Total 25.00) Tj
ET
BT
/Helvetica 10 Tf
0.000 g
50.00 570.00 Td
(Item 11 | Qty 2 | Unit 12.50 | Total 25.00) Tj
ET
BT
/Helvetica 10 Tf
0.000 g
50.00 550.00 Td
(Item 12 | Qty 2 | Unit 12.50 | Total 25.00) Tj
ET
BT
/Helvetica 10 Tf
0.000 g
50.00 530.00 Td
(Item 13 | Qty 2 | Unit 12.50 | Total 25.00) Tj
ET
BT
/Helvetica 10 Tf
0.000 g
50.00 510.00 Td
(Item 14 | Qty 2 | Unit 12.50 | Total 25.00) Tj
ET
BT
/Helvetica 10 Tf
0.000 g
50.00 490.00 Td
(Item 15 | Qty 2 | Unit 12.50 | Total 25.00) Tj
ET
BT
/Helvetica 10 Tf
0.000 g
50.00 470.00 Td
(Item 16 | Qty 2 | Unit 12.50 | Total 25.00) Tj
ET
BT
/Helvetica 10 Tf
0.000 g
50.00 450.00 Td
(Item 17 | Qty 2 | Unit 12.50 | Total 25.00) Tj
ET
BT
/Helvetica 10 Tf
0.000 g
50.00 430.00 Td
(Item 18 | Qty 2 | Unit 12.50 | Total 25.00) Tj
ET
BT
/Helvetica 10 Tf
0.000 g
50.00 410.00 Td
(Item 19 | Qty 2 | Unit 12.50 | Total 25.00) Tj
ET
BT
/Helvetica 10 Tf
0.000 g
50.00 390.00 Td
(Item 20 | Qty 2 | Unit 12.50 | Total 25.00) Tj
ET
BT
/Helvetica 10 Tf
0.000 g
50.00 370.00 Td
(TOTAL 500.00 EUR) Tj
ET

endstream
endobj
70 0 obj
<<
/Contents 71 0 R
/MediaBox [0 0 595 842]
/Parent 2 0 R
/Resources <<
/Font 204 0 R
>>
/Type /Page
>>
endobj
71 0 obj
<<
/Length 2056
>>
stream
BT
/Helvetica 10 Tf
0.000 g
50.00 790.00 Td
(Invoice benchmark | Page 0034/0100) Tj
ET
BT
/Helvetica 10 Tf
0.000 g
50.00 770.00 Td
(Item 01 | Qty 2 | Unit 12.50 | Total 25.00) Tj
ET
BT
/Helvetica 10 Tf
0.000 g
50.00 750.00 Td
(Item 02 | Qty 2 | Unit 12.50 | Total 25.00) Tj
ET
BT
/Helvetica 10 Tf
0.000 g
50.00 730.00 Td
(Item 03 | Qty 2 | Unit 12.50 | Total 25.00) Tj
ET
BT
/Helvetica 10 Tf
0.000 g
50.00 710.00 Td
(Item 04 | Qty 2 | Unit 12.50 | Total 25.00) Tj
ET
BT
/Helvetica 10 Tf
0.000 g
50.00 690.00 Td
(Item 05 | Qty 2 | Unit 12.50 | Total 25.00) Tj
ET
BT
/Helvetica 10 Tf
0.000 g
50.00 670.00 Td
(Item 06 | Qty 2 | Unit 12.50 | Total 25.00) Tj
ET
BT
/Helvetica 10 Tf
0.000 g
50.00 650.00 Td
(Item 07 | Qty 2 | Unit 12.50 | Total 25.00) Tj
ET
BT
/Helvetica 10 Tf
0.000 g
50.00 630.00 Td
(Item 08 | Qty 2 | Unit 12.50 | Total 25.00) Tj
ET
BT
/Helvetica 10 Tf
0.000 g
50.00 610.00 Td
(Item 09 | Qty 2 | Unit 12.50 | Total 25.00) Tj
ET
BT
/Helvetica 10 Tf
0.000 g
50.00 590.00 Td
(Item 10 | Qty 2 | Unit 12.50 | Total 25.00) Tj
ET
BT
/Helvetica 10 Tf
0.000 g
50.00 570.00 Td
(Item 11 | Qty 2 | Unit 12.50 | Total 25.00) Tj
ET
BT
/Helvetica 10 Tf
0.000 g
50.00 550.00 Td
(Item 12 | Qty 2 | Unit 12.50 | Total 25.00) Tj
ET
BT
/Helvetica 10 Tf
0.000 g
50.00 530.00 Td
(Item 13 | Qty 2 | Unit 12.50 | Total 25.00) Tj
ET
BT
/Helvetica 10 Tf
0.000 g
50.00 510.00 Td
(Item 14 | Qty 2 | Unit 12.50 | Total 25.00) Tj
ET
BT
/Helvetica 10 Tf
0.000 g
50.00 490.00 Td
(Item 15 | Qty 2 | Unit 12.50 | Total 25.00) Tj
ET
BT
/Helvetica 10 Tf
0.000 g
50.00 470.00 Td
(Item 16 | Qty 2 | Unit 12.50 | Total 25.00) Tj
ET
BT
/Helvetica 10 Tf
0.000 g
50.00 450.00 Td
(Item 17 | Qty 2 | Unit 12.50 | Total 25.00) Tj
ET
BT
/Helvetica 10 Tf
0.000 g
50.00 430.00 Td
(Item 18 | Qty 2 | Unit 12.50 | Total 25.00) Tj
ET
BT
/Helvetica 10 Tf
0.000 g
50.00 410.00 Td
(Item 19 | Qty 2 | Unit 12.50 | Total 25.00) Tj
ET
BT
/Helvetica 10 Tf
0.000 g
50.00 390.00 Td
(Item 20 | Qty 2 | Unit 12.50 | Total 25.00) Tj
ET
BT
/Helvetica 10 Tf
0.000 g
50.00 370.00 Td
(TOTAL 500.00 EUR) Tj
ET

endstream
endobj
72 0 obj
<<
/Contents 73 0 R
/MediaBox [0 0 595 842]
/Parent 2 0 R
/Resources <<
/Font 204 0 R
>>
/Type /Page
>>
endobj
73 0 obj
<<
/Length 2056
>>
stream
BT
/Helvetica 10 Tf
0.000 g
50.00 790.00 Td
(Invoice benchmark | Page 0035/0100) Tj
ET
BT
/Helvetica 10 Tf
0.000 g
50.00 770.00 Td
(Item 01 | Qty 2 | Unit 12.50 | Total 25.00) Tj
ET
BT
/Helvetica 10 Tf
0.000 g
50.00 750.00 Td
(Item 02 | Qty 2 | Unit 12.50 | Total 25.00) Tj
ET
BT
/Helvetica 10 Tf
0.000 g
50.00 730.00 Td
(Item 03 | Qty 2 | Unit 12.50 | Total 25.00) Tj
ET
BT
/Helvetica 10 Tf
0.000 g
50.00 710.00 Td
(Item 04 | Qty 2 | Unit 12.50 | Total 25.00) Tj
ET
BT
/Helvetica 10 Tf
0.000 g
50.00 690.00 Td
(Item 05 | Qty 2 | Unit 12.50 | Total 25.00) Tj
ET
BT
/Helvetica 10 Tf
0.000 g
50.00 670.00 Td
(Item 06 | Qty 2 | Unit 12.50 | Total 25.00) Tj
ET
BT
/Helvetica 10 Tf
0.000 g
50.00 650.00 Td
(Item 07 | Qty 2 | Unit 12.50 | Total 25.00) Tj
ET
BT
/Helvetica 10 Tf
0.000 g
50.00 630.00 Td
(Item 08 | Qty 2 | Unit 12.50 | Total 25.00) Tj
ET
BT
/Helvetica 10 Tf
0.000 g
50.00 610.00 Td
(Item 09 | Qty 2 | Unit 12.50 | Total 25.00) Tj
ET
BT
/Helvetica 10 Tf
0.000 g
50.00 590.00 Td
(Item 10 | Qty 2 | Unit 12.50 | Total 25.00) Tj
ET
BT
/Helvetica 10 Tf
0.000 g
50.00 570.00 Td
(Item 11 | Qty 2 | Unit 12.50 | Total 25.00) Tj
ET
BT
/Helvetica 10 Tf
0.000 g
50.00 550.00 Td
(Item 12 | Qty 2 | Unit 12.50 | Total 25.00) Tj
ET
BT
/Helvetica 10 Tf
0.000 g
50.00 530.00 Td
(Item 13 | Qty 2 | Unit 12.50 | Total 25.00) Tj
ET
BT
/Helvetica 10 Tf
0.000 g
50.00 510.00 Td
(Item 14 | Qty 2 | Unit 12.50 | Total 25.00) Tj
ET
BT
/Helvetica 10 Tf
0.000 g
50.00 490.00 Td
(Item 15 | Qty 2 | Unit 12.50 | Total 25.00) Tj
ET
BT
/Helvetica 10 Tf
0.000 g
50.00 470.00 Td
(Item 16 | Qty 2 | Unit 12.50 | Total 25.00) Tj
ET
BT
/Helvetica 10 Tf
0.000 g
50.00 450.00 Td
(Item 17 | Qty 2 | Unit 12.50 | Total 25.00) Tj
ET
BT
/Helvetica 10 Tf
0.000 g
50.00 430.00 Td
(Item 18 | Qty 2 | Unit 12.50 | Total 25.00) Tj
ET
BT
/Helvetica 10 Tf
0.000 g
50.00 410.00 Td
(Item 19 | Qty 2 | Unit 12.50 | Total 25.00) Tj
ET
BT
/Helvetica 10 Tf
0.000 g
50.00 390.00 Td
(Item 20 | Qty 2 | Unit 12.50 | Total 25.00) Tj
ET
BT
/Helvetica 10 Tf
0.000 g
50.00 370.00 Td
(TOTAL 500.00 EUR) Tj
ET

endstream
endobj
74 0 obj
<<
/Contents 75 0 R
/MediaBox [0 0 595 842]
/Parent 2 0 R
/Resources <<
/Font 204 0 R
>>
/Type /Page
>>
endobj
75 0 obj
<<
/Length 2056
>>
stream
BT
/Helvetica 10 Tf
0.000 g
50.00 790.00 Td
(Invoice benchmark | Page 0036/0100) Tj
ET
BT
/Helvetica 10 Tf
0.000 g
50.00 770.00 Td
(Item 01 | Qty 2 | Unit 12.50 | Total 25.00) Tj
ET
BT
/Helvetica 10 Tf
0.000 g
50.00 750.00 Td
(Item 02 | Qty 2 | Unit 12.50 | Total 25.00) Tj
ET
BT
/Helvetica 10 Tf
0.000 g
50.00 730.00 Td
(Item 03 | Qty 2 | Unit 12.50 | Total 25.00) Tj
ET
BT
/Helvetica 10 Tf
0.000 g
50.00 710.00 Td
(Item 04 | Qty 2 | Unit 12.50 | Total 25.00) Tj
ET
BT
/Helvetica 10 Tf
0.000 g
50.00 690.00 Td
(Item 05 | Qty 2 | Unit 12.50 | Total 25.00) Tj
ET
BT
/Helvetica 10 Tf
0.000 g
50.00 670.00 Td
(Item 06 | Qty 2 | Unit 12.50 | Total 25.00) Tj
ET
BT
/Helvetica 10 Tf
0.000 g
50.00 650.00 Td
(Item 07 | Qty 2 | Unit 12.50 | Total 25.00) Tj
ET
BT
/Helvetica 10 Tf
0.000 g
50.00 630.00 Td
(Item 08 | Qty 2 | Unit 12.50 | Total 25.00) Tj
ET
BT
/Helvetica 10 Tf
0.000 g
50.00 610.00 Td
(Item 09 | Qty 2 | Unit 12.50 | Total 25.00) Tj
ET
BT
/Helvetica 10 Tf
0.000 g
50.00 590.00 Td
(Item 10 | Qty 2 | Unit 12.50 | Total 25.00) Tj
ET
BT
/Helvetica 10 Tf
0.000 g
50.00 570.00 Td
(Item 11 | Qty 2 | Unit 12.50 | Total 25.00) Tj
ET
BT
/Helvetica 10 Tf
0.000 g
50.00 550.00 Td
(Item 12 | Qty 2 | Unit 12.50 | Total 25.00) Tj
ET
BT
/Helvetica 10 Tf
0.000 g
50.00 530.00 Td
(Item 13 | Qty 2 | Unit 12.50 | Total 25.00) Tj
ET
BT
/Helvetica 10 Tf
0.000 g
50.00 510.00 Td
(Item 14 | Qty 2 | Unit 12.50 | Total 25.00) Tj
ET
BT
/Helvetica 10 Tf
0.000 g
50.00 490.00 Td
(Item 15 | Qty 2 | Unit 12.50 | Total 25.00) Tj
ET
BT
/Helvetica 10 Tf
0.000 g
50.00 470.00 Td
(Item 16 | Qty 2 | Unit 12.50 | Total 25.00) Tj
ET
BT
/Helvetica 10 Tf
0.000 g
50.00 450.00 Td
(Item 17 | Qty 2 | Unit 12.50 | Total 25.00) Tj
ET
BT
/Helvetica 10 Tf
0.000 g
50.00 430.00 Td
(Item 18 | Qty 2 | Unit 12.50 | Total 25.00) Tj
ET
BT
/Helvetica 10 Tf
0.000 g
50.00 410.00 Td
(Item 19 | Qty 2 | Unit 12.50 | Total 25.00) Tj
ET
BT
/Helvetica 10 Tf
0.000 g
50.00 390.00 Td
(Item 20 | Qty 2 | Unit 12.50 | Total 25.00) Tj
ET
BT
/Helvetica 10 Tf
0.000 g
50.00 370.00 Td
(TOTAL 500.00 EUR) Tj
ET

endstream
endobj
76 0 obj
<<
/Contents 77 0 R
/MediaBox [0 0 595 842]
/Parent 2 0 R
/Resources <<
/Font 204 0 R
>>
/Type /Page
>>
endobj
77 0 obj
<<
/Length 2056
>>
stream
BT
/Helvetica 10 Tf
0.000 g
50.00 790.00 Td
(Invoice benchmark | Page 0037/0100) Tj
ET
BT
/Helvetica 10 Tf
0.000 g
50.00 770.00 Td
(Item 01 | Qty 2 | Unit 12.50 | Total 25.00) Tj
ET
BT
/Helvetica 10 Tf
0.000 g
50.00 750.00 Td
(Item 02 | Qty 2 | Unit 12.50 | Total 25.00) Tj
ET
BT
/Helvetica 10 Tf
0.000 g
50.00 730.00 Td
(Item 03 | Qty 2 | Unit 12.50 | Total 25.00) Tj
ET
BT
/Helvetica 10 Tf
0.000 g
50.00 710.00 Td
(Item 04 | Qty 2 | Unit 12.50 | Total 25.00) Tj
ET
BT
/Helvetica 10 Tf
0.000 g
50.00 690.00 Td
(Item 05 | Qty 2 | Unit 12.50 | Total 25.00) Tj
ET
BT
/Helvetica 10 Tf
0.000 g
50.00 670.00 Td
(Item 06 | Qty 2 | Unit 12.50 | Total 25.00) Tj
ET
BT
/Helvetica 10 Tf
0.000 g
50.00 650.00 Td
(Item 07 | Qty 2 | Unit 12.50 | Total 25.00) Tj
ET
BT
/Helvetica 10 Tf
0.000 g
50.00 630.00 Td
(Item 08 | Qty 2 | Unit 12.50 | Total 25.00) Tj
ET
BT
/Helvetica 10 Tf
0.000 g
50.00 610.00 Td
(Item 09 | Qty 2 | Unit 12.50 | Total 25.00) Tj
ET
BT
/Helvetica 10 Tf
0.000 g
50.00 590.00 Td
(Item 10 | Qty 2 | Unit 12.50 | Total 25.00) Tj
ET
BT
/Helvetica 10 Tf
0.000 g
50.00 570.00 Td
(Item 11 | Qty 2 | Unit 12.50 | Total 25.00) Tj
ET
BT
/Helvetica 10 Tf
0.000 g
50.00 550.00 Td
(Item 12 | Qty 2 | Unit 12.50 | Total 25.00) Tj
ET
BT
/Helvetica 10 Tf
0.000 g
50.00 530.00 Td
(Item 13 | Qty 2 | Unit 12.50 | Total 25.00) Tj
ET
BT
/Helvetica 10 Tf
0.000 g
50.00 510.00 Td
(Item 14 | Qty 2 | Unit 12.50 | Total 25.00) Tj
ET
BT
/Helvetica 10 Tf
0.000 g
50.00 490.00 Td
(Item 15 | Qty 2 | Unit 12.50 | Total 25.00) Tj
ET
BT
/Helvetica 10 Tf
0.000 g
50.00 470.00 Td
(Item 16 | Qty 2 | Unit 12.50 | Total 25.00) Tj
ET
BT
/Helvetica 10 Tf
0.000 g
50.00 450.00 Td
(Item 17 | Qty 2 | Unit 12.50 | Total 25.00) Tj
ET
BT
/Helvetica 10 Tf
0.000 g
50.00 430.00 Td
(Item 18 | Qty 2 | Unit 12.50 | Total 25.00) Tj
ET
BT
/Helvetica 10 Tf
0.000 g
50.00 410.00 Td
(Item 19 | Qty 2 | Unit 12.50 | Total 25.00) Tj
ET
BT
/Helvetica 10 Tf
0.000 g
50.00 390.00 Td
(Item 20 | Qty 2 | Unit 12.50 | Total 25.00) Tj
ET
BT
/Helvetica 10 Tf
0.000 g
50.00 370.00 Td
(TOTAL 500.00 EUR) Tj
ET

endstream
endobj
78 0 obj
<<
/Contents 79 0 R
/MediaBox [0 0 595 842]
/Parent 2 0 R
/Resources <<
/Font 204 0 R
>>
/Type /Page
>>
endobj
79 0 obj
<<
/Length 2056
>>
stream
BT
/Helvetica 10 Tf
0.000 g
50.00 790.00 Td
(Invoice benchmark | Page 0038/0100) Tj
ET
BT
/Helvetica 10 Tf
0.000 g
50.00 770.00 Td
(Item 01 | Qty 2 | Unit 12.50 | Total 25.00) Tj
ET
BT
/Helvetica 10 Tf
0.000 g
50.00 750.00 Td
(Item 02 | Qty 2 | Unit 12.50 | Total 25.00) Tj
ET
BT
/Helvetica 10 Tf
0.000 g
50.00 730.00 Td
(Item 03 | Qty 2 | Unit 12.50 | Total 25.00) Tj
ET
BT
/Helvetica 10 Tf
0.000 g
50.00 710.00 Td
(Item 04 | Qty 2 | Unit 12.50 | Total 25.00) Tj
ET
BT
/Helvetica 10 Tf
0.000 g
50.00 690.00 Td
(Item 05 | Qty 2 | Unit 12.50 | Total 25.00) Tj
ET
BT
/Helvetica 10 Tf
0.000 g
50.00 670.00 Td
(Item 06 | Qty 2 | Unit 12.50 | Total 25.00) Tj
ET
BT
/Helvetica 10 Tf
0.000 g
50.00 650.00 Td
(Item 07 | Qty 2 | Unit 12.50 | Total 25.00) Tj
ET
BT
/Helvetica 10 Tf
0.000 g
50.00 630.00 Td
(Item 08 | Qty 2 | Unit 12.50 | Total 25.00) Tj
ET
BT
/Helvetica 10 Tf
0.000 g
50.00 610.00 Td
(Item 09 | Qty 2 | Unit 12.50 | Total 25.00) Tj
ET
BT
/Helvetica 10 Tf
0.000 g
50.00 590.00 Td
(Item 10 | Qty 2 | Unit 12.50 | Total 25.00) Tj
ET
BT
/Helvetica 10 Tf
0.000 g
50.00 570.00 Td
(Item 11 | Qty 2 | Unit 12.50 | Total 25.00) Tj
ET
BT
/Helvetica 10 Tf
0.000 g
50.00 550.00 Td
(Item 12 | Qty 2 | Unit 12.50 | Total 25.00) Tj
ET
BT
/Helvetica 10 Tf
0.000 g
50.00 530.00 Td
(Item 13 | Qty 2 | Unit 12.50 | Total 25.00) Tj
ET
BT
/Helvetica 10 Tf
0.000 g
50.00 510.00 Td
(Item 14 | Qty 2 | Unit 12.50 | Total 25.00) Tj
ET
BT
/Helvetica 10 Tf
0.000 g
50.00 490.00 Td
(Item 15 | Qty 2 | Unit 12.50 | Total 25.00) Tj
ET
BT
/Helvetica 10 Tf
0.000 g
50.00 470.00 Td
(Item 16 | Qty 2 | Unit 12.50 | Total 25.00) Tj
ET
BT
/Helvetica 10 Tf
0.000 g
50.00 450.00 Td
(Item 17 | Qty 2 | Unit 12.50 | Total 25.00) Tj
ET
BT
/Helvetica 10 Tf
0.000 g
50.00 430.00 Td
(Item 18 | Qty 2 | Unit 12.50 | Total 25.00) Tj
ET
BT
/Helvetica 10 Tf
0.000 g
50.00 410.00 Td
(Item 19 | Qty 2 | Unit 12.50 | Total 25.00) Tj
ET
BT
/Helvetica 10 Tf
0.000 g
50.00 390.00 Td
(Item 20 | Qty 2 | Unit 12.50 | Total 25.00) Tj
ET
BT
/Helvetica 10 Tf
0.000 g
50.00 370.00 Td
(TOTAL 500.00 EUR) Tj
ET

endstream
endobj
80 0 obj
<<
/Contents 81 0 R
/MediaBox [0 0 595 842]
/Parent 2 0 R
/Resources <<
/Font 204 0 R
>>
/Type /Page
>>
endobj
81 0 obj
<<
/Length 2056
>>
stream
BT
/Helvetica 10 Tf
0.000 g
50.00 790.00 Td
(Invoice benchmark | Page 0039/0100) Tj
ET
BT
/Helvetica 10 Tf
0.000 g
50.00 770.00 Td
(Item 01 | Qty 2 | Unit 12.50 | Total 25.00) Tj
ET
BT
/Helvetica 10 Tf
0.000 g
50.00 750.00 Td
(Item 02 | Qty 2 | Unit 12.50 | Total 25.00) Tj
ET
BT
/Helvetica 10 Tf
0.000 g
50.00 730.00 Td
(Item 03 | Qty 2 | Unit 12.50 | Total 25.00) Tj
ET
BT
/Helvetica 10 Tf
0.000 g
50.00 710.00 Td
(Item 04 | Qty 2 | Unit 12.50 | Total 25.00) Tj
ET
BT
/Helvetica 10 Tf
0.000 g
50.00 690.00 Td
(Item 05 | Qty 2 | Unit 12.50 | Total 25.00) Tj
ET
BT
/Helvetica 10 Tf
0.000 g
50.00 670.00 Td
(Item 06 | Qty 2 | Unit 12.50 | Total 25.00) Tj
ET
BT
/Helvetica 10 Tf
0.000 g
50.00 650.00 Td
(Item 07 | Qty 2 | Unit 12.50 | Total 25.00) Tj
ET
BT
/Helvetica 10 Tf
0.000 g
50.00 630.00 Td
(Item 08 | Qty 2 | Unit 12.50 | Total 25.00) Tj
ET
BT
/Helvetica 10 Tf
0.000 g
50.00 610.00 Td
(Item 09 | Qty 2 | Unit 12.50 | Total 25.00) Tj
ET
BT
/Helvetica 10 Tf
0.000 g
50.00 590.00 Td
(Item 10 | Qty 2 | Unit 12.50 | Total 25.00) Tj
ET
BT
/Helvetica 10 Tf
0.000 g
50.00 570.00 Td
(Item 11 | Qty 2 | Unit 12.50 | Total 25.00) Tj
ET
BT
/Helvetica 10 Tf
0.000 g
50.00 550.00 Td
(Item 12 | Qty 2 | Unit 12.50 | Total 25.00) Tj
ET
BT
/Helvetica 10 Tf
0.000 g
50.00 530.00 Td
(Item 13 | Qty 2 | Unit 12.50 | Total 25.00) Tj
ET
BT
/Helvetica 10 Tf
0.000 g
50.00 510.00 Td
(Item 14 | Qty 2 | Unit 12.50 | Total 25.00) Tj
ET
BT
/Helvetica 10 Tf
0.000 g
50.00 490.00 Td
(Item 15 | Qty 2 | Unit 12.50 | Total 25.00) Tj
ET
BT
/Helvetica 10 Tf
0.000 g
50.00 470.00 Td
(Item 16 | Qty 2 | Unit 12.50 | Total 25.00) Tj
ET
BT
/Helvetica 10 Tf
0.000 g
50.00 450.00 Td
(Item 17 | Qty 2 | Unit 12.50 | Total 25.00) Tj
ET
BT
/Helvetica 10 Tf
0.000 g
50.00 430.00 Td
(Item 18 | Qty 2 | Unit 12.50 | Total 25.00) Tj
ET
BT
/Helvetica 10 Tf
0.000 g
50.00 410.00 Td
(Item 19 | Qty 2 | Unit 12.50 | Total 25.00) Tj
ET
BT
/Helvetica 10 Tf
0.000 g
50.00 390.00 Td
(Item 20 | Qty 2 | Unit 12.50 | Total 25.00) Tj
ET
BT
/Helvetica 10 Tf
0.000 g
50.00 370.00 Td
(TOTAL 500.00 EUR) Tj
ET

endstream
endobj
82 0 obj
<<
/Contents 83 0 R
/MediaBox [0 0 595 842]
/Parent 2 0 R
/Resources <<
/Font 204 0 R
>>
/Type /Page
>>
endobj
83 0 obj
<<
/Length 2056
>>
stream
BT
/Helvetica 10 Tf
0.000 g
50.00 790.00 Td
(Invoice benchmark | Page 0040/0100) Tj
ET
BT
/Helvetica 10 Tf
0.000 g
50.00 770.00 Td
(Item 01 | Qty 2 | Unit 12.50 | Total 25.00) Tj
ET
BT
/Helvetica 10 Tf
0.000 g
50.00 750.00 Td
(Item 02 | Qty 2 | Unit 12.50 | Total 25.00) Tj
ET
BT
/Helvetica 10 Tf
0.000 g
50.00 730.00 Td
(Item 03 | Qty 2 | Unit 12.50 | Total 25.00) Tj
ET
BT
/Helvetica 10 Tf
0.000 g
50.00 710.00 Td
(Item 04 | Qty 2 | Unit 12.50 | Total 25.00) Tj
ET
BT
/Helvetica 10 Tf
0.000 g
50.00 690.00 Td
(Item 05 | Qty 2 | Unit 12.50 | Total 25.00) Tj
ET
BT
/Helvetica 10 Tf
0.000 g
50.00 670.00 Td
(Item 06 | Qty 2 | Unit 12.50 | Total 25.00) Tj
ET
BT
/Helvetica 10 Tf
0.000 g
50.00 650.00 Td
(Item 07 | Qty 2 | Unit 12.50 | Total 25.00) Tj
ET
BT
/Helvetica 10 Tf
0.000 g
50.00 630.00 Td
(Item 08 | Qty 2 | Unit 12.50 | Total 25.00) Tj
ET
BT
/Helvetica 10 Tf
0.000 g
50.00 610.00 Td
(Item 09 | Qty 2 | Unit 12.50 | Total 25.00) Tj
ET
BT
/Helvetica 10 Tf
0.000 g
50.00 590.00 Td
(Item 10 | Qty 2 | Unit 12.50 | Total 25.00) Tj
ET
BT
/Helvetica 10 Tf
0.000 g
50.00 570.00 Td
(Item 11 | Qty 2 | Unit 12.50 | Total 25.00) Tj
ET
BT
/Helvetica 10 Tf
0.000 g
50.00 550.00 Td
(Item 12 | Qty 2 | Unit 12.50 | Total 25.00) Tj
ET
BT
/Helvetica 10 Tf
0.000 g
50.00 530.00 Td
(Item 13 | Qty 2 | Unit 12.50 | Total 25.00) Tj
ET
BT
/Helvetica 10 Tf
0.000 g
50.00 510.00 Td
(Item 14 | Qty 2 | Unit 12.50 | Total 25.00) Tj
ET
BT
/Helvetica 10 Tf
0.000 g
50.00 490.00 Td
(Item 15 | Qty 2 | Unit 12.50 | Total 25.00) Tj
ET
BT
/Helvetica 10 Tf
0.000 g
50.00 470.00 Td
(Item 16 | Qty 2 | Unit 12.50 | Total 25.00) Tj
ET
BT
/Helvetica 10 Tf
0.000 g
50.00 450.00 Td
(Item 17 | Qty 2 | Unit 12.50 | Total 25.00) Tj
ET
BT
/Helvetica 10 Tf
0.000 g
50.00 430.00 Td
(Item 18 | Qty 2 | Unit 12.50 | Total 25.00) Tj
ET
BT
/Helvetica 10 Tf
0.000 g
50.00 410.00 Td
(Item 19 | Qty 2 | Unit 12.50 | Total 25.00) Tj
ET
BT
/Helvetica 10 Tf
0.000 g
50.00 390.00 Td
(Item 20 | Qty 2 | Unit 12.50 | Total 25.00) Tj
ET
BT
/Helvetica 10 Tf
0.000 g
50.00 370.00 Td
(TOTAL 500.00 EUR) Tj
ET

endstream
endobj
84 0 obj
<<
/Contents 85 0 R
/MediaBox [0 0 595 842]
/Parent 2 0 R
/Resources <<
/Font 204 0 R
>>
/Type /Page
>>
endobj
85 0 obj
<<
/Length 2056
>>
stream
BT
/Helvetica 10 Tf
0.000 g
50.00 790.00 Td
(Invoice benchmark | Page 0041/0100) Tj
ET
BT
/Helvetica 10 Tf
0.000 g
50.00 770.00 Td
(Item 01 | Qty 2 | Unit 12.50 | Total 25.00) Tj
ET
BT
/Helvetica 10 Tf
0.000 g
50.00 750.00 Td
(Item 02 | Qty 2 | Unit 12.50 | Total 25.00) Tj
ET
BT
/Helvetica 10 Tf
0.000 g
50.00 730.00 Td
(Item 03 | Qty 2 | Unit 12.50 | Total 25.00) Tj
ET
BT
/Helvetica 10 Tf
0.000 g
50.00 710.00 Td
(Item 04 | Qty 2 | Unit 12.50 | Total 25.00) Tj
ET
BT
/Helvetica 10 Tf
0.000 g
50.00 690.00 Td
(Item 05 | Qty 2 | Unit 12.50 | Total 25.00) Tj
ET
BT
/Helvetica 10 Tf
0.000 g
50.00 670.00 Td
(Item 06 | Qty 2 | Unit 12.50 | Total 25.00) Tj
ET
BT
/Helvetica 10 Tf
0.000 g
50.00 650.00 Td
(Item 07 | Qty 2 | Unit 12.50 | Total 25.00) Tj
ET
BT
/Helvetica 10 Tf
0.000 g
50.00 630.00 Td
(Item 08 | Qty 2 | Unit 12.50 | Total 25.00) Tj
ET
BT
/Helvetica 10 Tf
0.000 g
50.00 610.00 Td
(Item 09 | Qty 2 | Unit 12.50 | Total 25.00) Tj
ET
BT
/Helvetica 10 Tf
0.000 g
50.00 590.00 Td
(Item 10 | Qty 2 | Unit 12.50 | Total 25.00) Tj
ET
BT
/Helvetica 10 Tf
0.000 g
50.00 570.00 Td
(Item 11 | Qty 2 | Unit 12.50 | Total 25.00) Tj
ET
BT
/Helvetica 10 Tf
0.000 g
50.00 550.00 Td
(Item 12 | Qty 2 | Unit 12.50 | Total 25.00) Tj
ET
BT
/Helvetica 10 Tf
0.000 g
50.00 530.00 Td
(Item 13 | Qty 2 | Unit 12.50 | Total 25.00) Tj
ET
BT
/Helvetica 10 Tf
0.000 g
50.00 510.00 Td
(Item 14 | Qty 2 | Unit 12.50 | Total 25.00) Tj
ET
BT
/Helvetica 10 Tf
0.000 g
50.00 490.00 Td
(Item 15 | Qty 2 | Unit 12.50 | Total 25.00) Tj
ET
BT
/Helvetica 10 Tf
0.000 g
50.00 470.00 Td
(Item 16 | Qty 2 | Unit 12.50 | Total 25.00) Tj
ET
BT
/Helvetica 10 Tf
0.000 g
50.00 450.00 Td
(Item 17 | Qty 2 | Unit 12.50 | Total 25.00) Tj
ET
BT
/Helvetica 10 Tf
0.000 g
50.00 430.00 Td
(Item 18 | Qty 2 | Unit 12.50 | Total 25.00) Tj
ET
BT
/Helvetica 10 Tf
0.000 g
50.00 410.00 Td
(Item 19 | Qty 2 | Unit 12.50 | Total 25.00) Tj
ET
BT
/Helvetica 10 Tf
0.000 g
50.00 390.00 Td
(Item 20 | Qty 2 | Unit 12.50 | Total 25.00) Tj
ET
BT
/Helvetica 10 Tf
0.000 g
50.00 370.00 Td
(TOTAL 500.00 EUR) Tj
ET

endstream
endobj
86 0 obj
<<
/Contents 87 0 R
/MediaBox [0 0 595 842]
/Parent 2 0 R
/Resources <<
/Font 204 0 R
>>
/Type /Page
>>
endobj
87 0 obj
<<
/Length 2056
>>
stream
BT
/Helvetica 10 Tf
0.000 g
50.00 790.00 Td
(Invoice benchmark | Page 0042/0100) Tj
ET
BT
/Helvetica 10 Tf
0.000 g
50.00 770.00 Td
(Item 01 | Qty 2 | Unit 12.50 | Total 25.00) Tj
ET
BT
/Helvetica 10 Tf
0.000 g
50.00 750.00 Td
(Item 02 | Qty 2 | Unit 12.50 | Total 25.00) Tj
ET
BT
/Helvetica 10 Tf
0.000 g
50.00 730.00 Td
(Item 03 | Qty 2 | Unit 12.50 | Total 25.00) Tj
ET
BT
/Helvetica 10 Tf
0.000 g
50.00 710.00 Td
(Item 04 | Qty 2 | Unit 12.50 | Total 25.00) Tj
ET
BT
/Helvetica 10 Tf
0.000 g
50.00 690.00 Td
(Item 05 | Qty 2 | Unit 12.50 | Total 25.00) Tj
ET
BT
/Helvetica 10 Tf
0.000 g
50.00 670.00 Td
(Item 06 | Qty 2 | Unit 12.50 | Total 25.00) Tj
ET
BT
/Helvetica 10 Tf
0.000 g
50.00 650.00 Td
(Item 07 | Qty 2 | Unit 12.50 | Total 25.00) Tj
ET
BT
/Helvetica 10 Tf
0.000 g
50.00 630.00 Td
(Item 08 | Qty 2 | Unit 12.50 | Total 25.00) Tj
ET
BT
/Helvetica 10 Tf
0.000 g
50.00 610.00 Td
(Item 09 | Qty 2 | Unit 12.50 | Total 25.00) Tj
ET
BT
/Helvetica 10 Tf
0.000 g
50.00 590.00 Td
(Item 10 | Qty 2 | Unit 12.50 | Total 25.00) Tj
ET
BT
/Helvetica 10 Tf
0.000 g
50.00 570.00 Td
(Item 11 | Qty 2 | Unit 12.50 | Total 25.00) Tj
ET
BT
/Helvetica 10 Tf
0.000 g
50.00 550.00 Td
(Item 12 | Qty 2 | Unit 12.50 | Total 25.00) Tj
ET
BT
/Helvetica 10 Tf
0.000 g
50.00 530.00 Td
(Item 13 | Qty 2 | Unit 12.50 | Total 25.00) Tj
ET
BT
/Helvetica 10 Tf
0.000 g
50.00 510.00 Td
(Item 14 | Qty 2 | Unit 12.50 | Total 25.00) Tj
ET
BT
/Helvetica 10 Tf
0.000 g
50.00 490.00 Td
(Item 15 | Qty 2 | Unit 12.50 | Total 25.00) Tj
ET
BT
/Helvetica 10 Tf
0.000 g
50.00 470.00 Td
(Item 16 | Qty 2 | Unit 12.50 | Total 25.00) Tj
ET
BT
/Helvetica 10 Tf
0.000 g
50.00 450.00 Td
(Item 17 | Qty 2 | Unit 12.50 | Total 25.00) Tj
ET
BT
/Helvetica 10 Tf
0.000 g
50.00 430.00 Td
(Item 18 | Qty 2 | Unit 12.50 | Total 25.00) Tj
ET
BT
/Helvetica 10 Tf
0.000 g
50.00 410.00 Td
(Item 19 | Qty 2 | Unit 12.50 | Total 25.00) Tj
ET
BT
/Helvetica 10 Tf
0.000 g
50.00 390.00 Td
(Item 20 | Qty 2 | Unit 12.50 | Total 25.00) Tj
ET
BT
/Helvetica 10 Tf
0.000 g
50.00 370.00 Td
(TOTAL 500.00 EUR) Tj
ET

endstream
endobj
88 0 obj
<<
/Contents 89 0 R
/MediaBox [0 0 595 842]
/Parent 2 0 R
/Resources <<
/Font 204 0 R
>>
/Type /Page
>>
endobj
89 0 obj
<<
/Length 2056
>>
stream
BT
/Helvetica 10 Tf
0.000 g
50.00 790.00 Td
(Invoice benchmark | Page 0043/0100) Tj
ET
BT
/Helvetica 10 Tf
0.000 g
50.00 770.00 Td
(Item 01 | Qty 2 | Unit 12.50 | Total 25.00) Tj
ET
BT
/Helvetica 10 Tf
0.000 g
50.00 750.00 Td
(Item 02 | Qty 2 | Unit 12.50 | Total 25.00) Tj
ET
BT
/Helvetica 10 Tf
0.000 g
50.00 730.00 Td
(Item 03 | Qty 2 | Unit 12.50 | Total 25.00) Tj
ET
BT
/Helvetica 10 Tf
0.000 g
50.00 710.00 Td
(Item 04 | Qty 2 | Unit 12.50 | Total 25.00) Tj
ET
BT
/Helvetica 10 Tf
0.000 g
50.00 690.00 Td
(Item 05 | Qty 2 | Unit 12.50 | Total 25.00) Tj
ET
BT
/Helvetica 10 Tf
0.000 g
50.00 670.00 Td
(Item 06 | Qty 2 | Unit 12.50 | Total 25.00) Tj
ET
BT
/Helvetica 10 Tf
0.000 g
50.00 650.00 Td
(Item 07 | Qty 2 | Unit 12.50 | Total 25.00) Tj
ET
BT
/Helvetica 10 Tf
0.000 g
50.00 630.00 Td
(Item 08 | Qty 2 | Unit 12.50 | Total 25.00) Tj
ET
BT
/Helvetica 10 Tf
0.000 g
50.00 610.00 Td
(Item 09 | Qty 2 | Unit 12.50 | Total 25.00) Tj
ET
BT
/Helvetica 10 Tf
0.000 g
50.00 590.00 Td
(Item 10 | Qty 2 | Unit 12.50 | Total 25.00) Tj
ET
BT
/Helvetica 10 Tf
0.000 g
50.00 570.00 Td
(Item 11 | Qty 2 | Unit 12.50 | Total 25.00) Tj
ET
BT
/Helvetica 10 Tf
0.000 g
50.00 550.00 Td
(Item 12 | Qty 2 | Unit 12.50 | Total 25.00) Tj
ET
BT
/Helvetica 10 Tf
0.000 g
50.00 530.00 Td
(Item 13 | Qty 2 | Unit 12.50 | Total 25.00) Tj
ET
BT
/Helvetica 10 Tf
0.000 g
50.00 510.00 Td
(Item 14 | Qty 2 | Unit 12.50 | Total 25.00) Tj
ET
BT
/Helvetica 10 Tf
0.000 g
50.00 490.00 Td
(Item 15 | Qty 2 | Unit 12.50 | Total 25.00) Tj
ET
BT
/Helvetica 10 Tf
0.000 g
50.00 470.00 Td
(Item 16 | Qty 2 | Unit 12.50 | Total 25.00) Tj
ET
BT
/Helvetica 10 Tf
0.000 g
50.00 450.00 Td
(Item 17 | Qty 2 | Unit 12.50 | Total 25.00) Tj
ET
BT
/Helvetica 10 Tf
0.000 g
50.00 430.00 Td
(Item 18 | Qty 2 | Unit 12.50 | Total 25.00) Tj
ET
BT
/Helvetica 10 Tf
0.000 g
50.00 410.00 Td
(Item 19 | Qty 2 | Unit 12.50 | Total 25.00) Tj
ET
BT
/Helvetica 10 Tf
0.000 g
50.00 390.00 Td
(Item 20 | Qty 2 | Unit 12.50 | Total 25.00) Tj
ET
BT
/Helvetica 10 Tf
0.000 g
50.00 370.00 Td
(TOTAL 500.00 EUR) Tj
ET

endstream
endobj
90 0 obj
<<
/Contents 91 0 R
/MediaBox [0 0 595 842]
/Parent 2 0 R
/Resources <<
/Font 204 0 R
>>
/Type /Page
>>
endobj
91 0 obj
<<
/Length 2056
>>
stream
BT
/Helvetica 10 Tf
0.000 g
50.00 790.00 Td
(Invoice benchmark | Page 0044/0100) Tj
ET
BT
/Helvetica 10 Tf
0.000 g
50.00 770.00 Td
(Item 01 | Qty 2 | Unit 12.50 | Total 25.00) Tj
ET
BT
/Helvetica 10 Tf
0.000 g
50.00 750.00 Td
(Item 02 | Qty 2 | Unit 12.50 | Total 25.00) Tj
ET
BT
/Helvetica 10 Tf
0.000 g
50.00 730.00 Td
(Item 03 | Qty 2 | Unit 12.50 | Total 25.00) Tj
ET
BT
/Helvetica 10 Tf
0.000 g
50.00 710.00 Td
(Item 04 | Qty 2 | Unit 12.50 | Total 25.00) Tj
ET
BT
/Helvetica 10 Tf
0.000 g
50.00 690.00 Td
(Item 05 | Qty 2 | Unit 12.50 | Total 25.00) Tj
ET
BT
/Helvetica 10 Tf
0.000 g
50.00 670.00 Td
(Item 06 | Qty 2 | Unit 12.50 | Total 25.00) Tj
ET
BT
/Helvetica 10 Tf
0.000 g
50.00 650.00 Td
(Item 07 | Qty 2 | Unit 12.50 | Total 25.00) Tj
ET
BT
/Helvetica 10 Tf
0.000 g
50.00 630.00 Td
(Item 08 | Qty 2 | Unit 12.50 | Total 25.00) Tj
ET
BT
/Helvetica 10 Tf
0.000 g
50.00 610.00 Td
(Item 09 | Qty 2 | Unit 12.50 | Total 25.00) Tj
ET
BT
/Helvetica 10 Tf
0.000 g
50.00 590.00 Td
(Item 10 | Qty 2 | Unit 12.50 | Total 25.00) Tj
ET
BT
/Helvetica 10 Tf
0.000 g
50.00 570.00 Td
(Item 11 | Qty 2 | Unit 12.50 | Total 25.00) Tj
ET
BT
/Helvetica 10 Tf
0.000 g
50.00 550.00 Td
(Item 12 | Qty 2 | Unit 12.50 | Total 25.00) Tj
ET
BT
/Helvetica 10 Tf
0.000 g
50.00 530.00 Td
(Item 13 | Qty 2 | Unit 12.50 | Total 25.00) Tj
ET
BT
/Helvetica 10 Tf
0.000 g
50.00 510.00 Td
(Item 14 | Qty 2 | Unit 12.50 | Total 25.00) Tj
ET
BT
/Helvetica 10 Tf
0.000 g
50.00 490.00 Td
(Item 15 | Qty 2 | Unit 12.50 | Total 25.00) Tj
ET
BT
/Helvetica 10 Tf
0.000 g
50.00 470.00 Td
(Item 16 | Qty 2 | Unit 12.50 | Total 25.00) Tj
ET
BT
/Helvetica 10 Tf
0.000 g
50.00 450.00 Td
(Item 17 | Qty 2 | Unit 12.50 | Total 25.00) Tj
ET
BT
/Helvetica 10 Tf
0.000 g
50.00 430.00 Td
(Item 18 | Qty 2 | Unit 12.50 | Total 25.00) Tj
ET
BT
/Helvetica 10 Tf
0.000 g
50.00 410.00 Td
(Item 19 | Qty 2 | Unit 12.50 | Total 25.00) Tj
ET
BT
/Helvetica 10 Tf
0.000 g
50.00 390.00 Td
(Item 20 | Qty 2 | Unit 12.50 | Total 25.00) Tj
ET
BT
/Helvetica 10 Tf
0.000 g
50.00 370.00 Td
(TOTAL 500.00 EUR) Tj
ET

endstream
endobj
92 0 obj
<<
/Contents 93 0 R
/MediaBox [0 0 595 842]
/Parent 2 0 R
/Resources <<
/Font 204 0 R
>>
/Type /Page
>>
endobj
93 0 obj
<<
/Length 2056
>>
stream
BT
/Helvetica 10 Tf
0.000 g
50.00 790.00 Td
(Invoice benchmark | Page 0045/0100) Tj
ET
BT
/Helvetica 10 Tf
0.000 g
50.00 770.00 Td
(Item 01 | Qty 2 | Unit 12.50 | Total 25.00) Tj
ET
BT
/Helvetica 10 Tf
0.000 g
50.00 750.00 Td
(Item 02 | Qty 2 | Unit 12.50 | Total 25.00) Tj
ET
BT
/Helvetica 10 Tf
0.000 g
50.00 730.00 Td
(Item 03 | Qty 2 | Unit 12.50 | Total 25.00) Tj
ET
BT
/Helvetica 10 Tf
0.000 g
50.00 710.00 Td
(Item 04 | Qty 2 | Unit 12.50 | Total 25.00) Tj
ET
BT
/Helvetica 10 Tf
0.000 g
50.00 690.00 Td
(Item 05 | Qty 2 | Unit 12.50 | Total 25.00) Tj
ET
BT
/Helvetica 10 Tf
0.000 g
50.00 670.00 Td
(Item 06 | Qty 2 | Unit 12.50 | Total 25.00) Tj
ET
BT
/Helvetica 10 Tf
0.000 g
50.00 650.00 Td
(Item 07 | Qty 2 | Unit 12.50 | Total 25.00) Tj
ET
BT
/Helvetica 10 Tf
0.000 g
50.00 630.00 Td
(Item 08 | Qty 2 | Unit 12.50 | Total 25.00) Tj
ET
BT
/Helvetica 10 Tf
0.000 g
50.00 610.00 Td
(Item 09 | Qty 2 | Unit 12.50 | Total 25.00) Tj
ET
BT
/Helvetica 10 Tf
0.000 g
50.00 590.00 Td
(Item 10 | Qty 2 | Unit 12.50 | Total 25.00) Tj
ET
BT
/Helvetica 10 Tf
0.000 g
50.00 570.00 Td
(Item 11 | Qty 2 | Unit 12.50 | Total 25.00) Tj
ET
BT
/Helvetica 10 Tf
0.000 g
50.00 550.00 Td
(Item 12 | Qty 2 | Unit 12.50 | Total 25.00) Tj
ET
BT
/Helvetica 10 Tf
0.000 g
50.00 530.00 Td
(Item 13 | Qty 2 | Unit 12.50 | Total 25.00) Tj
ET
BT
/Helvetica 10 Tf
0.000 g
50.00 510.00 Td
(Item 14 | Qty 2 | Unit 12.50 | Total 25.00) Tj
ET
BT
/Helvetica 10 Tf
0.000 g
50.00 490.00 Td
(Item 15 | Qty 2 | Unit 12.50 | Total 25.00) Tj
ET
BT
/Helvetica 10 Tf
0.000 g
50.00 470.00 Td
(Item 16 | Qty 2 | Unit 12.50 | Total 25.00) Tj
ET
BT
/Helvetica 10 Tf
0.000 g
50.00 450.00 Td
(Item 17 | Qty 2 | Unit 12.50 | Total 25.00) Tj
ET
BT
/Helvetica 10 Tf
0.000 g
50.00 430.00 Td
(Item 18 | Qty 2 | Unit 12.50 | Total 25.00) Tj
ET
BT
/Helvetica 10 Tf
0.000 g
50.00 410.00 Td
(Item 19 | Qty 2 | Unit 12.50 | Total 25.00) Tj
ET
BT
/Helvetica 10 Tf
0.000 g
50.00 390.00 Td
(Item 20 | Qty 2 | Unit 12.50 | Total 25.00) Tj
ET
BT
/Helvetica 10 Tf
0.000 g
50.00 370.00 Td
(TOTAL 500.00 EUR) Tj
ET

endstream
endobj
94 0 obj
<<
/Contents 95 0 R
/MediaBox [0 0 595 842]
/Parent 2 0 R
/Resources <<
/Font 204 0 R
>>
/Type /Page
>>
endobj
95 0 obj
<<
/Length 2056
>>
stream
BT
/Helvetica 10 Tf
0.000 g
50.00 790.00 Td
(Invoice benchmark | Page 0046/0100) Tj
ET
BT
/Helvetica 10 Tf
0.000 g
50.00 770.00 Td
(Item 01 | Qty 2 | Unit 12.50 | Total 25.00) Tj
ET
BT
/Helvetica 10 Tf
0.000 g
50.00 750.00 Td
(Item 02 | Qty 2 | Unit 12.50 | Total 25.00) Tj
ET
BT
/Helvetica 10 Tf
0.000 g
50.00 730.00 Td
(Item 03 | Qty 2 | Unit 12.50 | Total 25.00) Tj
ET
BT
/Helvetica 10 Tf
0.000 g
50.00 710.00 Td
(Item 04 | Qty 2 | Unit 12.50 | Total 25.00) Tj
ET
BT
/Helvetica 10 Tf
0.000 g
50.00 690.00 Td
(Item 05 | Qty 2 | Unit 12.50 | Total 25.00) Tj
ET
BT
/Helvetica 10 Tf
0.000 g
50.00 670.00 Td
(Item 06 | Qty 2 | Unit 12.50 | Total 25.00) Tj
ET
BT
/Helvetica 10 Tf
0.000 g
50.00 650.00 Td
(Item 07 | Qty 2 | Unit 12.50 | Total 25.00) Tj
ET
BT
/Helvetica 10 Tf
0.000 g
50.00 630.00 Td
(Item 08 | Qty 2 | Unit 12.50 | Total 25.00) Tj
ET
BT
/Helvetica 10 Tf
0.000 g
50.00 610.00 Td
(Item 09 | Qty 2 | Unit 12.50 | Total 25.00) Tj
ET
BT
/Helvetica 10 Tf
0.000 g
50.00 590.00 Td
(Item 10 | Qty 2 | Unit 12.50 | Total 25.00) Tj
ET
BT
/Helvetica 10 Tf
0.000 g
50.00 570.00 Td
(Item 11 | Qty 2 | Unit 12.50 | Total 25.00) Tj
ET
BT
/Helvetica 10 Tf
0.000 g
50.00 550.00 Td
(Item 12 | Qty 2 | Unit 12.50 | Total 25.00) Tj
ET
BT
/Helvetica 10 Tf
0.000 g
50.00 530.00 Td
(Item 13 | Qty 2 | Unit 12.50 | Total 25.00) Tj
ET
BT
/Helvetica 10 Tf
0.000 g
50.00 510.00 Td
(Item 14 | Qty 2 | Unit 12.50 | Total 25.00) Tj
ET
BT
/Helvetica 10 Tf
0.000 g
50.00 490.00 Td
(Item 15 | Qty 2 | Unit 12.50 | Total 25.00) Tj
ET
BT
/Helvetica 10 Tf
0.000 g
50.00 470.00 Td
(Item 16 | Qty 2 | Unit 12.50 | Total 25.00) Tj
ET
BT
/Helvetica 10 Tf
0.000 g
50.00 450.00 Td
(Item 17 | Qty 2 | Unit 12.50 | Total 25.00) Tj
ET
BT
/Helvetica 10 Tf
0.000 g
50.00 430.00 Td
(Item 18 | Qty 2 | Unit 12.50 | Total 25.00) Tj
ET
BT
/Helvetica 10 Tf
0.000 g
50.00 410.00 Td
(Item 19 | Qty 2 | Unit 12.50 | Total 25.00) Tj
ET
BT
/Helvetica 10 Tf
0.000 g
50.00 390.00 Td
(Item 20 | Qty 2 | Unit 12.50 | Total 25.00) Tj
ET
BT
/Helvetica 10 Tf
0.000 g
50.00 370.00 Td
(TOTAL 500.00 EUR) Tj
ET

endstream
endobj
96 0 obj
<<
/Contents 97 0 R
/MediaBox [0 0 595 842]
/Parent 2 0 R
/Resources <<
/Font 204 0 R
>>
/Type /Page
>>
endobj
97 0 obj
<<
/Length 2056
>>
stream
BT
/Helvetica 10 Tf
0.000 g
50.00 790.00 Td
(Invoice benchmark | Page 0047/0100) Tj
ET
BT
/Helvetica 10 Tf
0.000 g
50.00 770.00 Td
(Item 01 | Qty 2 | Unit 12.50 | Total 25.00) Tj
ET
BT
/Helvetica 10 Tf
0.000 g
50.00 750.00 Td
(Item 02 | Qty 2 | Unit 12.50 | Total 25.00) Tj
ET
BT
/Helvetica 10 Tf
0.000 g
50.00 730.00 Td
(Item 03 | Qty 2 | Unit 12.50 | Total 25.00) Tj
ET
BT
/Helvetica 10 Tf
0.000 g
50.00 710.00 Td
(Item 04 | Qty 2 | Unit 12.50 | Total 25.00) Tj
ET
BT
/Helvetica 10 Tf
0.000 g
50.00 690.00 Td
(Item 05 | Qty 2 | Unit 12.50 | Total 25.00) Tj
ET
BT
/Helvetica 10 Tf
0.000 g
50.00 670.00 Td
(Item 06 | Qty 2 | Unit 12.50 | Total 25.00) Tj
ET
BT
/Helvetica 10 Tf
0.000 g
50.00 650.00 Td
(Item 07 | Qty 2 | Unit 12.50 | Total 25.00) Tj
ET
BT
/Helvetica 10 Tf
0.000 g
50.00 630.00 Td
(Item 08 | Qty 2 | Unit 12.50 | Total 25.00) Tj
ET
BT
/Helvetica 10 Tf
0.000 g
50.00 610.00 Td
(Item 09 | Qty 2 | Unit 12.50 | Total 25.00) Tj
ET
BT
/Helvetica 10 Tf
0.000 g
50.00 590.00 Td
(Item 10 | Qty 2 | Unit 12.50 | Total 25.00) Tj
ET
BT
/Helvetica 10 Tf
0.000 g
50.00 570.00 Td
(Item 11 | Qty 2 | Unit 12.50 | Total 25.00) Tj
ET
BT
/Helvetica 10 Tf
0.000 g
50.00 550.00 Td
(Item 12 | Qty 2 | Unit 12.50 | Total 25.00) Tj
ET
BT
/Helvetica 10 Tf
0.000 g
50.00 530.00 Td
(Item 13 | Qty 2 | Unit 12.50 | Total 25.00) Tj
ET
BT
/Helvetica 10 Tf
0.000 g
50.00 510.00 Td
(Item 14 | Qty 2 | Unit 12.50 | Total 25.00) Tj
ET
BT
/Helvetica 10 Tf
0.000 g
50.00 490.00 Td
(Item 15 | Qty 2 | Unit 12.50 | Total 25.00) Tj
ET
BT
/Helvetica 10 Tf
0.000 g
50.00 470.00 Td
(Item 16 | Qty 2 | Unit 12.50 | Total 25.00) Tj
ET
BT
/Helvetica 10 Tf
0.000 g
50.00 450.00 Td
(Item 17 | Qty 2 | Unit 12.50 | Total 25.00) Tj
ET
BT
/Helvetica 10 Tf
0.000 g
50.00 430.00 Td
(Item 18 | Qty 2 | Unit 12.50 | Total 25.00) Tj
ET
BT
/Helvetica 10 Tf
0.000 g
50.00 410.00 Td
(Item 19 | Qty 2 | Unit 12.50 | Total 25.00) Tj
ET
BT
/Helvetica 10 Tf
0.000 g
50.00 390.00 Td
(Item 20 | Qty 2 | Unit 12.50 | Total 25.00) Tj
ET
BT
/Helvetica 10 Tf
0.000 g
50.00 370.00 Td
(TOTAL 500.00 EUR) Tj
ET

endstream
endobj
98 0 obj
<<
/Contents 99 0 R
/MediaBox [0 0 595 842]
/Parent 2 0 R
/Resources <<
/Font 204 0 R
>>
/Type /Page
>>
endobj
99 0 obj
<<
/Length 2056
>>
stream
BT
/Helvetica 10 Tf
0.000 g
50.00 790.00 Td
(Invoice benchmark | Page 0048/0100) Tj
ET
BT
/Helvetica 10 Tf
0.000 g
50.00 770.00 Td
(Item 01 | Qty 2 | Unit 12.50 | Total 25.00) Tj
ET
BT
/Helvetica 10 Tf
0.000 g
50.00 750.00 Td
(Item 02 | Qty 2 | Unit 12.50 | Total 25.00) Tj
ET
BT
/Helvetica 10 Tf
0.000 g
50.00 730.00 Td
(Item 03 | Qty 2 | Unit 12.50 | Total 25.00) Tj
ET
BT
/Helvetica 10 Tf
0.000 g
50.00 710.00 Td
(Item 04 | Qty 2 | Unit 12.50 | Total 25.00) Tj
ET
BT
/Helvetica 10 Tf
0.000 g
50.00 690.00 Td
(Item 05 | Qty 2 | Unit 12.50 | Total 25.00) Tj
ET
BT
/Helvetica 10 Tf
0.000 g
50.00 670.00 Td
(Item 06 | Qty 2 | Unit 12.50 | Total 25.00) Tj
ET
BT
/Helvetica 10 Tf
0.000 g
50.00 650.00 Td
(Item 07 | Qty 2 | Unit 12.50 | Total 25.00) Tj
ET
BT
/Helvetica 10 Tf
0.000 g
50.00 630.00 Td
(Item 08 | Qty 2 | Unit 12.50 | Total 25.00) Tj
ET
BT
/Helvetica 10 Tf
0.000 g
50.00 610.00 Td
(Item 09 | Qty 2 | Unit 12.50 | Total 25.00) Tj
ET
BT
/Helvetica 10 Tf
0.000 g
50.00 590.00 Td
(Item 10 | Qty 2 | Unit 12.50 | Total 25.00) Tj
ET
BT
/Helvetica 10 Tf
0.000 g
50.00 570.00 Td
(Item 11 | Qty 2 | Unit 12.50 | Total 25.00) Tj
ET
BT
/Helvetica 10 Tf
0.000 g
50.00 550.00 Td
(Item 12 | Qty 2 | Unit 12.50 | Total 25.00) Tj
ET
BT
/Helvetica 10 Tf
0.000 g
50.00 530.00 Td
(Item 13 | Qty 2 | Unit 12.50 | Total 25.00) Tj
ET
BT
/Helvetica 10 Tf
0.000 g
50.00 510.00 Td
(Item 14 | Qty 2 | Unit 12.50 | Total 25.00) Tj
ET
BT
/Helvetica 10 Tf
0.000 g
50.00 490.00 Td
(Item 15 | Qty 2 | Unit 12.50 | Total 25.00) Tj
ET
BT
/Helvetica 10 Tf
0.000 g
50.00 470.00 Td
(Item 16 | Qty 2 | Unit 12.50 | Total 25.00) Tj
ET
BT
/Helvetica 10 Tf
0.000 g
50.00 450.00 Td
(Item 17 | Qty 2 | Unit 12.50 | Total 25.00) Tj
ET
BT
/Helvetica 10 Tf
0.000 g
50.00 430.00 Td
(Item 18 | Qty 2 | Unit 12.50 | Total 25.00) Tj
ET
BT
/Helvetica 10 Tf
0.000 g
50.00 410.00 Td
(Item 19 | Qty 2 | Unit 12.50 | Total 25.00) Tj
ET
BT
/Helvetica 10 Tf
0.000 g
50.00 390.00 Td
(Item 20 | Qty 2 | Unit 12.50 | Total 25.00) Tj
ET
BT
/Helvetica 10 Tf
0.000 g
50.00 370.00 Td
(TOTAL 500.00 EUR) Tj
ET

endstream
endobj
100 0 obj
<<
/Contents 101 0 R
/MediaBox [0 0 595 842]
/Parent 2 0 R
/Resources <<
/Font 204 0 R
>>
/Type /Page
>>
endobj
101 0 obj
<<
/Length 2056
>>
stream
BT
/Helvetica 10 Tf
0.000 g
50.00 790.00 Td
(Invoice benchmark | Page 0049/0100) Tj
ET
BT
/Helvetica 10 Tf
0.000 g
50.00 770.00 Td
(Item 01 | Qty 2 | Unit 12.50 | Total 25.00) Tj
ET
BT
/Helvetica 10 Tf
0.000 g
50.00 750.00 Td
(Item 02 | Qty 2 | Unit 12.50 | Total 25.00) Tj
ET
BT
/Helvetica 10 Tf
0.000 g
50.00 730.00 Td
(Item 03 | Qty 2 | Unit 12.50 | Total 25.00) Tj
ET
BT
/Helvetica 10 Tf
0.000 g
50.00 710.00 Td
(Item 04 | Qty 2 | Unit 12.50 | Total 25.00) Tj
ET
BT
/Helvetica 10 Tf
0.000 g
50.00 690.00 Td
(Item 05 | Qty 2 | Unit 12.50 | Total 25.00) Tj
ET
BT
/Helvetica 10 Tf
0.000 g
50.00 670.00 Td
(Item 06 | Qty 2 | Unit 12.50 | Total 25.00) Tj
ET
BT
/Helvetica 10 Tf
0.000 g
50.00 650.00 Td
(Item 07 | Qty 2 | Unit 12.50 | Total 25.00) Tj
ET
BT
/Helvetica 10 Tf
0.000 g
50.00 630.00 Td
(Item 08 | Qty 2 | Unit 12.50 | Total 25.00) Tj
ET
BT
/Helvetica 10 Tf
0.000 g
50.00 610.00 Td
(Item 09 | Qty 2 | Unit 12.50 | Total 25.00) Tj
ET
BT
/Helvetica 10 Tf
0.000 g
50.00 590.00 Td
(Item 10 | Qty 2 | Unit 12.50 | Total 25.00) Tj
ET
BT
/Helvetica 10 Tf
0.000 g
50.00 570.00 Td
(Item 11 | Qty 2 | Unit 12.50 | Total 25.00) Tj
ET
BT
/Helvetica 10 Tf
0.000 g
50.00 550.00 Td
(Item 12 | Qty 2 | Unit 12.50 | Total 25.00) Tj
ET
BT
/Helvetica 10 Tf
0.000 g
50.00 530.00 Td
(Item 13 | Qty 2 | Unit 12.50 | Total 25.00) Tj
ET
BT
/Helvetica 10 Tf
0.000 g
50.00 510.00 Td
(Item 14 | Qty 2 | Unit 12.50 | Total 25.00) Tj
ET
BT
/Helvetica 10 Tf
0.000 g
50.00 490.00 Td
(Item 15 | Qty 2 | Unit 12.50 | Total 25.00) Tj
ET
BT
/Helvetica 10 Tf
0.000 g
50.00 470.00 Td
(Item 16 | Qty 2 | Unit 12.50 | Total 25.00) Tj
ET
BT
/Helvetica 10 Tf
0.000 g
50.00 450.00 Td
(Item 17 | Qty 2 | Unit 12.50 | Total 25.00) Tj
ET
BT
/Helvetica 10 Tf
0.000 g
50.00 430.00 Td
(Item 18 | Qty 2 | Unit 12.50 | Total 25.00) Tj
ET
BT
/Helvetica 10 Tf
0.000 g
50.00 410.00 Td
(Item 19 | Qty 2 | Unit 12.50 | Total 25.00) Tj
ET
BT
/Helvetica 10 Tf
0.000 g
50.00 390.00 Td
(Item 20 | Qty 2 | Unit 12.50 | Total 25.00) Tj
ET
BT
/Helvetica 10 Tf
0.000 g
50.00 370.00 Td
(TOTAL 500.00 EUR) Tj
ET

endstream
endobj
102 0 obj
<<
/Contents 103 0 R
/MediaBox [0 0 595 842]
/Parent 2 0 R
/Resources <<
/Font 204 0 R
>>
/Type /Page
>>
endobj
103 0 obj
<<
/Length 2056
>>
stream
BT
/Helvetica 10 Tf
0.000 g
50.00 790.00 Td
(Invoice benchmark | Page 0050/0100) Tj
ET
BT
/Helvetica 10 Tf
0.000 g
50.00 770.00 Td
(Item 01 | Qty 2 | Unit 12.50 | Total 25.00) Tj
ET
BT
/Helvetica 10 Tf
0.000 g
50.00 750.00 Td
(Item 02 | Qty 2 | Unit 12.50 | Total 25.00) Tj
ET
BT
/Helvetica 10 Tf
0.000 g
50.00 730.00 Td
(Item 03 | Qty 2 | Unit 12.50 | Total 25.00) Tj
ET
BT
/Helvetica 10 Tf
0.000 g
50.00 710.00 Td
(Item 04 | Qty 2 | Unit 12.50 | Total 25.00) Tj
ET
BT
/Helvetica 10 Tf
0.000 g
50.00 690.00 Td
(Item 05 | Qty 2 | Unit 12.50 | Total 25.00) Tj
ET
BT
/Helvetica 10 Tf
0.000 g
50.00 670.00 Td
(Item 06 | Qty 2 | Unit 12.50 | Total 25.00) Tj
ET
BT
/Helvetica 10 Tf
0.000 g
50.00 650.00 Td
(Item 07 | Qty 2 | Unit 12.50 | Total 25.00) Tj
ET
BT
/Helvetica 10 Tf
0.000 g
50.00 630.00 Td
(Item 08 | Qty 2 | Unit 12.50 | Total 25.00) Tj
ET
BT
/Helvetica 10 Tf
0.000 g
50.00 610.00 Td
(Item 09 | Qty 2 | Unit 12.50 | Total 25.00) Tj
ET
BT
/Helvetica 10 Tf
0.000 g
50.00 590.00 Td
(Item 10 | Qty 2 | Unit 12.50 | Total 25.00) Tj
ET
BT
/Helvetica 10 Tf
0.000 g
50.00 570.00 Td
(Item 11 | Qty 2 | Unit 12.50 | Total 25.00) Tj
ET
BT
/Helvetica 10 Tf
0.000 g
50.00 550.00 Td
(Item 12 | Qty 2 | Unit 12.50 | Total 25.00) Tj
ET
BT
/Helvetica 10 Tf
0.000 g
50.00 530.00 Td
(Item 13 | Qty 2 | Unit 12.50 | Total 25.00) Tj
ET
BT
/Helvetica 10 Tf
0.000 g
50.00 510.00 Td
(Item 14 | Qty 2 | Unit 12.50 | Total 25.00) Tj
ET
BT
/Helvetica 10 Tf
0.000 g
50.00 490.00 Td
(Item 15 | Qty 2 | Unit 12.50 | Total 25.00) Tj
ET
BT
/Helvetica 10 Tf
0.000 g
50.00 470.00 Td
(Item 16 | Qty 2 | Unit 12.50 | Total 25.00) Tj
ET
BT
/Helvetica 10 Tf
0.000 g
50.00 450.00 Td
(Item 17 | Qty 2 | Unit 12.50 | Total 25.00) Tj
ET
BT
/Helvetica 10 Tf
0.000 g
50.00 430.00 Td
(Item 18 | Qty 2 | Unit 12.50 | Total 25.00) Tj
ET
BT
/Helvetica 10 Tf
0.000 g
50.00 410.00 Td
(Item 19 | Qty 2 | Unit 12.50 | Total 25.00) Tj
ET
BT
/Helvetica 10 Tf
0.000 g
50.00 390.00 Td
(Item 20 | Qty 2 | Unit 12.50 | Total 25.00) Tj
ET
BT
/Helvetica 10 Tf
0.000 g
50.00 370.00 Td
(TOTAL 500.00 EUR) Tj
ET

endstream
endobj
104 0 obj
<<
/Contents 105 0 R
/MediaBox [0 0 595 842]
/Parent 2 0 R
/Resources <<
/Font 204 0 R
>>
/Type /Page
>>
endobj
105 0 obj
<<
/Length 2056
>>
stream
BT
/Helvetica 10 Tf
0.000 g
50.00 790.00 Td
(Invoice benchmark | Page 0051/0100) Tj
ET
BT
/Helvetica 10 Tf
0.000 g
50.00 770.00 Td
(Item 01 | Qty 2 | Unit 12.50 | Total 25.00) Tj
ET
BT
/Helvetica 10 Tf
0.000 g
50.00 750.00 Td
(Item 02 | Qty 2 | Unit 12.50 | Total 25.00) Tj
ET
BT
/Helvetica 10 Tf
0.000 g
50.00 730.00 Td
(Item 03 | Qty 2 | Unit 12.50 | Total 25.00) Tj
ET
BT
/Helvetica 10 Tf
0.000 g
50.00 710.00 Td
(Item 04 | Qty 2 | Unit 12.50 | Total 25.00) Tj
ET
BT
/Helvetica 10 Tf
0.000 g
50.00 690.00 Td
(Item 05 | Qty 2 | Unit 12.50 | Total 25.00) Tj
ET
BT
/Helvetica 10 Tf
0.000 g
50.00 670.00 Td
(Item 06 | Qty 2 | Unit 12.50 | Total 25.00) Tj
ET
BT
/Helvetica 10 Tf
0.000 g
50.00 650.00 Td
(Item 07 | Qty 2 | Unit 12.50 | Total 25.00) Tj
ET
BT
/Helvetica 10 Tf
0.000 g
50.00 630.00 Td
(Item 08 | Qty 2 | Unit 12.50 | Total 25.00) Tj
ET
BT
/Helvetica 10 Tf
0.000 g
50.00 610.00 Td
(Item 09 | Qty 2 | Unit 12.50 | Total 25.00) Tj
ET
BT
/Helvetica 10 Tf
0.000 g
50.00 590.00 Td
(Item 10 | Qty 2 | Unit 12.50 | Total 25.00) Tj
ET
BT
/Helvetica 10 Tf
0.000 g
50.00 570.00 Td
(Item 11 | Qty 2 | Unit 12.50 | Total 25.00) Tj
ET
BT
/Helvetica 10 Tf
0.000 g
50.00 550.00 Td
(Item 12 | Qty 2 | Unit 12.50 | Total 25.00) Tj
ET
BT
/Helvetica 10 Tf
0.000 g
50.00 530.00 Td
(Item 13 | Qty 2 | Unit 12.50 | Total 25.00) Tj
ET
BT
/Helvetica 10 Tf
0.000 g
50.00 510.00 Td
(Item 14 | Qty 2 | Unit 12.50 | Total 25.00) Tj
ET
BT
/Helvetica 10 Tf
0.000 g
50.00 490.00 Td
(Item 15 | Qty 2 | Unit 12.50 | Total 25.00) Tj
ET
BT
/Helvetica 10 Tf
0.000 g
50.00 470.00 Td
(Item 16 | Qty 2 | Unit 12.50 | Total 25.00) Tj
ET
BT
/Helvetica 10 Tf
0.000 g
50.00 450.00 Td
(Item 17 | Qty 2 | Unit 12.50 | Total 25.00) Tj
ET
BT
/Helvetica 10 Tf
0.000 g
50.00 430.00 Td
(Item 18 | Qty 2 | Unit 12.50 | Total 25.00) Tj
ET
BT
/Helvetica 10 Tf
0.000 g
50.00 410.00 Td
(Item 19 | Qty 2 | Unit 12.50 | Total 25.00) Tj
ET
BT
/Helvetica 10 Tf
0.000 g
50.00 390.00 Td
(Item 20 | Qty 2 | Unit 12.50 | Total 25.00) Tj
ET
BT
/Helvetica 10 Tf
0.000 g
50.00 370.00 Td
(TOTAL 500.00 EUR) Tj
ET

endstream
endobj
106 0 obj
<<
/Contents 107 0 R
/MediaBox [0 0 595 842]
/Parent 2 0 R
/Resources <<
/Font 204 0 R
>>
/Type /Page
>>
endobj
107 0 obj
<<
/Length 2056
>>
stream
BT
/Helvetica 10 Tf
0.000 g
50.00 790.00 Td
(Invoice benchmark | Page 0052/0100) Tj
ET
BT
/Helvetica 10 Tf
0.000 g
50.00 770.00 Td
(Item 01 | Qty 2 | Unit 12.50 | Total 25.00) Tj
ET
BT
/Helvetica 10 Tf
0.000 g
50.00 750.00 Td
(Item 02 | Qty 2 | Unit 12.50 | Total 25.00) Tj
ET
BT
/Helvetica 10 Tf
0.000 g
50.00 730.00 Td
(Item 03 | Qty 2 | Unit 12.50 | Total 25.00) Tj
ET
BT
/Helvetica 10 Tf
0.000 g
50.00 710.00 Td
(Item 04 | Qty 2 | Unit 12.50 | Total 25.00) Tj
ET
BT
/Helvetica 10 Tf
0.000 g
50.00 690.00 Td
(Item 05 | Qty 2 | Unit 12.50 | Total 25.00) Tj
ET
BT
/Helvetica 10 Tf
0.000 g
50.00 670.00 Td
(Item 06 | Qty 2 | Unit 12.50 | Total 25.00) Tj
ET
BT
/Helvetica 10 Tf
0.000 g
50.00 650.00 Td
(Item 07 | Qty 2 | Unit 12.50 | Total 25.00) Tj
ET
BT
/Helvetica 10 Tf
0.000 g
50.00 630.00 Td
(Item 08 | Qty 2 | Unit 12.50 | Total 25.00) Tj
ET
BT
/Helvetica 10 Tf
0.000 g
50.00 610.00 Td
(Item 09 | Qty 2 | Unit 12.50 | Total 25.00) Tj
ET
BT
/Helvetica 10 Tf
0.000 g
50.00 590.00 Td
(Item 10 | Qty 2 | Unit 12.50 | Total 25.00) Tj
ET
BT
/Helvetica 10 Tf
0.000 g
50.00 570.00 Td
(Item 11 | Qty 2 | Unit 12.50 | Total 25.00) Tj
ET
BT
/Helvetica 10 Tf
0.000 g
50.00 550.00 Td
(Item 12 | Qty 2 | Unit 12.50 | Total 25.00) Tj
ET
BT
/Helvetica 10 Tf
0.000 g
50.00 530.00 Td
(Item 13 | Qty 2 | Unit 12.50 | Total 25.00) Tj
ET
BT
/Helvetica 10 Tf
0.000 g
50.00 510.00 Td
(Item 14 | Qty 2 | Unit 12.50 | Total 25.00) Tj
ET
BT
/Helvetica 10 Tf
0.000 g
50.00 490.00 Td
(Item 15 | Qty 2 | Unit 12.50 | Total 25.00) Tj
ET
BT
/Helvetica 10 Tf
0.000 g
50.00 470.00 Td
(Item 16 | Qty 2 | Unit 12.50 | Total 25.00) Tj
ET
BT
/Helvetica 10 Tf
0.000 g
50.00 450.00 Td
(Item 17 | Qty 2 | Unit 12.50 | Total 25.00) Tj
ET
BT
/Helvetica 10 Tf
0.000 g
50.00 430.00 Td
(Item 18 | Qty 2 | Unit 12.50 | Total 25.00) Tj
ET
BT
/Helvetica 10 Tf
0.000 g
50.00 410.00 Td
(Item 19 | Qty 2 | Unit 12.50 | Total 25.00) Tj
ET
BT
/Helvetica 10 Tf
0.000 g
50.00 390.00 Td
(Item 20 | Qty 2 | Unit 12.50 | Total 25.00) Tj
ET
BT
/Helvetica 10 Tf
0.000 g
50.00 370.00 Td
(TOTAL 500.00 EUR) Tj
ET

endstream
endobj
108 0 obj
<<
/Contents 109 0 R
/MediaBox [0 0 595 842]
/Parent 2 0 R
/Resources <<
/Font 204 0 R
>>
/Type /Page
>>
endobj
109 0 obj
<<
/Length 2056
>>
stream
BT
/Helvetica 10 Tf
0.000 g
50.00 790.00 Td
(Invoice benchmark | Page 0053/0100) Tj
ET
BT
/Helvetica 10 Tf
0.000 g
50.00 770.00 Td
(Item 01 | Qty 2 | Unit 12.50 | Total 25.00) Tj
ET
BT
/Helvetica 10 Tf
0.000 g
50.00 750.00 Td
(Item 02 | Qty 2 | Unit 12.50 | Total 25.00) Tj
ET
BT
/Helvetica 10 Tf
0.000 g
50.00 730.00 Td
(Item 03 | Qty 2 | Unit 12.50 | Total 25.00) Tj
ET
BT
/Helvetica 10 Tf
0.000 g
50.00 710.00 Td
(Item 04 | Qty 2 | Unit 12.50 | Total 25.00) Tj
ET
BT
/Helvetica 10 Tf
0.000 g
50.00 690.00 Td
(Item 05 | Qty 2 | Unit 12.50 | Total 25.00) Tj
ET
BT
/Helvetica 10 Tf
0.000 g
50.00 670.00 Td
(Item 06 | Qty 2 | Unit 12.50 | Total 25.00) Tj
ET
BT
/Helvetica 10 Tf
0.000 g
50.00 650.00 Td
(Item 07 | Qty 2 | Unit 12.50 | Total 25.00) Tj
ET
BT
/Helvetica 10 Tf
0.000 g
50.00 630.00 Td
(Item 08 | Qty 2 | Unit 12.50 | Total 25.00) Tj
ET
BT
/Helvetica 10 Tf
0.000 g
50.00 610.00 Td
(Item 09 | Qty 2 | Unit 12.50 | Total 25.00) Tj
ET
BT
/Helvetica 10 Tf
0.000 g
50.00 590.00 Td
(Item 10 | Qty 2 | Unit 12.50 | Total 25.00) Tj
ET
BT
/Helvetica 10 Tf
0.000 g
50.00 570.00 Td
(Item 11 | Qty 2 | Unit 12.50 | Total 25.00) Tj
ET
BT
/Helvetica 10 Tf
0.000 g
50.00 550.00 Td
(Item 12 | Qty 2 | Unit 12.50 | Total 25.00) Tj
ET
BT
/Helvetica 10 Tf
0.000 g
50.00 530.00 Td
(Item 13 | Qty 2 | Unit 12.50 | Total 25.00) Tj
ET
BT
/Helvetica 10 Tf
0.000 g
50.00 510.00 Td
(Item 14 | Qty 2 | Unit 12.50 | Total 25.00) Tj
ET
BT
/Helvetica 10 Tf
0.000 g
50.00 490.00 Td
(Item 15 | Qty 2 | Unit 12.50 | Total 25.00) Tj
ET
BT
/Helvetica 10 Tf
0.000 g
50.00 470.00 Td
(Item 16 | Qty 2 | Unit 12.50 | Total 25.00) Tj
ET
BT
/Helvetica 10 Tf
0.000 g
50.00 450.00 Td
(Item 17 | Qty 2 | Unit 12.50 | Total 25.00) Tj
ET
BT
/Helvetica 10 Tf
0.000 g
50.00 430.00 Td
(Item 18 | Qty 2 | Unit 12.50 | Total 25.00) Tj
ET
BT
/Helvetica 10 Tf
0.000 g
50.00 410.00 Td
(Item 19 | Qty 2 | Unit 12.50 | Total 25.00) Tj
ET
BT
/Helvetica 10 Tf
0.000 g
50.00 390.00 Td
(Item 20 | Qty 2 | Unit 12.50 | Total 25.00) Tj
ET
BT
/Helvetica 10 Tf
0.000 g
50.00 370.00 Td
(TOTAL 500.00 EUR) Tj
ET

endstream
endobj
110 0 obj
<<
/Contents 111 0 R
/MediaBox [0 0 595 842]
/Parent 2 0 R
/Resources <<
/Font 204 0 R
>>
/Type /Page
>>
endobj
111 0 obj
<<
/Length 2056
>>
stream
BT
/Helvetica 10 Tf
0.000 g
50.00 790.00 Td
(Invoice benchmark | Page 0054/0100) Tj
ET
BT
/Helvetica 10 Tf
0.000 g
50.00 770.00 Td
(Item 01 | Qty 2 | Unit 12.50 | Total 25.00) Tj
ET
BT
/Helvetica 10 Tf
0.000 g
50.00 750.00 Td
(Item 02 | Qty 2 | Unit 12.50 | Total 25.00) Tj
ET
BT
/Helvetica 10 Tf
0.000 g
50.00 730.00 Td
(Item 03 | Qty 2 | Unit 12.50 | Total 25.00) Tj
ET
BT
/Helvetica 10 Tf
0.000 g
50.00 710.00 Td
(Item 04 | Qty 2 | Unit 12.50 | Total 25.00) Tj
ET
BT
/Helvetica 10 Tf
0.000 g
50.00 690.00 Td
(Item 05 | Qty 2 | Unit 12.50 | Total 25.00) Tj
ET
BT
/Helvetica 10 Tf
0.000 g
50.00 670.00 Td
(Item 06 | Qty 2 | Unit 12.50 | Total 25.00) Tj
ET
BT
/Helvetica 10 Tf
0.000 g
50.00 650.00 Td
(Item 07 | Qty 2 | Unit 12.50 | Total 25.00) Tj
ET
BT
/Helvetica 10 Tf
0.000 g
50.00 630.00 Td
(Item 08 | Qty 2 | Unit 12.50 | Total 25.00) Tj
ET
BT
/Helvetica 10 Tf
0.000 g
50.00 610.00 Td
(Item 09 | Qty 2 | Unit 12.50 | Total 25.00) Tj
ET
BT
/Helvetica 10 Tf
0.000 g
50.00 590.00 Td
(Item 10 | Qty 2 | Unit 12.50 | Total 25.00) Tj
ET
BT
/Helvetica 10 Tf
0.000 g
50.00 570.00 Td
(Item 11 | Qty 2 | Unit 12.50 | Total 25.00) Tj
ET
BT
/Helvetica 10 Tf
0.000 g
50.00 550.00 Td
(Item 12 | Qty 2 | Unit 12.50 | Total 25.00) Tj
ET
BT
/Helvetica 10 Tf
0.000 g
50.00 530.00 Td
(Item 13 | Qty 2 | Unit 12.50 | Total 25.00) Tj
ET
BT
/Helvetica 10 Tf
0.000 g
50.00 510.00 Td
(Item 14 | Qty 2 | Unit 12.50 | Total 25.00) Tj
ET
BT
/Helvetica 10 Tf
0.000 g
50.00 490.00 Td
(Item 15 | Qty 2 | Unit 12.50 | Total 25.00) Tj
ET
BT
/Helvetica 10 Tf
0.000 g
50.00 470.00 Td
(Item 16 | Qty 2 | Unit 12.50 | Total 25.00) Tj
ET
BT
/Helvetica 10 Tf
0.000 g
50.00 450.00 Td
(Item 17 | Qty 2 | Unit 12.50 | Total 25.00) Tj
ET
BT
/Helvetica 10 Tf
0.000 g
50.00 430.00 Td
(Item 18 | Qty 2 | Unit 12.50 | Total 25.00) Tj
ET
BT
/Helvetica 10 Tf
0.000 g
50.00 410.00 Td
(Item 19 | Qty 2 | Unit 12.50 | Total 25.00) Tj
ET
BT
/Helvetica 10 Tf
0.000 g
50.00 390.00 Td
(Item 20 | Qty 2 | Unit 12.50 | Total 25.00) Tj
ET
BT
/Helvetica 10 Tf
0.000 g
50.00 370.00 Td
(TOTAL 500.00 EUR) Tj
ET

endstream
endobj
112 0 obj
<<
/Contents 113 0 R
/MediaBox [0 0 595 842]
/Parent 2 0 R
/Resources <<
/Font 204 0 R
>>
/Type /Page
>>
endobj
113 0 obj
<<
/Length 2056
>>
stream
BT
/Helvetica 10 Tf
0.000 g
50.00 790.00 Td
(Invoice benchmark | Page 0055/0100) Tj
ET
BT
/Helvetica 10 Tf
0.000 g
50.00 770.00 Td
(Item 01 | Qty 2 | Unit 12.50 | Total 25.00) Tj
ET
BT
/Helvetica 10 Tf
0.000 g
50.00 750.00 Td
(Item 02 | Qty 2 | Unit 12.50 | Total 25.00) Tj
ET
BT
/Helvetica 10 Tf
0.000 g
50.00 730.00 Td
(Item 03 | Qty 2 | Unit 12.50 | Total 25.00) Tj
ET
BT
/Helvetica 10 Tf
0.000 g
50.00 710.00 Td
(Item 04 | Qty 2 | Unit 12.50 | Total 25.00) Tj
ET
BT
/Helvetica 10 Tf
0.000 g
50.00 690.00 Td
(Item 05 | Qty 2 | Unit 12.50 | Total 25.00) Tj
ET
BT
/Helvetica 10 Tf
0.000 g
50.00 670.00 Td
(Item 06 | Qty 2 | Unit 12.50 | Total 25.00) Tj
ET
BT
/Helvetica 10 Tf
0.000 g
50.00 650.00 Td
(Item 07 | Qty 2 | Unit 12.50 | Total 25.00) Tj
ET
BT
/Helvetica 10 Tf
0.000 g
50.00 630.00 Td
(Item 08 | Qty 2 | Unit 12.50 | Total 25.00) Tj
ET
BT
/Helvetica 10 Tf
0.000 g
50.00 610.00 Td
(Item 09 | Qty 2 | Unit 12.50 | Total 25.00) Tj
ET
BT
/Helvetica 10 Tf
0.000 g
50.00 590.00 Td
(Item 10 | Qty 2 | Unit 12.50 | Total 25.00) Tj
ET
BT
/Helvetica 10 Tf
0.000 g
50.00 570.00 Td
(Item 11 | Qty 2 | Unit 12.50 | Total 25.00) Tj
ET
BT
/Helvetica 10 Tf
0.000 g
50.00 550.00 Td
(Item 12 | Qty 2 | Unit 12.50 | Total 25.00) Tj
ET
BT
/Helvetica 10 Tf
0.000 g
50.00 530.00 Td
(Item 13 | Qty 2 | Unit 12.50 | Total 25.00) Tj
ET
BT
/Helvetica 10 Tf
0.000 g
50.00 510.00 Td
(Item 14 | Qty 2 | Unit 12.50 | Total 25.00) Tj
ET
BT
/Helvetica 10 Tf
0.000 g
50.00 490.00 Td
(Item 15 | Qty 2 | Unit 12.50 | Total 25.00) Tj
ET
BT
/Helvetica 10 Tf
0.000 g
50.00 470.00 Td
(Item 16 | Qty 2 | Unit 12.50 | Total 25.00) Tj
ET
BT
/Helvetica 10 Tf
0.000 g
50.00 450.00 Td
(Item 17 | Qty 2 | Unit 12.50 | Total 25.00) Tj
ET
BT
/Helvetica 10 Tf
0.000 g
50.00 430.00 Td
(Item 18 | Qty 2 | Unit 12.50 | Total 25.00) Tj
ET
BT
/Helvetica 10 Tf
0.000 g
50.00 410.00 Td
(Item 19 | Qty 2 | Unit 12.50 | Total 25.00) Tj
ET
BT
/Helvetica 10 Tf
0.000 g
50.00 390.00 Td
(Item 20 | Qty 2 | Unit 12.50 | Total 25.00) Tj
ET
BT
/Helvetica 10 Tf
0.000 g
50.00 370.00 Td
(TOTAL 500.00 EUR) Tj
ET

endstream
endobj
114 0 obj
<<
/Contents 115 0 R
/MediaBox [0 0 595 842]
/Parent 2 0 R
/Resources <<
/Font 204 0 R
>>
/Type /Page
>>
endobj
115 0 obj
<<
/Length 2056
>>
stream
BT
/Helvetica 10 Tf
0.000 g
50.00 790.00 Td
(Invoice benchmark | Page 0056/0100) Tj
ET
BT
/Helvetica 10 Tf
0.000 g
50.00 770.00 Td
(Item 01 | Qty 2 | Unit 12.50 | Total 25.00) Tj
ET
BT
/Helvetica 10 Tf
0.000 g
50.00 750.00 Td
(Item 02 | Qty 2 | Unit 12.50 | Total 25.00) Tj
ET
BT
/Helvetica 10 Tf
0.000 g
50.00 730.00 Td
(Item 03 | Qty 2 | Unit 12.50 | Total 25.00) Tj
ET
BT
/Helvetica 10 Tf
0.000 g
50.00 710.00 Td
(Item 04 | Qty 2 | Unit 12.50 | Total 25.00) Tj
ET
BT
/Helvetica 10 Tf
0.000 g
50.00 690.00 Td
(Item 05 | Qty 2 | Unit 12.50 | Total 25.00) Tj
ET
BT
/Helvetica 10 Tf
0.000 g
50.00 670.00 Td
(Item 06 | Qty 2 | Unit 12.50 | Total 25.00) Tj
ET
BT
/Helvetica 10 Tf
0.000 g
50.00 650.00 Td
(Item 07 | Qty 2 | Unit 12.50 | Total 25.00) Tj
ET
BT
/Helvetica 10 Tf
0.000 g
50.00 630.00 Td
(Item 08 | Qty 2 | Unit 12.50 | Total 25.00) Tj
ET
BT
/Helvetica 10 Tf
0.000 g
50.00 610.00 Td
(Item 09 | Qty 2 | Unit 12.50 | Total 25.00) Tj
ET
BT
/Helvetica 10 Tf
0.000 g
50.00 590.00 Td
(Item 10 | Qty 2 | Unit 12.50 | Total 25.00) Tj
ET
BT
/Helvetica 10 Tf
0.000 g
50.00 570.00 Td
(Item 11 | Qty 2 | Unit 12.50 | Total 25.00) Tj
ET
BT
/Helvetica 10 Tf
0.000 g
50.00 550.00 Td
(Item 12 | Qty 2 | Unit 12.50 | Total 25.00) Tj
ET
BT
/Helvetica 10 Tf
0.000 g
50.00 530.00 Td
(Item 13 | Qty 2 | Unit 12.50 | Total 25.00) Tj
ET
BT
/Helvetica 10 Tf
0.000 g
50.00 510.00 Td
(Item 14 | Qty 2 | Unit 12.50 | Total 25.00) Tj
ET
BT
/Helvetica 10 Tf
0.000 g
50.00 490.00 Td
(Item 15 | Qty 2 | Unit 12.50 | Total 25.00) Tj
ET
BT
/Helvetica 10 Tf
0.000 g
50.00 470.00 Td
(Item 16 | Qty 2 | Unit 12.50 | Total 25.00) Tj
ET
BT
/Helvetica 10 Tf
0.000 g
50.00 450.00 Td
(Item 17 | Qty 2 | Unit 12.50 | Total 25.00) Tj
ET
BT
/Helvetica 10 Tf
0.000 g
50.00 430.00 Td
(Item 18 | Qty 2 | Unit 12.50 | Total 25.00) Tj
ET
BT
/Helvetica 10 Tf
0.000 g
50.00 410.00 Td
(Item 19 | Qty 2 | Unit 12.50 | Total 25.00) Tj
ET
BT
/Helvetica 10 Tf
0.000 g
50.00 390.00 Td
(Item 20 | Qty 2 | Unit 12.50 | Total 25.00) Tj
ET
BT
/Helvetica 10 Tf
0.000 g
50.00 370.00 Td
(TOTAL 500.00 EUR) Tj
ET

endstream
endobj
116 0 obj
<<
/Contents 117 0 R
/MediaBox [0 0 595 842]
/Parent 2 0 R
/Resources <<
/Font 204 0 R
>>
/Type /Page
>>
endobj
117 0 obj
<<
/Length 2056
>>
stream
BT
/Helvetica 10 Tf
0.000 g
50.00 790.00 Td
(Invoice benchmark | Page 0057/0100) Tj
ET
BT
/Helvetica 10 Tf
0.000 g
50.00 770.00 Td
(Item 01 | Qty 2 | Unit 12.50 | Total 25.00) Tj
ET
BT
/Helvetica 10 Tf
0.000 g
50.00 750.00 Td
(Item 02 | Qty 2 | Unit 12.50 | Total 25.00) Tj
ET
BT
/Helvetica 10 Tf
0.000 g
50.00 730.00 Td
(Item 03 | Qty 2 | Unit 12.50 | Total 25.00) Tj
ET
BT
/Helvetica 10 Tf
0.000 g
50.00 710.00 Td
(Item 04 | Qty 2 | Unit 12.50 | Total 25.00) Tj
ET
BT
/Helvetica 10 Tf
0.000 g
50.00 690.00 Td
(Item 05 | Qty 2 | Unit 12.50 | Total 25.00) Tj
ET
BT
/Helvetica 10 Tf
0.000 g
50.00 670.00 Td
(Item 06 | Qty 2 | Unit 12.50 | Total 25.00) Tj
ET
BT
/Helvetica 10 Tf
0.000 g
50.00 650.00 Td
(Item 07 | Qty 2 | Unit 12.50 | Total 25.00) Tj
ET
BT
/Helvetica 10 Tf
0.000 g
50.00 630.00 Td
(Item 08 | Qty 2 | Unit 12.50 | Total 25.00) Tj
ET
BT
/Helvetica 10 Tf
0.000 g
50.00 610.00 Td
(Item 09 | Qty 2 | Unit 12.50 | Total 25.00) Tj
ET
BT
/Helvetica 10 Tf
0.000 g
50.00 590.00 Td
(Item 10 | Qty 2 | Unit 12.50 | Total 25.00) Tj
ET
BT
/Helvetica 10 Tf
0.000 g
50.00 570.00 Td
(Item 11 | Qty 2 | Unit 12.50 | Total 25.00) Tj
ET
BT
/Helvetica 10 Tf
0.000 g
50.00 550.00 Td
(Item 12 | Qty 2 | Unit 12.50 | Total 25.00) Tj
ET
BT
/Helvetica 10 Tf
0.000 g
50.00 530.00 Td
(Item 13 | Qty 2 | Unit 12.50 | Total 25.00) Tj
ET
BT
/Helvetica 10 Tf
0.000 g
50.00 510.00 Td
(Item 14 | Qty 2 | Unit 12.50 | Total 25.00) Tj
ET
BT
/Helvetica 10 Tf
0.000 g
50.00 490.00 Td
(Item 15 | Qty 2 | Unit 12.50 | Total 25.00) Tj
ET
BT
/Helvetica 10 Tf
0.000 g
50.00 470.00 Td
(Item 16 | Qty 2 | Unit 12.50 | Total 25.00) Tj
ET
BT
/Helvetica 10 Tf
0.000 g
50.00 450.00 Td
(Item 17 | Qty 2 | Unit 12.50 | Total 25.00) Tj
ET
BT
/Helvetica 10 Tf
0.000 g
50.00 430.00 Td
(Item 18 | Qty 2 | Unit 12.50 | Total 25.00) Tj
ET
BT
/Helvetica 10 Tf
0.000 g
50.00 410.00 Td
(Item 19 | Qty 2 | Unit 12.50 | Total 25.00) Tj
ET
BT
/Helvetica 10 Tf
0.000 g
50.00 390.00 Td
(Item 20 | Qty 2 | Unit 12.50 | Total 25.00) Tj
ET
BT
/Helvetica 10 Tf
0.000 g
50.00 370.00 Td
(TOTAL 500.00 EUR) Tj
ET

endstream
endobj
118 0 obj
<<
/Contents 119 0 R
/MediaBox [0 0 595 842]
/Parent 2 0 R
/Resources <<
/Font 204 0 R
>>
/Type /Page
>>
endobj
119 0 obj
<<
/Length 2056
>>
stream
BT
/Helvetica 10 Tf
0.000 g
50.00 790.00 Td
(Invoice benchmark | Page 0058/0100) Tj
ET
BT
/Helvetica 10 Tf
0.000 g
50.00 770.00 Td
(Item 01 | Qty 2 | Unit 12.50 | Total 25.00) Tj
ET
BT
/Helvetica 10 Tf
0.000 g
50.00 750.00 Td
(Item 02 | Qty 2 | Unit 12.50 | Total 25.00) Tj
ET
BT
/Helvetica 10 Tf
0.000 g
50.00 730.00 Td
(Item 03 | Qty 2 | Unit 12.50 | Total 25.00) Tj
ET
BT
/Helvetica 10 Tf
0.000 g
50.00 710.00 Td
(Item 04 | Qty 2 | Unit 12.50 | Total 25.00) Tj
ET
BT
/Helvetica 10 Tf
0.000 g
50.00 690.00 Td
(Item 05 | Qty 2 | Unit 12.50 | Total 25.00) Tj
ET
BT
/Helvetica 10 Tf
0.000 g
50.00 670.00 Td
(Item 06 | Qty 2 | Unit 12.50 | Total 25.00) Tj
ET
BT
/Helvetica 10 Tf
0.000 g
50.00 650.00 Td
(Item 07 | Qty 2 | Unit 12.50 | Total 25.00) Tj
ET
BT
/Helvetica 10 Tf
0.000 g
50.00 630.00 Td
(Item 08 | Qty 2 | Unit 12.50 | Total 25.00) Tj
ET
BT
/Helvetica 10 Tf
0.000 g
50.00 610.00 Td
(Item 09 | Qty 2 | Unit 12.50 | Total 25.00) Tj
ET
BT
/Helvetica 10 Tf
0.000 g
50.00 590.00 Td
(Item 10 | Qty 2 | Unit 12.50 | Total 25.00) Tj
ET
BT
/Helvetica 10 Tf
0.000 g
50.00 570.00 Td
(Item 11 | Qty 2 | Unit 12.50 | Total 25.00) Tj
ET
BT
/Helvetica 10 Tf
0.000 g
50.00 550.00 Td
(Item 12 | Qty 2 | Unit 12.50 | Total 25.00) Tj
ET
BT
/Helvetica 10 Tf
0.000 g
50.00 530.00 Td
(Item 13 | Qty 2 | Unit 12.50 | Total 25.00) Tj
ET
BT
/Helvetica 10 Tf
0.000 g
50.00 510.00 Td
(Item 14 | Qty 2 | Unit 12.50 | Total 25.00) Tj
ET
BT
/Helvetica 10 Tf
0.000 g
50.00 490.00 Td
(Item 15 | Qty 2 | Unit 12.50 | Total 25.00) Tj
ET
BT
/Helvetica 10 Tf
0.000 g
50.00 470.00 Td
(Item 16 | Qty 2 | Unit 12.50 | Total 25.00) Tj
ET
BT
/Helvetica 10 Tf
0.000 g
50.00 450.00 Td
(Item 17 | Qty 2 | Unit 12.50 | Total 25.00) Tj
ET
BT
/Helvetica 10 Tf
0.000 g
50.00 430.00 Td
(Item 18 | Qty 2 | Unit 12.50 | Total 25.00) Tj
ET
BT
/Helvetica 10 Tf
0.000 g
50.00 410.00 Td
(Item 19 | Qty 2 | Unit 12.50 | Total 25.00) Tj
ET
BT
/Helvetica 10 Tf
0.000 g
50.00 390.00 Td
(Item 20 | Qty 2 | Unit 12.50 | Total 25.00) Tj
ET
BT
/Helvetica 10 Tf
0.000 g
50.00 370.00 Td
(TOTAL 500.00 EUR) Tj
ET

endstream
endobj
120 0 obj
<<
/Contents 121 0 R
/MediaBox [0 0 595 842]
/Parent 2 0 R
/Resources <<
/Font 204 0 R
>>
/Type /Page
>>
endobj
121 0 obj
<<
/Length 2056
>>
stream
BT
/Helvetica 10 Tf
0.000 g
50.00 790.00 Td
(Invoice benchmark | Page 0059/0100) Tj
ET
BT
/Helvetica 10 Tf
0.000 g
50.00 770.00 Td
(Item 01 | Qty 2 | Unit 12.50 | Total 25.00) Tj
ET
BT
/Helvetica 10 Tf
0.000 g
50.00 750.00 Td
(Item 02 | Qty 2 | Unit 12.50 | Total 25.00) Tj
ET
BT
/Helvetica 10 Tf
0.000 g
50.00 730.00 Td
(Item 03 | Qty 2 | Unit 12.50 | Total 25.00) Tj
ET
BT
/Helvetica 10 Tf
0.000 g
50.00 710.00 Td
(Item 04 | Qty 2 | Unit 12.50 | Total 25.00) Tj
ET
BT
/Helvetica 10 Tf
0.000 g
50.00 690.00 Td
(Item 05 | Qty 2 | Unit 12.50 | Total 25.00) Tj
ET
BT
/Helvetica 10 Tf
0.000 g
50.00 670.00 Td
(Item 06 | Qty 2 | Unit 12.50 | Total 25.00) Tj
ET
BT
/Helvetica 10 Tf
0.000 g
50.00 650.00 Td
(Item 07 | Qty 2 | Unit 12.50 | Total 25.00) Tj
ET
BT
/Helvetica 10 Tf
0.000 g
50.00 630.00 Td
(Item 08 | Qty 2 | Unit 12.50 | Total 25.00) Tj
ET
BT
/Helvetica 10 Tf
0.000 g
50.00 610.00 Td
(Item 09 | Qty 2 | Unit 12.50 | Total 25.00) Tj
ET
BT
/Helvetica 10 Tf
0.000 g
50.00 590.00 Td
(Item 10 | Qty 2 | Unit 12.50 | Total 25.00) Tj
ET
BT
/Helvetica 10 Tf
0.000 g
50.00 570.00 Td
(Item 11 | Qty 2 | Unit 12.50 | Total 25.00) Tj
ET
BT
/Helvetica 10 Tf
0.000 g
50.00 550.00 Td
(Item 12 | Qty 2 | Unit 12.50 | Total 25.00) Tj
ET
BT
/Helvetica 10 Tf
0.000 g
50.00 530.00 Td
(Item 13 | Qty 2 | Unit 12.50 | Total 25.00) Tj
ET
BT
/Helvetica 10 Tf
0.000 g
50.00 510.00 Td
(Item 14 | Qty 2 | Unit 12.50 | Total 25.00) Tj
ET
BT
/Helvetica 10 Tf
0.000 g
50.00 490.00 Td
(Item 15 | Qty 2 | Unit 12.50 | Total 25.00) Tj
ET
BT
/Helvetica 10 Tf
0.000 g
50.00 470.00 Td
(Item 16 | Qty 2 | Unit 12.50 | Total 25.00) Tj
ET
BT
/Helvetica 10 Tf
0.000 g
50.00 450.00 Td
(Item 17 | Qty 2 | Unit 12.50 | Total 25.00) Tj
ET
BT
/Helvetica 10 Tf
0.000 g
50.00 430.00 Td
(Item 18 | Qty 2 | Unit 12.50 | Total 25.00) Tj
ET
BT
/Helvetica 10 Tf
0.000 g
50.00 410.00 Td
(Item 19 | Qty 2 | Unit 12.50 | Total 25.00) Tj
ET
BT
/Helvetica 10 Tf
0.000 g
50.00 390.00 Td
(Item 20 | Qty 2 | Unit 12.50 | Total 25.00) Tj
ET
BT
/Helvetica 10 Tf
0.000 g
50.00 370.00 Td
(TOTAL 500.00 EUR) Tj
ET

endstream
endobj
122 0 obj
<<
/Contents 123 0 R
/MediaBox [0 0 595 842]
/Parent 2 0 R
/Resources <<
/Font 204 0 R
>>
/Type /Page
>>
endobj
123 0 obj
<<
/Length 2056
>>
stream
BT
/Helvetica 10 Tf
0.000 g
50.00 790.00 Td
(Invoice benchmark | Page 0060/0100) Tj
ET
BT
/Helvetica 10 Tf
0.000 g
50.00 770.00 Td
(Item 01 | Qty 2 | Unit 12.50 | Total 25.00) Tj
ET
BT
/Helvetica 10 Tf
0.000 g
50.00 750.00 Td
(Item 02 | Qty 2 | Unit 12.50 | Total 25.00) Tj
ET
BT
/Helvetica 10 Tf
0.000 g
50.00 730.00 Td
(Item 03 | Qty 2 | Unit 12.50 | Total 25.00) Tj
ET
BT
/Helvetica 10 Tf
0.000 g
50.00 710.00 Td
(Item 04 | Qty 2 | Unit 12.50 | Total 25.00) Tj
ET
BT
/Helvetica 10 Tf
0.000 g
50.00 690.00 Td
(Item 05 | Qty 2 | Unit 12.50 | Total 25.00) Tj
ET
BT
/Helvetica 10 Tf
0.000 g
50.00 670.00 Td
(Item 06 | Qty 2 | Unit 12.50 | Total 25.00) Tj
ET
BT
/Helvetica 10 Tf
0.000 g
50.00 650.00 Td
(Item 07 | Qty 2 | Unit 12.50 | Total 25.00) Tj
ET
BT
/Helvetica 10 Tf
0.000 g
50.00 630.00 Td
(Item 08 | Qty 2 | Unit 12.50 | Total 25.00) Tj
ET
BT
/Helvetica 10 Tf
0.000 g
50.00 610.00 Td
(Item 09 | Qty 2 | Unit 12.50 | Total 25.00) Tj
ET
BT
/Helvetica 10 Tf
0.000 g
50.00 590.00 Td
(Item 10 | Qty 2 | Unit 12.50 | Total 25.00) Tj
ET
BT
/Helvetica 10 Tf
0.000 g
50.00 570.00 Td
(Item 11 | Qty 2 | Unit 12.50 | Total 25.00) Tj
ET
BT
/Helvetica 10 Tf
0.000 g
50.00 550.00 Td
(Item 12 | Qty 2 | Unit 12.50 | Total 25.00) Tj
ET
BT
/Helvetica 10 Tf
0.000 g
50.00 530.00 Td
(Item 13 | Qty 2 | Unit 12.50 | Total 25.00) Tj
ET
BT
/Helvetica 10 Tf
0.000 g
50.00 510.00 Td
(Item 14 | Qty 2 | Unit 12.50 | Total 25.00) Tj
ET
BT
/Helvetica 10 Tf
0.000 g
50.00 490.00 Td
(Item 15 | Qty 2 | Unit 12.50 | Total 25.00) Tj
ET
BT
/Helvetica 10 Tf
0.000 g
50.00 470.00 Td
(Item 16 | Qty 2 | Unit 12.50 | Total 25.00) Tj
ET
BT
/Helvetica 10 Tf
0.000 g
50.00 450.00 Td
(Item 17 | Qty 2 | Unit 12.50 | Total 25.00) Tj
ET
BT
/Helvetica 10 Tf
0.000 g
50.00 430.00 Td
(Item 18 | Qty 2 | Unit 12.50 | Total 25.00) Tj
ET
BT
/Helvetica 10 Tf
0.000 g
50.00 410.00 Td
(Item 19 | Qty 2 | Unit 12.50 | Total 25.00) Tj
ET
BT
/Helvetica 10 Tf
0.000 g
50.00 390.00 Td
(Item 20 | Qty 2 | Unit 12.50 | Total 25.00) Tj
ET
BT
/Helvetica 10 Tf
0.000 g
50.00 370.00 Td
(TOTAL 500.00 EUR) Tj
ET

endstream
endobj
124 0 obj
<<
/Contents 125 0 R
/MediaBox [0 0 595 842]
/Parent 2 0 R
/Resources <<
/Font 204 0 R
>>
/Type /Page
>>
endobj
125 0 obj
<<
/Length 2056
>>
stream
BT
/Helvetica 10 Tf
0.000 g
50.00 790.00 Td
(Invoice benchmark | Page 0061/0100) Tj
ET
BT
/Helvetica 10 Tf
0.000 g
50.00 770.00 Td
(Item 01 | Qty 2 | Unit 12.50 | Total 25.00) Tj
ET
BT
/Helvetica 10 Tf
0.000 g
50.00 750.00 Td
(Item 02 | Qty 2 | Unit 12.50 | Total 25.00) Tj
ET
BT
/Helvetica 10 Tf
0.000 g
50.00 730.00 Td
(Item 03 | Qty 2 | Unit 12.50 | Total 25.00) Tj
ET
BT
/Helvetica 10 Tf
0.000 g
50.00 710.00 Td
(Item 04 | Qty 2 | Unit 12.50 | Total 25.00) Tj
ET
BT
/Helvetica 10 Tf
0.000 g
50.00 690.00 Td
(Item 05 | Qty 2 | Unit 12.50 | Total 25.00) Tj
ET
BT
/Helvetica 10 Tf
0.000 g
50.00 670.00 Td
(Item 06 | Qty 2 | Unit 12.50 | Total 25.00) Tj
ET
BT
/Helvetica 10 Tf
0.000 g
50.00 650.00 Td
(Item 07 | Qty 2 | Unit 12.50 | Total 25.00) Tj
ET
BT
/Helvetica 10 Tf
0.000 g
50.00 630.00 Td
(Item 08 | Qty 2 | Unit 12.50 | Total 25.00) Tj
ET
BT
/Helvetica 10 Tf
0.000 g
50.00 610.00 Td
(Item 09 | Qty 2 | Unit 12.50 | Total 25.00) Tj
ET
BT
/Helvetica 10 Tf
0.000 g
50.00 590.00 Td
(Item 10 | Qty 2 | Unit 12.50 | Total 25.00) Tj
ET
BT
/Helvetica 10 Tf
0.000 g
50.00 570.00 Td
(Item 11 | Qty 2 | Unit 12.50 | Total 25.00) Tj
ET
BT
/Helvetica 10 Tf
0.000 g
50.00 550.00 Td
(Item 12 | Qty 2 | Unit 12.50 | Total 25.00) Tj
ET
BT
/Helvetica 10 Tf
0.000 g
50.00 530.00 Td
(Item 13 | Qty 2 | Unit 12.50 | Total 25.00) Tj
ET
BT
/Helvetica 10 Tf
0.000 g
50.00 510.00 Td
(Item 14 | Qty 2 | Unit 12.50 | Total 25.00) Tj
ET
BT
/Helvetica 10 Tf
0.000 g
50.00 490.00 Td
(Item 15 | Qty 2 | Unit 12.50 | Total 25.00) Tj
ET
BT
/Helvetica 10 Tf
0.000 g
50.00 470.00 Td
(Item 16 | Qty 2 | Unit 12.50 | Total 25.00) Tj
ET
BT
/Helvetica 10 Tf
0.000 g
50.00 450.00 Td
(Item 17 | Qty 2 | Unit 12.50 | Total 25.00) Tj
ET
BT
/Helvetica 10 Tf
0.000 g
50.00 430.00 Td
(Item 18 | Qty 2 | Unit 12.50 | Total 25.00) Tj
ET
BT
/Helvetica 10 Tf
0.000 g
50.00 410.00 Td
(Item 19 | Qty 2 | Unit 12.50 | Total 25.00) Tj
ET
BT
/Helvetica 10 Tf
0.000 g
50.00 390.00 Td
(Item 20 | Qty 2 | Unit 12.50 | Total 25.00) Tj
ET
BT
/Helvetica 10 Tf
0.000 g
50.00 370.00 Td
(TOTAL 500.00 EUR) Tj
ET

endstream
endobj
126 0 obj
<<
/Contents 127 0 R
/MediaBox [0 0 595 842]
/Parent 2 0 R
/Resources <<
/Font 204 0 R
>>
/Type /Page
>>
endobj
127 0 obj
<<
/Length 2056
>>
stream
BT
/Helvetica 10 Tf
0.000 g
50.00 790.00 Td
(Invoice benchmark | Page 0062/0100) Tj
ET
BT
/Helvetica 10 Tf
0.000 g
50.00 770.00 Td
(Item 01 | Qty 2 | Unit 12.50 | Total 25.00) Tj
ET
BT
/Helvetica 10 Tf
0.000 g
50.00 750.00 Td
(Item 02 | Qty 2 | Unit 12.50 | Total 25.00) Tj
ET
BT
/Helvetica 10 Tf
0.000 g
50.00 730.00 Td
(Item 03 | Qty 2 | Unit 12.50 | Total 25.00) Tj
ET
BT
/Helvetica 10 Tf
0.000 g
50.00 710.00 Td
(Item 04 | Qty 2 | Unit 12.50 | Total 25.00) Tj
ET
BT
/Helvetica 10 Tf
0.000 g
50.00 690.00 Td
(Item 05 | Qty 2 | Unit 12.50 | Total 25.00) Tj
ET
BT
/Helvetica 10 Tf
0.000 g
50.00 670.00 Td
(Item 06 | Qty 2 | Unit 12.50 | Total 25.00) Tj
ET
BT
/Helvetica 10 Tf
0.000 g
50.00 650.00 Td
(Item 07 | Qty 2 | Unit 12.50 | Total 25.00) Tj
ET
BT
/Helvetica 10 Tf
0.000 g
50.00 630.00 Td
(Item 08 | Qty 2 | Unit 12.50 | Total 25.00) Tj
ET
BT
/Helvetica 10 Tf
0.000 g
50.00 610.00 Td
(Item 09 | Qty 2 | Unit 12.50 | Total 25.00) Tj
ET
BT
/Helvetica 10 Tf
0.000 g
50.00 590.00 Td
(Item 10 | Qty 2 | Unit 12.50 | Total 25.00) Tj
ET
BT
/Helvetica 10 Tf
0.000 g
50.00 570.00 Td
(Item 11 | Qty 2 | Unit 12.50 | Total 25.00) Tj
ET
BT
/Helvetica 10 Tf
0.000 g
50.00 550.00 Td
(Item 12 | Qty 2 | Unit 12.50 | Total 25.00) Tj
ET
BT
/Helvetica 10 Tf
0.000 g
50.00 530.00 Td
(Item 13 | Qty 2 | Unit 12.50 | Total 25.00) Tj
ET
BT
/Helvetica 10 Tf
0.000 g
50.00 510.00 Td
(Item 14 | Qty 2 | Unit 12.50 | Total 25.00) Tj
ET
BT
/Helvetica 10 Tf
0.000 g
50.00 490.00 Td
(Item 15 | Qty 2 | Unit 12.50 | Total 25.00) Tj
ET
BT
/Helvetica 10 Tf
0.000 g
50.00 470.00 Td
(Item 16 | Qty 2 | Unit 12.50 | Total 25.00) Tj
ET
BT
/Helvetica 10 Tf
0.000 g
50.00 450.00 Td
(Item 17 | Qty 2 | Unit 12.50 | Total 25.00) Tj
ET
BT
/Helvetica 10 Tf
0.000 g
50.00 430.00 Td
(Item 18 | Qty 2 | Unit 12.50 | Total 25.00) Tj
ET
BT
/Helvetica 10 Tf
0.000 g
50.00 410.00 Td
(Item 19 | Qty 2 | Unit 12.50 | Total 25.00) Tj
ET
BT
/Helvetica 10 Tf
0.000 g
50.00 390.00 Td
(Item 20 | Qty 2 | Unit 12.50 | Total 25.00) Tj
ET
BT
/Helvetica 10 Tf
0.000 g
50.00 370.00 Td
(TOTAL 500.00 EUR) Tj
ET

endstream
endobj
128 0 obj
<<
/Contents 129 0 R
/MediaBox [0 0 595 842]
/Parent 2 0 R
/Resources <<
/Font 204 0 R
>>
/Type /Page
>>
endobj
129 0 obj
<<
/Length 2056
>>
stream
BT
/Helvetica 10 Tf
0.000 g
50.00 790.00 Td
(Invoice benchmark | Page 0063/0100) Tj
ET
BT
/Helvetica 10 Tf
0.000 g
50.00 770.00 Td
(Item 01 | Qty 2 | Unit 12.50 | Total 25.00) Tj
ET
BT
/Helvetica 10 Tf
0.000 g
50.00 750.00 Td
(Item 02 | Qty 2 | Unit 12.50 | Total 25.00) Tj
ET
BT
/Helvetica 10 Tf
0.000 g
50.00 730.00 Td
(Item 03 | Qty 2 | Unit 12.50 | Total 25.00) Tj
ET
BT
/Helvetica 10 Tf
0.000 g
50.00 710.00 Td
(Item 04 | Qty 2 | Unit 12.50 | Total 25.00) Tj
ET
BT
/Helvetica 10 Tf
0.000 g
50.00 690.00 Td
(Item 05 | Qty 2 | Unit 12.50 | Total 25.00) Tj
ET
BT
/Helvetica 10 Tf
0.000 g
50.00 670.00 Td
(Item 06 | Qty 2 | Unit 12.50 | Total 25.00) Tj
ET
BT
/Helvetica 10 Tf
0.000 g
50.00 650.00 Td
(Item 07 | Qty 2 | Unit 12.50 | Total 25.00) Tj
ET
BT
/Helvetica 10 Tf
0.000 g
50.00 630.00 Td
(Item 08 | Qty 2 | Unit 12.50 | Total 25.00) Tj
ET
BT
/Helvetica 10 Tf
0.000 g
50.00 610.00 Td
(Item 09 | Qty 2 | Unit 12.50 | Total 25.00) Tj
ET
BT
/Helvetica 10 Tf
0.000 g
50.00 590.00 Td
(Item 10 | Qty 2 | Unit 12.50 | Total 25.00) Tj
ET
BT
/Helvetica 10 Tf
0.000 g
50.00 570.00 Td
(Item 11 | Qty 2 | Unit 12.50 | Total 25.00) Tj
ET
BT
/Helvetica 10 Tf
0.000 g
50.00 550.00 Td
(Item 12 | Qty 2 | Unit 12.50 | Total 25.00) Tj
ET
BT
/Helvetica 10 Tf
0.000 g
50.00 530.00 Td
(Item 13 | Qty 2 | Unit 12.50 | Total 25.00) Tj
ET
BT
/Helvetica 10 Tf
0.000 g
50.00 510.00 Td
(Item 14 | Qty 2 | Unit 12.50 | Total 25.00) Tj
ET
BT
/Helvetica 10 Tf
0.000 g
50.00 490.00 Td
(Item 15 | Qty 2 | Unit 12.50 | Total 25.00) Tj
ET
BT
/Helvetica 10 Tf
0.000 g
50.00 470.00 Td
(Item 16 | Qty 2 | Unit 12.50 | Total 25.00) Tj
ET
BT
/Helvetica 10 Tf
0.000 g
50.00 450.00 Td
(Item 17 | Qty 2 | Unit 12.50 | Total 25.00) Tj
ET
BT
/Helvetica 10 Tf
0.000 g
50.00 430.00 Td
(Item 18 | Qty 2 | Unit 12.50 | Total 25.00) Tj
ET
BT
/Helvetica 10 Tf
0.000 g
50.00 410.00 Td
(Item 19 | Qty 2 | Unit 12.50 | Total 25.00) Tj
ET
BT
/Helvetica 10 Tf
0.000 g
50.00 390.00 Td
(Item 20 | Qty 2 | Unit 12.50 | Total 25.00) Tj
ET
BT
/Helvetica 10 Tf
0.000 g
50.00 370.00 Td
(TOTAL 500.00 EUR) Tj
ET

endstream
endobj
130 0 obj
<<
/Contents 131 0 R
/MediaBox [0 0 595 842]
/Parent 2 0 R
/Resources <<
/Font 204 0 R
>>
/Type /Page
>>
endobj
131 0 obj
<<
/Length 2056
>>
stream
BT
/Helvetica 10 Tf
0.000 g
50.00 790.00 Td
(Invoice benchmark | Page 0064/0100) Tj
ET
BT
/Helvetica 10 Tf
0.000 g
50.00 770.00 Td
(Item 01 | Qty 2 | Unit 12.50 | Total 25.00) Tj
ET
BT
/Helvetica 10 Tf
0.000 g
50.00 750.00 Td
(Item 02 | Qty 2 | Unit 12.50 | Total 25.00) Tj
ET
BT
/Helvetica 10 Tf
0.000 g
50.00 730.00 Td
(Item 03 | Qty 2 | Unit 12.50 | Total 25.00) Tj
ET
BT
/Helvetica 10 Tf
0.000 g
50.00 710.00 Td
(Item 04 | Qty 2 | Unit 12.50 | Total 25.00) Tj
ET
BT
/Helvetica 10 Tf
0.000 g
50.00 690.00 Td
(Item 05 | Qty 2 | Unit 12.50 | Total 25.00) Tj
ET
BT
/Helvetica 10 Tf
0.000 g
50.00 670.00 Td
(Item 06 | Qty 2 | Unit 12.50 | Total 25.00) Tj
ET
BT
/Helvetica 10 Tf
0.000 g
50.00 650.00 Td
(Item 07 | Qty 2 | Unit 12.50 | Total 25.00) Tj
ET
BT
/Helvetica 10 Tf
0.000 g
50.00 630.00 Td
(Item 08 | Qty 2 | Unit 12.50 | Total 25.00) Tj
ET
BT
/Helvetica 10 Tf
0.000 g
50.00 610.00 Td
(Item 09 | Qty 2 | Unit 12.50 | Total 25.00) Tj
ET
BT
/Helvetica 10 Tf
0.000 g
50.00 590.00 Td
(Item 10 | Qty 2 | Unit 12.50 | Total 25.00) Tj
ET
BT
/Helvetica 10 Tf
0.000 g
50.00 570.00 Td
(Item 11 | Qty 2 | Unit 12.50 | Total 25.00) Tj
ET
BT
/Helvetica 10 Tf
0.000 g
50.00 550.00 Td
(Item 12 | Qty 2 | Unit 12.50 | Total 25.00) Tj
ET
BT
/Helvetica 10 Tf
0.000 g
50.00 530.00 Td
(Item 13 | Qty 2 | Unit 12.50 | Total 25.00) Tj
ET
BT
/Helvetica 10 Tf
0.000 g
50.00 510.00 Td
(Item 14 | Qty 2 | Unit 12.50 | Total 25.00) Tj
ET
BT
/Helvetica 10 Tf
0.000 g
50.00 490.00 Td
(Item 15 | Qty 2 | Unit 12.50 | Total 25.00) Tj
ET
BT
/Helvetica 10 Tf
0.000 g
50.00 470.00 Td
(Item 16 | Qty 2 | Unit 12.50 | Total 25.00) Tj
ET
BT
/Helvetica 10 Tf
0.000 g
50.00 450.00 Td
(Item 17 | Qty 2 | Unit 12.50 | Total 25.00) Tj
ET
BT
/Helvetica 10 Tf
0.000 g
50.00 430.00 Td
(Item 18 | Qty 2 | Unit 12.50 | Total 25.00) Tj
ET
BT
/Helvetica 10 Tf
0.000 g
50.00 410.00 Td
(Item 19 | Qty 2 | Unit 12.50 | Total 25.00) Tj
ET
BT
/Helvetica 10 Tf
0.000 g
50.00 390.00 Td
(Item 20 | Qty 2 | Unit 12.50 | Total 25.00) Tj
ET
BT
/Helvetica 10 Tf
0.000 g
50.00 370.00 Td
(TOTAL 500.00 EUR) Tj
ET

endstream
endobj
132 0 obj
<<
/Contents 133 0 R
/MediaBox [0 0 595 842]
/Parent 2 0 R
/Resources <<
/Font 204 0 R
>>
/Type /Page
>>
endobj
133 0 obj
<<
/Length 2056
>>
stream
BT
/Helvetica 10 Tf
0.000 g
50.00 790.00 Td
(Invoice benchmark | Page 0065/0100) Tj
ET
BT
/Helvetica 10 Tf
0.000 g
50.00 770.00 Td
(Item 01 | Qty 2 | Unit 12.50 | Total 25.00) Tj
ET
BT
/Helvetica 10 Tf
0.000 g
50.00 750.00 Td
(Item 02 | Qty 2 | Unit 12.50 | Total 25.00) Tj
ET
BT
/Helvetica 10 Tf
0.000 g
50.00 730.00 Td
(Item 03 | Qty 2 | Unit 12.50 | Total 25.00) Tj
ET
BT
/Helvetica 10 Tf
0.000 g
50.00 710.00 Td
(Item 04 | Qty 2 | Unit 12.50 | Total 25.00) Tj
ET
BT
/Helvetica 10 Tf
0.000 g
50.00 690.00 Td
(Item 05 | Qty 2 | Unit 12.50 | Total 25.00) Tj
ET
BT
/Helvetica 10 Tf
0.000 g
50.00 670.00 Td
(Item 06 | Qty 2 | Unit 12.50 | Total 25.00) Tj
ET
BT
/Helvetica 10 Tf
0.000 g
50.00 650.00 Td
(Item 07 | Qty 2 | Unit 12.50 | Total 25.00) Tj
ET
BT
/Helvetica 10 Tf
0.000 g
50.00 630.00 Td
(Item 08 | Qty 2 | Unit 12.50 | Total 25.00) Tj
ET
BT
/Helvetica 10 Tf
0.000 g
50.00 610.00 Td
(Item 09 | Qty 2 | Unit 12.50 | Total 25.00) Tj
ET
BT
/Helvetica 10 Tf
0.000 g
50.00 590.00 Td
(Item 10 | Qty 2 | Unit 12.50 | Total 25.00) Tj
ET
BT
/Helvetica 10 Tf
0.000 g
50.00 570.00 Td
(Item 11 | Qty 2 | Unit 12.50 | Total 25.00) Tj
ET
BT
/Helvetica 10 Tf
0.000 g
50.00 550.00 Td
(Item 12 | Qty 2 | Unit 12.50 | Total 25.00) Tj
ET
BT
/Helvetica 10 Tf
0.000 g
50.00 530.00 Td
(Item 13 | Qty 2 | Unit 12.50 | Total 25.00) Tj
ET
BT
/Helvetica 10 Tf
0.000 g
50.00 510.00 Td
(Item 14 | Qty 2 | Unit 12.50 | Total 25.00) Tj
ET
BT
/Helvetica 10 Tf
0.000 g
50.00 490.00 Td
(Item 15 | Qty 2 | Unit 12.50 | Total 25.00) Tj
ET
BT
/Helvetica 10 Tf
0.000 g
50.00 470.00 Td
(Item 16 | Qty 2 | Unit 12.50 | Total 25.00) Tj
ET
BT
/Helvetica 10 Tf
0.000 g
50.00 450.00 Td
(Item 17 | Qty 2 | Unit 12.50 | Total 25.00) Tj
ET
BT
/Helvetica 10 Tf
0.000 g
50.00 430.00 Td
(Item 18 | Qty 2 | Unit 12.50 | Total 25.00) Tj
ET
BT
/Helvetica 10 Tf
0.000 g
50.00 410.00 Td
(Item 19 | Qty 2 | Unit 12.50 | Total 25.00) Tj
ET
BT
/Helvetica 10 Tf
0.000 g
50.00 390.00 Td
(Item 20 | Qty 2 | Unit 12.50 | Total 25.00) Tj
ET
BT
/Helvetica 10 Tf
0.000 g
50.00 370.00 Td
(TOTAL 500.00 EUR) Tj
ET

endstream
endobj
134 0 obj
<<
/Contents 135 0 R
/MediaBox [0 0 595 842]
/Parent 2 0 R
/Resources <<
/Font 204 0 R
>>
/Type /Page
>>
endobj
135 0 obj
<<
/Length 2056
>>
stream
BT
/Helvetica 10 Tf
0.000 g
50.00 790.00 Td
(Invoice benchmark | Page 0066/0100) Tj
ET
BT
/Helvetica 10 Tf
0.000 g
50.00 770.00 Td
(Item 01 | Qty 2 | Unit 12.50 | Total 25.00) Tj
ET
BT
/Helvetica 10 Tf
0.000 g
50.00 750.00 Td
(Item 02 | Qty 2 | Unit 12.50 | Total 25.00) Tj
ET
BT
/Helvetica 10 Tf
0.000 g
50.00 730.00 Td
(Item 03 | Qty 2 | Unit 12.50 | Total 25.00) Tj
ET
BT
/Helvetica 10 Tf
0.000 g
50.00 710.00 Td
(Item 04 | Qty 2 | Unit 12.50 | Total 25.00) Tj
ET
BT
/Helvetica 10 Tf
0.000 g
50.00 690.00 Td
(Item 05 | Qty 2 | Unit 12.50 | Total 25.00) Tj
ET
BT
/Helvetica 10 Tf
0.000 g
50.00 670.00 Td
(Item 06 | Qty 2 | Unit 12.50 | Total 25.00) Tj
ET
BT
/Helvetica 10 Tf
0.000 g
50.00 650.00 Td
(Item 07 | Qty 2 | Unit 12.50 | Total 25.00) Tj
ET
BT
/Helvetica 10 Tf
0.000 g
50.00 630.00 Td
(Item 08 | Qty 2 | Unit 12.50 | Total 25.00) Tj
ET
BT
/Helvetica 10 Tf
0.000 g
50.00 610.00 Td
(Item 09 | Qty 2 | Unit 12.50 | Total 25.00) Tj
ET
BT
/Helvetica 10 Tf
0.000 g
50.00 590.00 Td
(Item 10 | Qty 2 | Unit 12.50 | Total 25.00) Tj
ET
BT
/Helvetica 10 Tf
0.000 g
50.00 570.00 Td
(Item 11 | Qty 2 | Unit 12.50 | Total 25.00) Tj
ET
BT
/Helvetica 10 Tf
0.000 g
50.00 550.00 Td
(Item 12 | Qty 2 | Unit 12.50 | Total 25.00) Tj
ET
BT
/Helvetica 10 Tf
0.000 g
50.00 530.00 Td
(Item 13 | Qty 2 | Unit 12.50 | Total 25.00) Tj
ET
BT
/Helvetica 10 Tf
0.000 g
50.00 510.00 Td
(Item 14 | Qty 2 | Unit 12.50 | Total 25.00) Tj
ET
BT
/Helvetica 10 Tf
0.000 g
50.00 490.00 Td
(Item 15 | Qty 2 | Unit 12.50 | Total 25.00) Tj
ET
BT
/Helvetica 10 Tf
0.000 g
50.00 470.00 Td
(Item 16 | Qty 2 | Unit 12.50 | Total 25.00) Tj
ET
BT
/Helvetica 10 Tf
0.000 g
50.00 450.00 Td
(Item 17 | Qty 2 | Unit 12.50 | Total 25.00) Tj
ET
BT
/Helvetica 10 Tf
0.000 g
50.00 430.00 Td
(Item 18 | Qty 2 | Unit 12.50 | Total 25.00) Tj
ET
BT
/Helvetica 10 Tf
0.000 g
50.00 410.00 Td
(Item 19 | Qty 2 | Unit 12.50 | Total 25.00) Tj
ET
BT
/Helvetica 10 Tf
0.000 g
50.00 390.00 Td
(Item 20 | Qty 2 | Unit 12.50 | Total 25.00) Tj
ET
BT
/Helvetica 10 Tf
0.000 g
50.00 370.00 Td
(TOTAL 500.00 EUR) Tj
ET

endstream
endobj
136 0 obj
<<
/Contents 137 0 R
/MediaBox [0 0 595 842]
/Parent 2 0 R
/Resources <<
/Font 204 0 R
>>
/Type /Page
>>
endobj
137 0 obj
<<
/Length 2056
>>
stream
BT
/Helvetica 10 Tf
0.000 g
50.00 790.00 Td
(Invoice benchmark | Page 0067/0100) Tj
ET
BT
/Helvetica 10 Tf
0.000 g
50.00 770.00 Td
(Item 01 | Qty 2 | Unit 12.50 | Total 25.00) Tj
ET
BT
/Helvetica 10 Tf
0.000 g
50.00 750.00 Td
(Item 02 | Qty 2 | Unit 12.50 | Total 25.00) Tj
ET
BT
/Helvetica 10 Tf
0.000 g
50.00 730.00 Td
(Item 03 | Qty 2 | Unit 12.50 | Total 25.00) Tj
ET
BT
/Helvetica 10 Tf
0.000 g
50.00 710.00 Td
(Item 04 | Qty 2 | Unit 12.50 | Total 25.00) Tj
ET
BT
/Helvetica 10 Tf
0.000 g
50.00 690.00 Td
(Item 05 | Qty 2 | Unit 12.50 | Total 25.00) Tj
ET
BT
/Helvetica 10 Tf
0.000 g
50.00 670.00 Td
(Item 06 | Qty 2 | Unit 12.50 | Total 25.00) Tj
ET
BT
/Helvetica 10 Tf
0.000 g
50.00 650.00 Td
(Item 07 | Qty 2 | Unit 12.50 | Total 25.00) Tj
ET
BT
/Helvetica 10 Tf
0.000 g
50.00 630.00 Td
(Item 08 | Qty 2 | Unit 12.50 | Total 25.00) Tj
ET
BT
/Helvetica 10 Tf
0.000 g
50.00 610.00 Td
(Item 09 | Qty 2 | Unit 12.50 | Total 25.00) Tj
ET
BT
/Helvetica 10 Tf
0.000 g
50.00 590.00 Td
(Item 10 | Qty 2 | Unit 12.50 | Total 25.00) Tj
ET
BT
/Helvetica 10 Tf
0.000 g
50.00 570.00 Td
(Item 11 | Qty 2 | Unit 12.50 | Total 25.00) Tj
ET
BT
/Helvetica 10 Tf
0.000 g
50.00 550.00 Td
(Item 12 | Qty 2 | Unit 12.50 | Total 25.00) Tj
ET
BT
/Helvetica 10 Tf
0.000 g
50.00 530.00 Td
(Item 13 | Qty 2 | Unit 12.50 | Total 25.00) Tj
ET
BT
/Helvetica 10 Tf
0.000 g
50.00 510.00 Td
(Item 14 | Qty 2 | Unit 12.50 | Total 25.00) Tj
ET
BT
/Helvetica 10 Tf
0.000 g
50.00 490.00 Td
(Item 15 | Qty 2 | Unit 12.50 | Total 25.00) Tj
ET
BT
/Helvetica 10 Tf
0.000 g
50.00 470.00 Td
(Item 16 | Qty 2 | Unit 12.50 | Total 25.00) Tj
ET
BT
/Helvetica 10 Tf
0.000 g
50.00 450.00 Td
(Item 17 | Qty 2 | Unit 12.50 | Total 25.00) Tj
ET
BT
/Helvetica 10 Tf
0.000 g
50.00 430.00 Td
(Item 18 | Qty 2 | Unit 12.50 | Total 25.00) Tj
ET
BT
/Helvetica 10 Tf
0.000 g
50.00 410.00 Td
(Item 19 | Qty 2 | Unit 12.50 | Total 25.00) Tj
ET
BT
/Helvetica 10 Tf
0.000 g
50.00 390.00 Td
(Item 20 | Qty 2 | Unit 12.50 | Total 25.00) Tj
ET
BT
/Helvetica 10 Tf
0.000 g
50.00 370.00 Td
(TOTAL 500.00 EUR) Tj
ET

endstream
endobj
138 0 obj
<<
/Contents 139 0 R
/MediaBox [0 0 595 842]
/Parent 2 0 R
/Resources <<
/Font 204 0 R
>>
/Type /Page
>>
endobj
139 0 obj
<<
/Length 2056
>>
stream
BT
/Helvetica 10 Tf
0.000 g
50.00 790.00 Td
(Invoice benchmark | Page 0068/0100) Tj
ET
BT
/Helvetica 10 Tf
0.000 g
50.00 770.00 Td
(Item 01 | Qty 2 | Unit 12.50 | Total 25.00) Tj
ET
BT
/Helvetica 10 Tf
0.000 g
50.00 750.00 Td
(Item 02 | Qty 2 | Unit 12.50 | Total 25.00) Tj
ET
BT
/Helvetica 10 Tf
0.000 g
50.00 730.00 Td
(Item 03 | Qty 2 | Unit 12.50 | Total 25.00) Tj
ET
BT
/Helvetica 10 Tf
0.000 g
50.00 710.00 Td
(Item 04 | Qty 2 | Unit 12.50 | Total 25.00) Tj
ET
BT
/Helvetica 10 Tf
0.000 g
50.00 690.00 Td
(Item 05 | Qty 2 | Unit 12.50 | Total 25.00) Tj
ET
BT
/Helvetica 10 Tf
0.000 g
50.00 670.00 Td
(Item 06 | Qty 2 | Unit 12.50 | Total 25.00) Tj
ET
BT
/Helvetica 10 Tf
0.000 g
50.00 650.00 Td
(Item 07 | Qty 2 | Unit 12.50 | Total 25.00) Tj
ET
BT
/Helvetica 10 Tf
0.000 g
50.00 630.00 Td
(Item 08 | Qty 2 | Unit 12.50 | Total 25.00) Tj
ET
BT
/Helvetica 10 Tf
0.000 g
50.00 610.00 Td
(Item 09 | Qty 2 | Unit 12.50 | Total 25.00) Tj
ET
BT
/Helvetica 10 Tf
0.000 g
50.00 590.00 Td
(Item 10 | Qty 2 | Unit 12.50 | Total 25.00) Tj
ET
BT
/Helvetica 10 Tf
0.000 g
50.00 570.00 Td
(Item 11 | Qty 2 | Unit 12.50 | Total 25.00) Tj
ET
BT
/Helvetica 10 Tf
0.000 g
50.00 550.00 Td
(Item 12 | Qty 2 | Unit 12.50 | Total 25.00) Tj
ET
BT
/Helvetica 10 Tf
0.000 g
50.00 530.00 Td
(Item 13 | Qty 2 | Unit 12.50 | Total 25.00) Tj
ET
BT
/Helvetica 10 Tf
0.000 g
50.00 510.00 Td
(Item 14 | Qty 2 | Unit 12.50 | Total 25.00) Tj
ET
BT
/Helvetica 10 Tf
0.000 g
50.00 490.00 Td
(Item 15 | Qty 2 | Unit 12.50 | Total 25.00) Tj
ET
BT
/Helvetica 10 Tf
0.000 g
50.00 470.00 Td
(Item 16 | Qty 2 | Unit 12.50 | Total 25.00) Tj
ET
BT
/Helvetica 10 Tf
0.000 g
50.00 450.00 Td
(Item 17 | Qty 2 | Unit 12.50 | Total 25.00) Tj
ET
BT
/Helvetica 10 Tf
0.000 g
50.00 430.00 Td
(Item 18 | Qty 2 | Unit 12.50 | Total 25.00) Tj
ET
BT
/Helvetica 10 Tf
0.000 g
50.00 410.00 Td
(Item 19 | Qty 2 | Unit 12.50 | Total 25.00) Tj
ET
BT
/Helvetica 10 Tf
0.000 g
50.00 390.00 Td
(Item 20 | Qty 2 | Unit 12.50 | Total 25.00) Tj
ET
BT
/Helvetica 10 Tf
0.000 g
50.00 370.00 Td
(TOTAL 500.00 EUR) Tj
ET

endstream
endobj
140 0 obj
<<
/Contents 141 0 R
/MediaBox [0 0 595 842]
/Parent 2 0 R
/Resources <<
/Font 204 0 R
>>
/Type /Page
>>
endobj
141 0 obj
<<
/Length 2056
>>
stream
BT
/Helvetica 10 Tf
0.000 g
50.00 790.00 Td
(Invoice benchmark | Page 0069/0100) Tj
ET
BT
/Helvetica 10 Tf
0.000 g
50.00 770.00 Td
(Item 01 | Qty 2 | Unit 12.50 | Total 25.00) Tj
ET
BT
/Helvetica 10 Tf
0.000 g
50.00 750.00 Td
(Item 02 | Qty 2 | Unit 12.50 | Total 25.00) Tj
ET
BT
/Helvetica 10 Tf
0.000 g
50.00 730.00 Td
(Item 03 | Qty 2 | Unit 12.50 | Total 25.00) Tj
ET
BT
/Helvetica 10 Tf
0.000 g
50.00 710.00 Td
(Item 04 | Qty 2 | Unit 12.50 | Total 25.00) Tj
ET
BT
/Helvetica 10 Tf
0.000 g
50.00 690.00 Td
(Item 05 | Qty 2 | Unit 12.50 | Total 25.00) Tj
ET
BT
/Helvetica 10 Tf
0.000 g
50.00 670.00 Td
(Item 06 | Qty 2 | Unit 12.50 | Total 25.00) Tj
ET
BT
/Helvetica 10 Tf
0.000 g
50.00 650.00 Td
(Item 07 | Qty 2 | Unit 12.50 | Total 25.00) Tj
ET
BT
/Helvetica 10 Tf
0.000 g
50.00 630.00 Td
(Item 08 | Qty 2 | Unit 12.50 | Total 25.00) Tj
ET
BT
/Helvetica 10 Tf
0.000 g
50.00 610.00 Td
(Item 09 | Qty 2 | Unit 12.50 | Total 25.00) Tj
ET
BT
/Helvetica 10 Tf
0.000 g
50.00 590.00 Td
(Item 10 | Qty 2 | Unit 12.50 | Total 25.00) Tj
ET
BT
/Helvetica 10 Tf
0.000 g
50.00 570.00 Td
(Item 11 | Qty 2 | Unit 12.50 | Total 25.00) Tj
ET
BT
/Helvetica 10 Tf
0.000 g
50.00 550.00 Td
(Item 12 | Qty 2 | Unit 12.50 | Total 25.00) Tj
ET
BT
/Helvetica 10 Tf
0.000 g
50.00 530.00 Td
(Item 13 | Qty 2 | Unit 12.50 | Total 25.00) Tj
ET
BT
/Helvetica 10 Tf
0.000 g
50.00 510.00 Td
(Item 14 | Qty 2 | Unit 12.50 | Total 25.00) Tj
ET
BT
/Helvetica 10 Tf
0.000 g
50.00 490.00 Td
(Item 15 | Qty 2 | Unit 12.50 | Total 25.00) Tj
ET
BT
/Helvetica 10 Tf
0.000 g
50.00 470.00 Td
(Item 16 | Qty 2 | Unit 12.50 | Total 25.00) Tj
ET
BT
/Helvetica 10 Tf
0.000 g
50.00 450.00 Td
(Item 17 | Qty 2 | Unit 12.50 | Total 25.00) Tj
ET
BT
/Helvetica 10 Tf
0.000 g
50.00 430.00 Td
(Item 18 | Qty 2 | Unit 12.50 | Total 25.00) Tj
ET
BT
/Helvetica 10 Tf
0.000 g
50.00 410.00 Td
(Item 19 | Qty 2 | Unit 12.50 | Total 25.00) Tj
ET
BT
/Helvetica 10 Tf
0.000 g
50.00 390.00 Td
(Item 20 | Qty 2 | Unit 12.50 | Total 25.00) Tj
ET
BT
/Helvetica 10 Tf
0.000 g
50.00 370.00 Td
(TOTAL 500.00 EUR) Tj
ET

endstream
endobj
142 0 obj
<<
/Contents 143 0 R
/MediaBox [0 0 595 842]
/Parent 2 0 R
/Resources <<
/Font 204 0 R
>>
/Type /Page
>>
endobj
143 0 obj
<<
/Length 2056
>>
stream
BT
/Helvetica 10 Tf
0.000 g
50.00 790.00 Td
(Invoice benchmark | Page 0070/0100) Tj
ET
BT
/Helvetica 10 Tf
0.000 g
50.00 770.00 Td
(Item 01 | Qty 2 | Unit 12.50 | Total 25.00) Tj
ET
BT
/Helvetica 10 Tf
0.000 g
50.00 750.00 Td
(Item 02 | Qty 2 | Unit 12.50 | Total 25.00) Tj
ET
BT
/Helvetica 10 Tf
0.000 g
50.00 730.00 Td
(Item 03 | Qty 2 | Unit 12.50 | Total 25.00) Tj
ET
BT
/Helvetica 10 Tf
0.000 g
50.00 710.00 Td
(Item 04 | Qty 2 | Unit 12.50 | Total 25.00) Tj
ET
BT
/Helvetica 10 Tf
0.000 g
50.00 690.00 Td
(Item 05 | Qty 2 | Unit 12.50 | Total 25.00) Tj
ET
BT
/Helvetica 10 Tf
0.000 g
50.00 670.00 Td
(Item 06 | Qty 2 | Unit 12.50 | Total 25.00) Tj
ET
BT
/Helvetica 10 Tf
0.000 g
50.00 650.00 Td
(Item 07 | Qty 2 | Unit 12.50 | Total 25.00) Tj
ET
BT
/Helvetica 10 Tf
0.000 g
50.00 630.00 Td
(Item 08 | Qty 2 | Unit 12.50 | Total 25.00) Tj
ET
BT
/Helvetica 10 Tf
0.000 g
50.00 610.00 Td
(Item 09 | Qty 2 | Unit 12.50 | Total 25.00) Tj
ET
BT
/Helvetica 10 Tf
0.000 g
50.00 590.00 Td
(Item 10 | Qty 2 | Unit 12.50 | Total 25.00) Tj
ET
BT
/Helvetica 10 Tf
0.000 g
50.00 570.00 Td
(Item 11 | Qty 2 | Unit 12.50 | Total 25.00) Tj
ET
BT
/Helvetica 10 Tf
0.000 g
50.00 550.00 Td
(Item 12 | Qty 2 | Unit 12.50 | Total 25.00) Tj
ET
BT
/Helvetica 10 Tf
0.000 g
50.00 530.00 Td
(Item 13 | Qty 2 | Unit 12.50 | Total 25.00) Tj
ET
BT
/Helvetica 10 Tf
0.000 g
50.00 510.00 Td
(Item 14 | Qty 2 | Unit 12.50 | Total 25.00) Tj
ET
BT
/Helvetica 10 Tf
0.000 g
50.00 490.00 Td
(Item 15 | Qty 2 | Unit 12.50 | Total 25.00) Tj
ET
BT
/Helvetica 10 Tf
0.000 g
50.00 470.00 Td
(Item 16 | Qty 2 | Unit 12.50 | Total 25.00) Tj
ET
BT
/Helvetica 10 Tf
0.000 g
50.00 450.00 Td
(Item 17 | Qty 2 | Unit 12.50 | Total 25.00) Tj
ET
BT
/Helvetica 10 Tf
0.000 g
50.00 430.00 Td
(Item 18 | Qty 2 | Unit 12.50 | Total 25.00) Tj
ET
BT
/Helvetica 10 Tf
0.000 g
50.00 410.00 Td
(Item 19 | Qty 2 | Unit 12.50 | Total 25.00) Tj
ET
BT
/Helvetica 10 Tf
0.000 g
50.00 390.00 Td
(Item 20 | Qty 2 | Unit 12.50 | Total 25.00) Tj
ET
BT
/Helvetica 10 Tf
0.000 g
50.00 370.00 Td
(TOTAL 500.00 EUR) Tj
ET

endstream
endobj
144 0 obj
<<
/Contents 145 0 R
/MediaBox [0 0 595 842]
/Parent 2 0 R
/Resources <<
/Font 204 0 R
>>
/Type /Page
>>
endobj
145 0 obj
<<
/Length 2056
>>
stream
BT
/Helvetica 10 Tf
0.000 g
50.00 790.00 Td
(Invoice benchmark | Page 0071/0100) Tj
ET
BT
/Helvetica 10 Tf
0.000 g
50.00 770.00 Td
(Item 01 | Qty 2 | Unit 12.50 | Total 25.00) Tj
ET
BT
/Helvetica 10 Tf
0.000 g
50.00 750.00 Td
(Item 02 | Qty 2 | Unit 12.50 | Total 25.00) Tj
ET
BT
/Helvetica 10 Tf
0.000 g
50.00 730.00 Td
(Item 03 | Qty 2 | Unit 12.50 | Total 25.00) Tj
ET
BT
/Helvetica 10 Tf
0.000 g
50.00 710.00 Td
(Item 04 | Qty 2 | Unit 12.50 | Total 25.00) Tj
ET
BT
/Helvetica 10 Tf
0.000 g
50.00 690.00 Td
(Item 05 | Qty 2 | Unit 12.50 | Total 25.00) Tj
ET
BT
/Helvetica 10 Tf
0.000 g
50.00 670.00 Td
(Item 06 | Qty 2 | Unit 12.50 | Total 25.00) Tj
ET
BT
/Helvetica 10 Tf
0.000 g
50.00 650.00 Td
(Item 07 | Qty 2 | Unit 12.50 | Total 25.00) Tj
ET
BT
/Helvetica 10 Tf
0.000 g
50.00 630.00 Td
(Item 08 | Qty 2 | Unit 12.50 | Total 25.00) Tj
ET
BT
/Helvetica 10 Tf
0.000 g
50.00 610.00 Td
(Item 09 | Qty 2 | Unit 12.50 | Total 25.00) Tj
ET
BT
/Helvetica 10 Tf
0.000 g
50.00 590.00 Td
(Item 10 | Qty 2 | Unit 12.50 | Total 25.00) Tj
ET
BT
/Helvetica 10 Tf
0.000 g
50.00 570.00 Td
(Item 11 | Qty 2 | Unit 12.50 | Total 25.00) Tj
ET
BT
/Helvetica 10 Tf
0.000 g
50.00 550.00 Td
(Item 12 | Qty 2 | Unit 12.50 | Total 25.00) Tj
ET
BT
/Helvetica 10 Tf
0.000 g
50.00 530.00 Td
(Item 13 | Qty 2 | Unit 12.50 | Total 25.00) Tj
ET
BT
/Helvetica 10 Tf
0.000 g
50.00 510.00 Td
(Item 14 | Qty 2 | Unit 12.50 | Total 25.00) Tj
ET
BT
/Helvetica 10 Tf
0.000 g
50.00 490.00 Td
(Item 15 | Qty 2 | Unit 12.50 | Total 25.00) Tj
ET
BT
/Helvetica 10 Tf
0.000 g
50.00 470.00 Td
(Item 16 | Qty 2 | Unit 12.50 | Total 25.00) Tj
ET
BT
/Helvetica 10 Tf
0.000 g
50.00 450.00 Td
(Item 17 | Qty 2 | Unit 12.50 | Total 25.00) Tj
ET
BT
/Helvetica 10 Tf
0.000 g
50.00 430.00 Td
(Item 18 | Qty 2 | Unit 12.50 | Total 25.00) Tj
ET
BT
/Helvetica 10 Tf
0.000 g
50.00 410.00 Td
(Item 19 | Qty 2 | Unit 12.50 | Total 25.00) Tj
ET
BT
/Helvetica 10 Tf
0.000 g
50.00 390.00 Td
(Item 20 | Qty 2 | Unit 12.50 | Total 25.00) Tj
ET
BT
/Helvetica 10 Tf
0.000 g
50.00 370.00 Td
(TOTAL 500.00 EUR) Tj
ET

endstream
endobj
146 0 obj
<<
/Contents 147 0 R
/MediaBox [0 0 595 842]
/Parent 2 0 R
/Resources <<
/Font 204 0 R
>>
/Type /Page
>>
endobj
147 0 obj
<<
/Length 2056
>>
stream
BT
/Helvetica 10 Tf
0.000 g
50.00 790.00 Td
(Invoice benchmark | Page 0072/0100) Tj
ET
BT
/Helvetica 10 Tf
0.000 g
50.00 770.00 Td
(Item 01 | Qty 2 | Unit 12.50 | Total 25.00) Tj
ET
BT
/Helvetica 10 Tf
0.000 g
50.00 750.00 Td
(Item 02 | Qty 2 | Unit 12.50 | Total 25.00) Tj
ET
BT
/Helvetica 10 Tf
0.000 g
50.00 730.00 Td
(Item 03 | Qty 2 | Unit 12.50 | Total 25.00) Tj
ET
BT
/Helvetica 10 Tf
0.000 g
50.00 710.00 Td
(Item 04 | Qty 2 | Unit 12.50 | Total 25.00) Tj
ET
BT
/Helvetica 10 Tf
0.000 g
50.00 690.00 Td
(Item 05 | Qty 2 | Unit 12.50 | Total 25.00) Tj
ET
BT
/Helvetica 10 Tf
0.000 g
50.00 670.00 Td
(Item 06 | Qty 2 | Unit 12.50 | Total 25.00) Tj
ET
BT
/Helvetica 10 Tf
0.000 g
50.00 650.00 Td
(Item 07 | Qty 2 | Unit 12.50 | Total 25.00) Tj
ET
BT
/Helvetica 10 Tf
0.000 g
50.00 630.00 Td
(Item 08 | Qty 2 | Unit 12.50 | Total 25.00) Tj
ET
BT
/Helvetica 10 Tf
0.000 g
50.00 610.00 Td
(Item 09 | Qty 2 | Unit 12.50 | Total 25.00) Tj
ET
BT
/Helvetica 10 Tf
0.000 g
50.00 590.00 Td
(Item 10 | Qty 2 | Unit 12.50 | Total 25.00) Tj
ET
BT
/Helvetica 10 Tf
0.000 g
50.00 570.00 Td
(Item 11 | Qty 2 | Unit 12.50 | Total 25.00) Tj
ET
BT
/Helvetica 10 Tf
0.000 g
50.00 550.00 Td
(Item 12 | Qty 2 | Unit 12.50 | Total 25.00) Tj
ET
BT
/Helvetica 10 Tf
0.000 g
50.00 530.00 Td
(Item 13 | Qty 2 | Unit 12.50 | Total 25.00) Tj
ET
BT
/Helvetica 10 Tf
0.000 g
50.00 510.00 Td
(Item 14 | Qty 2 | Unit 12.50 | Total 25.00) Tj
ET
BT
/Helvetica 10 Tf
0.000 g
50.00 490.00 Td
(Item 15 | Qty 2 | Unit 12.50 | Total 25.00) Tj
ET
BT
/Helvetica 10 Tf
0.000 g
50.00 470.00 Td
(Item 16 | Qty 2 | Unit 12.50 | Total 25.00) Tj
ET
BT
/Helvetica 10 Tf
0.000 g
50.00 450.00 Td
(Item 17 | Qty 2 | Unit 12.50 | Total 25.00) Tj
ET
BT
/Helvetica 10 Tf
0.000 g
50.00 430.00 Td
(Item 18 | Qty 2 | Unit 12.50 | Total 25.00) Tj
ET
BT
/Helvetica 10 Tf
0.000 g
50.00 410.00 Td
(Item 19 | Qty 2 | Unit 12.50 | Total 25.00) Tj
ET
BT
/Helvetica 10 Tf
0.000 g
50.00 390.00 Td
(Item 20 | Qty 2 | Unit 12.50 | Total 25.00) Tj
ET
BT
/Helvetica 10 Tf
0.000 g
50.00 370.00 Td
(TOTAL 500.00 EUR) Tj
ET

endstream
endobj
148 0 obj
<<
/Contents 149 0 R
/MediaBox [0 0 595 842]
/Parent 2 0 R
/Resources <<
/Font 204 0 R
>>
/Type /Page
>>
endobj
149 0 obj
<<
/Length 2056
>>
stream
BT
/Helvetica 10 Tf
0.000 g
50.00 790.00 Td
(Invoice benchmark | Page 0073/0100) Tj
ET
BT
/Helvetica 10 Tf
0.000 g
50.00 770.00 Td
(Item 01 | Qty 2 | Unit 12.50 | Total 25.00) Tj
ET
BT
/Helvetica 10 Tf
0.000 g
50.00 750.00 Td
(Item 02 | Qty 2 | Unit 12.50 | Total 25.00) Tj
ET
BT
/Helvetica 10 Tf
0.000 g
50.00 730.00 Td
(Item 03 | Qty 2 | Unit 12.50 | Total 25.00) Tj
ET
BT
/Helvetica 10 Tf
0.000 g
50.00 710.00 Td
(Item 04 | Qty 2 | Unit 12.50 | Total 25.00) Tj
ET
BT
/Helvetica 10 Tf
0.000 g
50.00 690.00 Td
(Item 05 | Qty 2 | Unit 12.50 | Total 25.00) Tj
ET
BT
/Helvetica 10 Tf
0.000 g
50.00 670.00 Td
(Item 06 | Qty 2 | Unit 12.50 | Total 25.00) Tj
ET
BT
/Helvetica 10 Tf
0.000 g
50.00 650.00 Td
(Item 07 | Qty 2 | Unit 12.50 | Total 25.00) Tj
ET
BT
/Helvetica 10 Tf
0.000 g
50.00 630.00 Td
(Item 08 | Qty 2 | Unit 12.50 | Total 25.00) Tj
ET
BT
/Helvetica 10 Tf
0.000 g
50.00 610.00 Td
(Item 09 | Qty 2 | Unit 12.50 | Total 25.00) Tj
ET
BT
/Helvetica 10 Tf
0.000 g
50.00 590.00 Td
(Item 10 | Qty 2 | Unit 12.50 | Total 25.00) Tj
ET
BT
/Helvetica 10 Tf
0.000 g
50.00 570.00 Td
(Item 11 | Qty 2 | Unit 12.50 | Total 25.00) Tj
ET
BT
/Helvetica 10 Tf
0.000 g
50.00 550.00 Td
(Item 12 | Qty 2 | Unit 12.50 | Total 25.00) Tj
ET
BT
/Helvetica 10 Tf
0.000 g
50.00 530.00 Td
(Item 13 | Qty 2 | Unit 12.50 | Total 25.00) Tj
ET
BT
/Helvetica 10 Tf
0.000 g
50.00 510.00 Td
(Item 14 | Qty 2 | Unit 12.50 | Total 25.00) Tj
ET
BT
/Helvetica 10 Tf
0.000 g
50.00 490.00 Td
(Item 15 | Qty 2 | Unit 12.50 | Total 25.00) Tj
ET
BT
/Helvetica 10 Tf
0.000 g
50.00 470.00 Td
(Item 16 | Qty 2 | Unit 12.50 | Total 25.00) Tj
ET
BT
/Helvetica 10 Tf
0.000 g
50.00 450.00 Td
(Item 17 | Qty 2 | Unit 12.50 | Total 25.00) Tj
ET
BT
/Helvetica 10 Tf
0.000 g
50.00 430.00 Td
(Item 18 | Qty 2 | Unit 12.50 | Total 25.00) Tj
ET
BT
/Helvetica 10 Tf
0.000 g
50.00 410.00 Td
(Item 19 | Qty 2 | Unit 12.50 | Total 25.00) Tj
ET
BT
/Helvetica 10 Tf
0.000 g
50.00 390.00 Td
(Item 20 | Qty 2 | Unit 12.50 | Total 25.00) Tj
ET
BT
/Helvetica 10 Tf
0.000 g
50.00 370.00 Td
(TOTAL 500.00 EUR) Tj
ET

endstream
endobj
150 0 obj
<<
/Contents 151 0 R
/MediaBox [0 0 595 842]
/Parent 2 0 R
/Resources <<
/Font 204 0 R
>>
/Type /Page
>>
endobj
151 0 obj
<<
/Length 2056
>>
stream
BT
/Helvetica 10 Tf
0.000 g
50.00 790.00 Td
(Invoice benchmark | Page 0074/0100) Tj
ET
BT
/Helvetica 10 Tf
0.000 g
50.00 770.00 Td
(Item 01 | Qty 2 | Unit 12.50 | Total 25.00) Tj
ET
BT
/Helvetica 10 Tf
0.000 g
50.00 750.00 Td
(Item 02 | Qty 2 | Unit 12.50 | Total 25.00) Tj
ET
BT
/Helvetica 10 Tf
0.000 g
50.00 730.00 Td
(Item 03 | Qty 2 | Unit 12.50 | Total 25.00) Tj
ET
BT
/Helvetica 10 Tf
0.000 g
50.00 710.00 Td
(Item 04 | Qty 2 | Unit 12.50 | Total 25.00) Tj
ET
BT
/Helvetica 10 Tf
0.000 g
50.00 690.00 Td
(Item 05 | Qty 2 | Unit 12.50 | Total 25.00) Tj
ET
BT
/Helvetica 10 Tf
0.000 g
50.00 670.00 Td
(Item 06 | Qty 2 | Unit 12.50 | Total 25.00) Tj
ET
BT
/Helvetica 10 Tf
0.000 g
50.00 650.00 Td
(Item 07 | Qty 2 | Unit 12.50 | Total 25.00) Tj
ET
BT
/Helvetica 10 Tf
0.000 g
50.00 630.00 Td
(Item 08 | Qty 2 | Unit 12.50 | Total 25.00) Tj
ET
BT
/Helvetica 10 Tf
0.000 g
50.00 610.00 Td
(Item 09 | Qty 2 | Unit 12.50 | Total 25.00) Tj
ET
BT
/Helvetica 10 Tf
0.000 g
50.00 590.00 Td
(Item 10 | Qty 2 | Unit 12.50 | Total 25.00) Tj
ET
BT
/Helvetica 10 Tf
0.000 g
50.00 570.00 Td
(Item 11 | Qty 2 | Unit 12.50 | Total 25.00) Tj
ET
BT
/Helvetica 10 Tf
0.000 g
50.00 550.00 Td
(Item 12 | Qty 2 | Unit 12.50 | Total 25.00) Tj
ET
BT
/Helvetica 10 Tf
0.000 g
50.00 530.00 Td
(Item 13 | Qty 2 | Unit 12.50 | Total 25.00) Tj
ET
BT
/Helvetica 10 Tf
0.000 g
50.00 510.00 Td
(Item 14 | Qty 2 | Unit 12.50 | Total 25.00) Tj
ET
BT
/Helvetica 10 Tf
0.000 g
50.00 490.00 Td
(Item 15 | Qty 2 | Unit 12.50 | Total 25.00) Tj
ET
BT
/Helvetica 10 Tf
0.000 g
50.00 470.00 Td
(Item 16 | Qty 2 | Unit 12.50 | Total 25.00) Tj
ET
BT
/Helvetica 10 Tf
0.000 g
50.00 450.00 Td
(Item 17 | Qty 2 | Unit 12.50 | Total 25.00) Tj
ET
BT
/Helvetica 10 Tf
0.000 g
50.00 430.00 Td
(Item 18 | Qty 2 | Unit 12.50 | Total 25.00) Tj
ET
BT
/Helvetica 10 Tf
0.000 g
50.00 410.00 Td
(Item 19 | Qty 2 | Unit 12.50 | Total 25.00) Tj
ET
BT
/Helvetica 10 Tf
0.000 g
50.00 390.00 Td
(Item 20 | Qty 2 | Unit 12.50 | Total 25.00) Tj
ET
BT
/Helvetica 10 Tf
0.000 g
50.00 370.00 Td
(TOTAL 500.00 EUR) Tj
ET

endstream
endobj
152 0 obj
<<
/Contents 153 0 R
/MediaBox [0 0 595 842]
/Parent 2 0 R
/Resources <<
/Font 204 0 R
>>
/Type /Page
>>
endobj
153 0 obj
<<
/Length 2056
>>
stream
BT
/Helvetica 10 Tf
0.000 g
50.00 790.00 Td
(Invoice benchmark | Page 0075/0100) Tj
ET
BT
/Helvetica 10 Tf
0.000 g
50.00 770.00 Td
(Item 01 | Qty 2 | Unit 12.50 | Total 25.00) Tj
ET
BT
/Helvetica 10 Tf
0.000 g
50.00 750.00 Td
(Item 02 | Qty 2 | Unit 12.50 | Total 25.00) Tj
ET
BT
/Helvetica 10 Tf
0.000 g
50.00 730.00 Td
(Item 03 | Qty 2 | Unit 12.50 | Total 25.00) Tj
ET
BT
/Helvetica 10 Tf
0.000 g
50.00 710.00 Td
(Item 04 | Qty 2 | Unit 12.50 | Total 25.00) Tj
ET
BT
/Helvetica 10 Tf
0.000 g
50.00 690.00 Td
(Item 05 | Qty 2 | Unit 12.50 | Total 25.00) Tj
ET
BT
/Helvetica 10 Tf
0.000 g
50.00 670.00 Td
(Item 06 | Qty 2 | Unit 12.50 | Total 25.00) Tj
ET
BT
/Helvetica 10 Tf
0.000 g
50.00 650.00 Td
(Item 07 | Qty 2 | Unit 12.50 | Total 25.00) Tj
ET
BT
/Helvetica 10 Tf
0.000 g
50.00 630.00 Td
(Item 08 | Qty 2 | Unit 12.50 | Total 25.00) Tj
ET
BT
/Helvetica 10 Tf
0.000 g
50.00 610.00 Td
(Item 09 | Qty 2 | Unit 12.50 | Total 25.00) Tj
ET
BT
/Helvetica 10 Tf
0.000 g
50.00 590.00 Td
(Item 10 | Qty 2 | Unit 12.50 | Total 25.00) Tj
ET
BT
/Helvetica 10 Tf
0.000 g
50.00 570.00 Td
(Item 11 | Qty 2 | Unit 12.50 | Total 25.00) Tj
ET
BT
/Helvetica 10 Tf
0.000 g
50.00 550.00 Td
(Item 12 | Qty 2 | Unit 12.50 | Total 25.00) Tj
ET
BT
/Helvetica 10 Tf
0.000 g
50.00 530.00 Td
(Item 13 | Qty 2 | Unit 12.50 | Total 25.00) Tj
ET
BT
/Helvetica 10 Tf
0.000 g
50.00 510.00 Td
(Item 14 | Qty 2 | Unit 12.50 | Total 25.00) Tj
ET
BT
/Helvetica 10 Tf
0.000 g
50.00 490.00 Td
(Item 15 | Qty 2 | Unit 12.50 | Total 25.00) Tj
ET
BT
/Helvetica 10 Tf
0.000 g
50.00 470.00 Td
(Item 16 | Qty 2 | Unit 12.50 | Total 25.00) Tj
ET
BT
/Helvetica 10 Tf
0.000 g
50.00 450.00 Td
(Item 17 | Qty 2 | Unit 12.50 | Total 25.00) Tj
ET
BT
/Helvetica 10 Tf
0.000 g
50.00 430.00 Td
(Item 18 | Qty 2 | Unit 12.50 | Total 25.00) Tj
ET
BT
/Helvetica 10 Tf
0.000 g
50.00 410.00 Td
(Item 19 | Qty 2 | Unit 12.50 | Total 25.00) Tj
ET
BT
/Helvetica 10 Tf
0.000 g
50.00 390.00 Td
(Item 20 | Qty 2 | Unit 12.50 | Total 25.00) Tj
ET
BT
/Helvetica 10 Tf
0.000 g
50.00 370.00 Td
(TOTAL 500.00 EUR) Tj
ET

endstream
endobj
154 0 obj
<<
/Contents 155 0 R
/MediaBox [0 0 595 842]
/Parent 2 0 R
/Resources <<
/Font 204 0 R
>>
/Type /Page
>>
endobj
155 0 obj
<<
/Length 2056
>>
stream
BT
/Helvetica 10 Tf
0.000 g
50.00 790.00 Td
(Invoice benchmark | Page 0076/0100) Tj
ET
BT
/Helvetica 10 Tf
0.000 g
50.00 770.00 Td
(Item 01 | Qty 2 | Unit 12.50 | Total 25.00) Tj
ET
BT
/Helvetica 10 Tf
0.000 g
50.00 750.00 Td
(Item 02 | Qty 2 | Unit 12.50 | Total 25.00) Tj
ET
BT
/Helvetica 10 Tf
0.000 g
50.00 730.00 Td
(Item 03 | Qty 2 | Unit 12.50 | Total 25.00) Tj
ET
BT
/Helvetica 10 Tf
0.000 g
50.00 710.00 Td
(Item 04 | Qty 2 | Unit 12.50 | Total 25.00) Tj
ET
BT
/Helvetica 10 Tf
0.000 g
50.00 690.00 Td
(Item 05 | Qty 2 | Unit 12.50 | Total 25.00) Tj
ET
BT
/Helvetica 10 Tf
0.000 g
50.00 670.00 Td
(Item 06 | Qty 2 | Unit 12.50 | Total 25.00) Tj
ET
BT
/Helvetica 10 Tf
0.000 g
50.00 650.00 Td
(Item 07 | Qty 2 | Unit 12.50 | Total 25.00) Tj
ET
BT
/Helvetica 10 Tf
0.000 g
50.00 630.00 Td
(Item 08 | Qty 2 | Unit 12.50 | Total 25.00) Tj
ET
BT
/Helvetica 10 Tf
0.000 g
50.00 610.00 Td
(Item 09 | Qty 2 | Unit 12.50 | Total 25.00) Tj
ET
BT
/Helvetica 10 Tf
0.000 g
50.00 590.00 Td
(Item 10 | Qty 2 | Unit 12.50 | Total 25.00) Tj
ET
BT
/Helvetica 10 Tf
0.000 g
50.00 570.00 Td
(Item 11 | Qty 2 | Unit 12.50 | Total 25.00) Tj
ET
BT
/Helvetica 10 Tf
0.000 g
50.00 550.00 Td
(Item 12 | Qty 2 | Unit 12.50 | Total 25.00) Tj
ET
BT
/Helvetica 10 Tf
0.000 g
50.00 530.00 Td
(Item 13 | Qty 2 | Unit 12.50 | Total 25.00) Tj
ET
BT
/Helvetica 10 Tf
0.000 g
50.00 510.00 Td
(Item 14 | Qty 2 | Unit 12.50 | Total 25.00) Tj
ET
BT
/Helvetica 10 Tf
0.000 g
50.00 490.00 Td
(Item 15 | Qty 2 | Unit 12.50 | Total 25.00) Tj
ET
BT
/Helvetica 10 Tf
0.000 g
50.00 470.00 Td
(Item 16 | Qty 2 | Unit 12.50 | Total 25.00) Tj
ET
BT
/Helvetica 10 Tf
0.000 g
50.00 450.00 Td
(Item 17 | Qty 2 | Unit 12.50 | Total 25.00) Tj
ET
BT
/Helvetica 10 Tf
0.000 g
50.00 430.00 Td
(Item 18 | Qty 2 | Unit 12.50 | Total 25.00) Tj
ET
BT
/Helvetica 10 Tf
0.000 g
50.00 410.00 Td
(Item 19 | Qty 2 | Unit 12.50 | Total 25.00) Tj
ET
BT
/Helvetica 10 Tf
0.000 g
50.00 390.00 Td
(Item 20 | Qty 2 | Unit 12.50 | Total 25.00) Tj
ET
BT
/Helvetica 10 Tf
0.000 g
50.00 370.00 Td
(TOTAL 500.00 EUR) Tj
ET

endstream
endobj
156 0 obj
<<
/Contents 157 0 R
/MediaBox [0 0 595 842]
/Parent 2 0 R
/Resources <<
/Font 204 0 R
>>
/Type /Page
>>
endobj
157 0 obj
<<
/Length 2056
>>
stream
BT
/Helvetica 10 Tf
0.000 g
50.00 790.00 Td
(Invoice benchmark | Page 0077/0100) Tj
ET
BT
/Helvetica 10 Tf
0.000 g
50.00 770.00 Td
(Item 01 | Qty 2 | Unit 12.50 | Total 25.00) Tj
ET
BT
/Helvetica 10 Tf
0.000 g
50.00 750.00 Td
(Item 02 | Qty 2 | Unit 12.50 | Total 25.00) Tj
ET
BT
/Helvetica 10 Tf
0.000 g
50.00 730.00 Td
(Item 03 | Qty 2 | Unit 12.50 | Total 25.00) Tj
ET
BT
/Helvetica 10 Tf
0.000 g
50.00 710.00 Td
(Item 04 | Qty 2 | Unit 12.50 | Total 25.00) Tj
ET
BT
/Helvetica 10 Tf
0.000 g
50.00 690.00 Td
(Item 05 | Qty 2 | Unit 12.50 | Total 25.00) Tj
ET
BT
/Helvetica 10 Tf
0.000 g
50.00 670.00 Td
(Item 06 | Qty 2 | Unit 12.50 | Total 25.00) Tj
ET
BT
/Helvetica 10 Tf
0.000 g
50.00 650.00 Td
(Item 07 | Qty 2 | Unit 12.50 | Total 25.00) Tj
ET
BT
/Helvetica 10 Tf
0.000 g
50.00 630.00 Td
(Item 08 | Qty 2 | Unit 12.50 | Total 25.00) Tj
ET
BT
/Helvetica 10 Tf
0.000 g
50.00 610.00 Td
(Item 09 | Qty 2 | Unit 12.50 | Total 25.00) Tj
ET
BT
/Helvetica 10 Tf
0.000 g
50.00 590.00 Td
(Item 10 | Qty 2 | Unit 12.50 | Total 25.00) Tj
ET
BT
/Helvetica 10 Tf
0.000 g
50.00 570.00 Td
(Item 11 | Qty 2 | Unit 12.50 | Total 25.00) Tj
ET
BT
/Helvetica 10 Tf
0.000 g
50.00 550.00 Td
(Item 12 | Qty 2 | Unit 12.50 | Total 25.00) Tj
ET
BT
/Helvetica 10 Tf
0.000 g
50.00 530.00 Td
(Item 13 | Qty 2 | Unit 12.50 | Total 25.00) Tj
ET
BT
/Helvetica 10 Tf
0.000 g
50.00 510.00 Td
(Item 14 | Qty 2 | Unit 12.50 | Total 25.00) Tj
ET
BT
/Helvetica 10 Tf
0.000 g
50.00 490.00 Td
(Item 15 | Qty 2 | Unit 12.50 | Total 25.00) Tj
ET
BT
/Helvetica 10 Tf
0.000 g
50.00 470.00 Td
(Item 16 | Qty 2 | Unit 12.50 | Total 25.00) Tj
ET
BT
/Helvetica 10 Tf
0.000 g
50.00 450.00 Td
(Item 17 | Qty 2 | Unit 12.50 | Total 25.00) Tj
ET
BT
/Helvetica 10 Tf
0.000 g
50.00 430.00 Td
(Item 18 | Qty 2 | Unit 12.50 | Total 25.00) Tj
ET
BT
/Helvetica 10 Tf
0.000 g
50.00 410.00 Td
(Item 19 | Qty 2 | Unit 12.50 | Total 25.00) Tj
ET
BT
/Helvetica 10 Tf
0.000 g
50.00 390.00 Td
(Item 20 | Qty 2 | Unit 12.50 | Total 25.00) Tj
ET
BT
/Helvetica 10 Tf
0.000 g
50.00 370.00 Td
(TOTAL 500.00 EUR) Tj
ET

endstream
endobj
158 0 obj
<<
/Contents 159 0 R
/MediaBox [0 0 595 842]
/Parent 2 0 R
/Resources <<
/Font 204 0 R
>>
/Type /Page
>>
endobj
159 0 obj
<<
/Length 2056
>>
stream
BT
/Helvetica 10 Tf
0.000 g
50.00 790.00 Td
(Invoice benchmark | Page 0078/0100) Tj
ET
BT
/Helvetica 10 Tf
0.000 g
50.00 770.00 Td
(Item 01 | Qty 2 | Unit 12.50 | Total 25.00) Tj
ET
BT
/Helvetica 10 Tf
0.000 g
50.00 750.00 Td
(Item 02 | Qty 2 | Unit 12.50 | Total 25.00) Tj
ET
BT
/Helvetica 10 Tf
0.000 g
50.00 730.00 Td
(Item 03 | Qty 2 | Unit 12.50 | Total 25.00) Tj
ET
BT
/Helvetica 10 Tf
0.000 g
50.00 710.00 Td
(Item 04 | Qty 2 | Unit 12.50 | Total 25.00) Tj
ET
BT
/Helvetica 10 Tf
0.000 g
50.00 690.00 Td
(Item 05 | Qty 2 | Unit 12.50 | Total 25.00) Tj
ET
BT
/Helvetica 10 Tf
0.000 g
50.00 670.00 Td
(Item 06 | Qty 2 | Unit 12.50 | Total 25.00) Tj
ET
BT
/Helvetica 10 Tf
0.000 g
50.00 650.00 Td
(Item 07 | Qty 2 | Unit 12.50 | Total 25.00) Tj
ET
BT
/Helvetica 10 Tf
0.000 g
50.00 630.00 Td
(Item 08 | Qty 2 | Unit 12.50 | Total 25.00) Tj
ET
BT
/Helvetica 10 Tf
0.000 g
50.00 610.00 Td
(Item 09 | Qty 2 | Unit 12.50 | Total 25.00) Tj
ET
BT
/Helvetica 10 Tf
0.000 g
50.00 590.00 Td
(Item 10 | Qty 2 | Unit 12.50 | Total 25.00) Tj
ET
BT
/Helvetica 10 Tf
0.000 g
50.00 570.00 Td
(Item 11 | Qty 2 | Unit 12.50 | Total 25.00) Tj
ET
BT
/Helvetica 10 Tf
0.000 g
50.00 550.00 Td
(Item 12 | Qty 2 | Unit 12.50 | Total 25.00) Tj
ET
BT
/Helvetica 10 Tf
0.000 g
50.00 530.00 Td
(Item 13 | Qty 2 | Unit 12.50 | Total 25.00) Tj
ET
BT
/Helvetica 10 Tf
0.000 g
50.00 510.00 Td
(Item 14 | Qty 2 | Unit 12.50 | Total 25.00) Tj
ET
BT
/Helvetica 10 Tf
0.000 g
50.00 490.00 Td
(Item 15 | Qty 2 | Unit 12.50 | Total 25.00) Tj
ET
BT
/Helvetica 10 Tf
0.000 g
50.00 470.00 Td
(Item 16 | Qty 2 | Unit 12.50 | Total 25.00) Tj
ET
BT
/Helvetica 10 Tf
0.000 g
50.00 450.00 Td
(Item 17 | Qty 2 | Unit 12.50 | Total 25.00) Tj
ET
BT
/Helvetica 10 Tf
0.000 g
50.00 430.00 Td
(Item 18 | Qty 2 | Unit 12.50 | Total 25.00) Tj
ET
BT
/Helvetica 10 Tf
0.000 g
50.00 410.00 Td
(Item 19 | Qty 2 | Unit 12.50 | Total 25.00) Tj
ET
BT
/Helvetica 10 Tf
0.000 g
50.00 390.00 Td
(Item 20 | Qty 2 | Unit 12.50 | Total 25.00) Tj
ET
BT
/Helvetica 10 Tf
0.000 g
50.00 370.00 Td
(TOTAL 500.00 EUR) Tj
ET

endstream
endobj
160 0 obj
<<
/Contents 161 0 R
/MediaBox [0 0 595 842]
/Parent 2 0 R
/Resources <<
/Font 204 0 R
>>
/Type /Page
>>
endobj
161 0 obj
<<
/Length 2056
>>
stream
BT
/Helvetica 10 Tf
0.000 g
50.00 790.00 Td
(Invoice benchmark | Page 0079/0100) Tj
ET
BT
/Helvetica 10 Tf
0.000 g
50.00 770.00 Td
(Item 01 | Qty 2 | Unit 12.50 | Total 25.00) Tj
ET
BT
/Helvetica 10 Tf
0.000 g
50.00 750.00 Td
(Item 02 | Qty 2 | Unit 12.50 | Total 25.00) Tj
ET
BT
/Helvetica 10 Tf
0.000 g
50.00 730.00 Td
(Item 03 | Qty 2 | Unit 12.50 | Total 25.00) Tj
ET
BT
/Helvetica 10 Tf
0.000 g
50.00 710.00 Td
(Item 04 | Qty 2 | Unit 12.50 | Total 25.00) Tj
ET
BT
/Helvetica 10 Tf
0.000 g
50.00 690.00 Td
(Item 05 | Qty 2 | Unit 12.50 | Total 25.00) Tj
ET
BT
/Helvetica 10 Tf
0.000 g
50.00 670.00 Td
(Item 06 | Qty 2 | Unit 12.50 | Total 25.00) Tj
ET
BT
/Helvetica 10 Tf
0.000 g
50.00 650.00 Td
(Item 07 | Qty 2 | Unit 12.50 | Total 25.00) Tj
ET
BT
/Helvetica 10 Tf
0.000 g
50.00 630.00 Td
(Item 08 | Qty 2 | Unit 12.50 | Total 25.00) Tj
ET
BT
/Helvetica 10 Tf
0.000 g
50.00 610.00 Td
(Item 09 | Qty 2 | Unit 12.50 | Total 25.00) Tj
ET
BT
/Helvetica 10 Tf
0.000 g
50.00 590.00 Td
(Item 10 | Qty 2 | Unit 12.50 | Total 25.00) Tj
ET
BT
/Helvetica 10 Tf
0.000 g
50.00 570.00 Td
(Item 11 | Qty 2 | Unit 12.50 | Total 25.00) Tj
ET
BT
/Helvetica 10 Tf
0.000 g
50.00 550.00 Td
(Item 12 | Qty 2 | Unit 12.50 | Total 25.00) Tj
ET
BT
/Helvetica 10 Tf
0.000 g
50.00 530.00 Td
(Item 13 | Qty 2 | Unit 12.50 | Total 25.00) Tj
ET
BT
/Helvetica 10 Tf
0.000 g
50.00 510.00 Td
(Item 14 | Qty 2 | Unit 12.50 | Total 25.00) Tj
ET
BT
/Helvetica 10 Tf
0.000 g
50.00 490.00 Td
(Item 15 | Qty 2 | Unit 12.50 | Total 25.00) Tj
ET
BT
/Helvetica 10 Tf
0.000 g
50.00 470.00 Td
(Item 16 | Qty 2 | Unit 12.50 | Total 25.00) Tj
ET
BT
/Helvetica 10 Tf
0.000 g
50.00 450.00 Td
(Item 17 | Qty 2 | Unit 12.50 | Total 25.00) Tj
ET
BT
/Helvetica 10 Tf
0.000 g
50.00 430.00 Td
(Item 18 | Qty 2 | Unit 12.50 | Total 25.00) Tj
ET
BT
/Helvetica 10 Tf
0.000 g
50.00 410.00 Td
(Item 19 | Qty 2 | Unit 12.50 | Total 25.00) Tj
ET
BT
/Helvetica 10 Tf
0.000 g
50.00 390.00 Td
(Item 20 | Qty 2 | Unit 12.50 | Total 25.00) Tj
ET
BT
/Helvetica 10 Tf
0.000 g
50.00 370.00 Td
(TOTAL 500.00 EUR) Tj
ET

endstream
endobj
162 0 obj
<<
/Contents 163 0 R
/MediaBox [0 0 595 842]
/Parent 2 0 R
/Resources <<
/Font 204 0 R
>>
/Type /Page
>>
endobj
163 0 obj
<<
/Length 2056
>>
stream
BT
/Helvetica 10 Tf
0.000 g
50.00 790.00 Td
(Invoice benchmark | Page 0080/0100) Tj
ET
BT
/Helvetica 10 Tf
0.000 g
50.00 770.00 Td
(Item 01 | Qty 2 | Unit 12.50 | Total 25.00) Tj
ET
BT
/Helvetica 10 Tf
0.000 g
50.00 750.00 Td
(Item 02 | Qty 2 | Unit 12.50 | Total 25.00) Tj
ET
BT
/Helvetica 10 Tf
0.000 g
50.00 730.00 Td
(Item 03 | Qty 2 | Unit 12.50 | Total 25.00) Tj
ET
BT
/Helvetica 10 Tf
0.000 g
50.00 710.00 Td
(Item 04 | Qty 2 | Unit 12.50 | Total 25.00) Tj
ET
BT
/Helvetica 10 Tf
0.000 g
50.00 690.00 Td
(Item 05 | Qty 2 | Unit 12.50 | Total 25.00) Tj
ET
BT
/Helvetica 10 Tf
0.000 g
50.00 670.00 Td
(Item 06 | Qty 2 | Unit 12.50 | Total 25.00) Tj
ET
BT
/Helvetica 10 Tf
0.000 g
50.00 650.00 Td
(Item 07 | Qty 2 | Unit 12.50 | Total 25.00) Tj
ET
BT
/Helvetica 10 Tf
0.000 g
50.00 630.00 Td
(Item 08 | Qty 2 | Unit 12.50 | Total 25.00) Tj
ET
BT
/Helvetica 10 Tf
0.000 g
50.00 610.00 Td
(Item 09 | Qty 2 | Unit 12.50 | Total 25.00) Tj
ET
BT
/Helvetica 10 Tf
0.000 g
50.00 590.00 Td
(Item 10 | Qty 2 | Unit 12.50 | Total 25.00) Tj
ET
BT
/Helvetica 10 Tf
0.000 g
50.00 570.00 Td
(Item 11 | Qty 2 | Unit 12.50 | Total 25.00) Tj
ET
BT
/Helvetica 10 Tf
0.000 g
50.00 550.00 Td
(Item 12 | Qty 2 | Unit 12.50 | Total 25.00) Tj
ET
BT
/Helvetica 10 Tf
0.000 g
50.00 530.00 Td
(Item 13 | Qty 2 | Unit 12.50 | Total 25.00) Tj
ET
BT
/Helvetica 10 Tf
0.000 g
50.00 510.00 Td
(Item 14 | Qty 2 | Unit 12.50 | Total 25.00) Tj
ET
BT
/Helvetica 10 Tf
0.000 g
50.00 490.00 Td
(Item 15 | Qty 2 | Unit 12.50 | Total 25.00) Tj
ET
BT
/Helvetica 10 Tf
0.000 g
50.00 470.00 Td
(Item 16 | Qty 2 | Unit 12.50 | Total 25.00) Tj
ET
BT
/Helvetica 10 Tf
0.000 g
50.00 450.00 Td
(Item 17 | Qty 2 | Unit 12.50 | Total 25.00) Tj
ET
BT
/Helvetica 10 Tf
0.000 g
50.00 430.00 Td
(Item 18 | Qty 2 | Unit 12.50 | Total 25.00) Tj
ET
BT
/Helvetica 10 Tf
0.000 g
50.00 410.00 Td
(Item 19 | Qty 2 | Unit 12.50 | Total 25.00) Tj
ET
BT
/Helvetica 10 Tf
0.000 g
50.00 390.00 Td
(Item 20 | Qty 2 | Unit 12.50 | Total 25.00) Tj
ET
BT
/Helvetica 10 Tf
0.000 g
50.00 370.00 Td
(TOTAL 500.00 EUR) Tj
ET

endstream
endobj
164 0 obj
<<
/Contents 165 0 R
/MediaBox [0 0 595 842]
/Parent 2 0 R
/Resources <<
/Font 204 0 R
>>
/Type /Page
>>
endobj
165 0 obj
<<
/Length 2056
>>
stream
BT
/Helvetica 10 Tf
0.000 g
50.00 790.00 Td
(Invoice benchmark | Page 0081/0100) Tj
ET
BT
/Helvetica 10 Tf
0.000 g
50.00 770.00 Td
(Item 01 | Qty 2 | Unit 12.50 | Total 25.00) Tj
ET
BT
/Helvetica 10 Tf
0.000 g
50.00 750.00 Td
(Item 02 | Qty 2 | Unit 12.50 | Total 25.00) Tj
ET
BT
/Helvetica 10 Tf
0.000 g
50.00 730.00 Td
(Item 03 | Qty 2 | Unit 12.50 | Total 25.00) Tj
ET
BT
/Helvetica 10 Tf
0.000 g
50.00 710.00 Td
(Item 04 | Qty 2 | Unit 12.50 | Total 25.00) Tj
ET
BT
/Helvetica 10 Tf
0.000 g
50.00 690.00 Td
(Item 05 | Qty 2 | Unit 12.50 | Total 25.00) Tj
ET
BT
/Helvetica 10 Tf
0.000 g
50.00 670.00 Td
(Item 06 | Qty 2 | Unit 12.50 | Total 25.00) Tj
ET
BT
/Helvetica 10 Tf
0.000 g
50.00 650.00 Td
(Item 07 | Qty 2 | Unit 12.50 | Total 25.00) Tj
ET
BT
/Helvetica 10 Tf
0.000 g
50.00 630.00 Td
(Item 08 | Qty 2 | Unit 12.50 | Total 25.00) Tj
ET
BT
/Helvetica 10 Tf
0.000 g
50.00 610.00 Td
(Item 09 | Qty 2 | Unit 12.50 | Total 25.00) Tj
ET
BT
/Helvetica 10 Tf
0.000 g
50.00 590.00 Td
(Item 10 | Qty 2 | Unit 12.50 | Total 25.00) Tj
ET
BT
/Helvetica 10 Tf
0.000 g
50.00 570.00 Td
(Item 11 | Qty 2 | Unit 12.50 | Total 25.00) Tj
ET
BT
/Helvetica 10 Tf
0.000 g
50.00 550.00 Td
(Item 12 | Qty 2 | Unit 12.50 | Total 25.00) Tj
ET
BT
/Helvetica 10 Tf
0.000 g
50.00 530.00 Td
(Item 13 | Qty 2 | Unit 12.50 | Total 25.00) Tj
ET
BT
/Helvetica 10 Tf
0.000 g
50.00 510.00 Td
(Item 14 | Qty 2 | Unit 12.50 | Total 25.00) Tj
ET
BT
/Helvetica 10 Tf
0.000 g
50.00 490.00 Td
(Item 15 | Qty 2 | Unit 12.50 | Total 25.00) Tj
ET
BT
/Helvetica 10 Tf
0.000 g
50.00 470.00 Td
(Item 16 | Qty 2 | Unit 12.50 | Total 25.00) Tj
ET
BT
/Helvetica 10 Tf
0.000 g
50.00 450.00 Td
(Item 17 | Qty 2 | Unit 12.50 | Total 25.00) Tj
ET
BT
/Helvetica 10 Tf
0.000 g
50.00 430.00 Td
(Item 18 | Qty 2 | Unit 12.50 | Total 25.00) Tj
ET
BT
/Helvetica 10 Tf
0.000 g
50.00 410.00 Td
(Item 19 | Qty 2 | Unit 12.50 | Total 25.00) Tj
ET
BT
/Helvetica 10 Tf
0.000 g
50.00 390.00 Td
(Item 20 | Qty 2 | Unit 12.50 | Total 25.00) Tj
ET
BT
/Helvetica 10 Tf
0.000 g
50.00 370.00 Td
(TOTAL 500.00 EUR) Tj
ET

endstream
endobj
166 0 obj
<<
/Contents 167 0 R
/MediaBox [0 0 595 842]
/Parent 2 0 R
/Resources <<
/Font 204 0 R
>>
/Type /Page
>>
endobj
167 0 obj
<<
/Length 2056
>>
stream
BT
/Helvetica 10 Tf
0.000 g
50.00 790.00 Td
(Invoice benchmark | Page 0082/0100) Tj
ET
BT
/Helvetica 10 Tf
0.000 g
50.00 770.00 Td
(Item 01 | Qty 2 | Unit 12.50 | Total 25.00) Tj
ET
BT
/Helvetica 10 Tf
0.000 g
50.00 750.00 Td
(Item 02 | Qty 2 | Unit 12.50 | Total 25.00) Tj
ET
BT
/Helvetica 10 Tf
0.000 g
50.00 730.00 Td
(Item 03 | Qty 2 | Unit 12.50 | Total 25.00) Tj
ET
BT
/Helvetica 10 Tf
0.000 g
50.00 710.00 Td
(Item 04 | Qty 2 | Unit 12.50 | Total 25.00) Tj
ET
BT
/Helvetica 10 Tf
0.000 g
50.00 690.00 Td
(Item 05 | Qty 2 | Unit 12.50 | Total 25.00) Tj
ET
BT
/Helvetica 10 Tf
0.000 g
50.00 670.00 Td
(Item 06 | Qty 2 | Unit 12.50 | Total 25.00) Tj
ET
BT
/Helvetica 10 Tf
0.000 g
50.00 650.00 Td
(Item 07 | Qty 2 | Unit 12.50 | Total 25.00) Tj
ET
BT
/Helvetica 10 Tf
0.000 g
50.00 630.00 Td
(Item 08 | Qty 2 | Unit 12.50 | Total 25.00) Tj
ET
BT
/Helvetica 10 Tf
0.000 g
50.00 610.00 Td
(Item 09 | Qty 2 | Unit 12.50 | Total 25.00) Tj
ET
BT
/Helvetica 10 Tf
0.000 g
50.00 590.00 Td
(Item 10 | Qty 2 | Unit 12.50 | Total 25.00) Tj
ET
BT
/Helvetica 10 Tf
0.000 g
50.00 570.00 Td
(Item 11 | Qty 2 | Unit 12.50 | Total 25.00) Tj
ET
BT
/Helvetica 10 Tf
0.000 g
50.00 550.00 Td
(Item 12 | Qty 2 | Unit 12.50 | Total 25.00) Tj
ET
BT
/Helvetica 10 Tf
0.000 g
50.00 530.00 Td
(Item 13 | Qty 2 | Unit 12.50 | Total 25.00) Tj
ET
BT
/Helvetica 10 Tf
0.000 g
50.00 510.00 Td
(Item 14 | Qty 2 | Unit 12.50 | Total 25.00) Tj
ET
BT
/Helvetica 10 Tf
0.000 g
50.00 490.00 Td
(Item 15 | Qty 2 | Unit 12.50 | Total 25.00) Tj
ET
BT
/Helvetica 10 Tf
0.000 g
50.00 470.00 Td
(Item 16 | Qty 2 | Unit 12.50 | Total 25.00) Tj
ET
BT
/Helvetica 10 Tf
0.000 g
50.00 450.00 Td
(Item 17 | Qty 2 | Unit 12.50 | Total 25.00) Tj
ET
BT
/Helvetica 10 Tf
0.000 g
50.00 430.00 Td
(Item 18 | Qty 2 | Unit 12.50 | Total 25.00) Tj
ET
BT
/Helvetica 10 Tf
0.000 g
50.00 410.00 Td
(Item 19 | Qty 2 | Unit 12.50 | Total 25.00) Tj
ET
BT
/Helvetica 10 Tf
0.000 g
50.00 390.00 Td
(Item 20 | Qty 2 | Unit 12.50 | Total 25.00) Tj
ET
BT
/Helvetica 10 Tf
0.000 g
50.00 370.00 Td
(TOTAL 500.00 EUR) Tj
ET

endstream
endobj
168 0 obj
<<
/Contents 169 0 R
/MediaBox [0 0 595 842]
/Parent 2 0 R
/Resources <<
/Font 204 0 R
>>
/Type /Page
>>
endobj
169 0 obj
<<
/Length 2056
>>
stream
BT
/Helvetica 10 Tf
0.000 g
50.00 790.00 Td
(Invoice benchmark | Page 0083/0100) Tj
ET
BT
/Helvetica 10 Tf
0.000 g
50.00 770.00 Td
(Item 01 | Qty 2 | Unit 12.50 | Total 25.00) Tj
ET
BT
/Helvetica 10 Tf
0.000 g
50.00 750.00 Td
(Item 02 | Qty 2 | Unit 12.50 | Total 25.00) Tj
ET
BT
/Helvetica 10 Tf
0.000 g
50.00 730.00 Td
(Item 03 | Qty 2 | Unit 12.50 | Total 25.00) Tj
ET
BT
/Helvetica 10 Tf
0.000 g
50.00 710.00 Td
(Item 04 | Qty 2 | Unit 12.50 | Total 25.00) Tj
ET
BT
/Helvetica 10 Tf
0.000 g
50.00 690.00 Td
(Item 05 | Qty 2 | Unit 12.50 | Total 25.00) Tj
ET
BT
/Helvetica 10 Tf
0.000 g
50.00 670.00 Td
(Item 06 | Qty 2 | Unit 12.50 | Total 25.00) Tj
ET
BT
/Helvetica 10 Tf
0.000 g
50.00 650.00 Td
(Item 07 | Qty 2 | Unit 12.50 | Total 25.00) Tj
ET
BT
/Helvetica 10 Tf
0.000 g
50.00 630.00 Td
(Item 08 | Qty 2 | Unit 12.50 | Total 25.00) Tj
ET
BT
/Helvetica 10 Tf
0.000 g
50.00 610.00 Td
(Item 09 | Qty 2 | Unit 12.50 | Total 25.00) Tj
ET
BT
/Helvetica 10 Tf
0.000 g
50.00 590.00 Td
(Item 10 | Qty 2 | Unit 12.50 | Total 25.00) Tj
ET
BT
/Helvetica 10 Tf
0.000 g
50.00 570.00 Td
(Item 11 | Qty 2 | Unit 12.50 | Total 25.00) Tj
ET
BT
/Helvetica 10 Tf
0.000 g
50.00 550.00 Td
(Item 12 | Qty 2 | Unit 12.50 | Total 25.00) Tj
ET
BT
/Helvetica 10 Tf
0.000 g
50.00 530.00 Td
(Item 13 | Qty 2 | Unit 12.50 | Total 25.00) Tj
ET
BT
/Helvetica 10 Tf
0.000 g
50.00 510.00 Td
(Item 14 | Qty 2 | Unit 12.50 | Total 25.00) Tj
ET
BT
/Helvetica 10 Tf
0.000 g
50.00 490.00 Td
(Item 15 | Qty 2 | Unit 12.50 | Total 25.00) Tj
ET
BT
/Helvetica 10 Tf
0.000 g
50.00 470.00 Td
(Item 16 | Qty 2 | Unit 12.50 | Total 25.00) Tj
ET
BT
/Helvetica 10 Tf
0.000 g
50.00 450.00 Td
(Item 17 | Qty 2 | Unit 12.50 | Total 25.00) Tj
ET
BT
/Helvetica 10 Tf
0.000 g
50.00 430.00 Td
(Item 18 | Qty 2 | Unit 12.50 | Total 25.00) Tj
ET
BT
/Helvetica 10 Tf
0.000 g
50.00 410.00 Td
(Item 19 | Qty 2 | Unit 12.50 | Total 25.00) Tj
ET
BT
/Helvetica 10 Tf
0.000 g
50.00 390.00 Td
(Item 20 | Qty 2 | Unit 12.50 | Total 25.00) Tj
ET
BT
/Helvetica 10 Tf
0.000 g
50.00 370.00 Td
(TOTAL 500.00 EUR) Tj
ET

endstream
endobj
170 0 obj
<<
/Contents 171 0 R
/MediaBox [0 0 595 842]
/Parent 2 0 R
/Resources <<
/Font 204 0 R
>>
/Type /Page
>>
endobj
171 0 obj
<<
/Length 2056
>>
stream
BT
/Helvetica 10 Tf
0.000 g
50.00 790.00 Td
(Invoice benchmark | Page 0084/0100) Tj
ET
BT
/Helvetica 10 Tf
0.000 g
50.00 770.00 Td
(Item 01 | Qty 2 | Unit 12.50 | Total 25.00) Tj
ET
BT
/Helvetica 10 Tf
0.000 g
50.00 750.00 Td
(Item 02 | Qty 2 | Unit 12.50 | Total 25.00) Tj
ET
BT
/Helvetica 10 Tf
0.000 g
50.00 730.00 Td
(Item 03 | Qty 2 | Unit 12.50 | Total 25.00) Tj
ET
BT
/Helvetica 10 Tf
0.000 g
50.00 710.00 Td
(Item 04 | Qty 2 | Unit 12.50 | Total 25.00) Tj
ET
BT
/Helvetica 10 Tf
0.000 g
50.00 690.00 Td
(Item 05 | Qty 2 | Unit 12.50 | Total 25.00) Tj
ET
BT
/Helvetica 10 Tf
0.000 g
50.00 670.00 Td
(Item 06 | Qty 2 | Unit 12.50 | Total 25.00) Tj
ET
BT
/Helvetica 10 Tf
0.000 g
50.00 650.00 Td
(Item 07 | Qty 2 | Unit 12.50 | Total 25.00) Tj
ET
BT
/Helvetica 10 Tf
0.000 g
50.00 630.00 Td
(Item 08 | Qty 2 | Unit 12.50 | Total 25.00) Tj
ET
BT
/Helvetica 10 Tf
0.000 g
50.00 610.00 Td
(Item 09 | Qty 2 | Unit 12.50 | Total 25.00) Tj
ET
BT
/Helvetica 10 Tf
0.000 g
50.00 590.00 Td
(Item 10 | Qty 2 | Unit 12.50 | Total 25.00) Tj
ET
BT
/Helvetica 10 Tf
0.000 g
50.00 570.00 Td
(Item 11 | Qty 2 | Unit 12.50 | Total 25.00) Tj
ET
BT
/Helvetica 10 Tf
0.000 g
50.00 550.00 Td
(Item 12 | Qty 2 | Unit 12.50 | Total 25.00) Tj
ET
BT
/Helvetica 10 Tf
0.000 g
50.00 530.00 Td
(Item 13 | Qty 2 | Unit 12.50 | Total 25.00) Tj
ET
BT
/Helvetica 10 Tf
0.000 g
50.00 510.00 Td
(Item 14 | Qty 2 | Unit 12.50 | Total 25.00) Tj
ET
BT
/Helvetica 10 Tf
0.000 g
50.00 490.00 Td
(Item 15 | Qty 2 | Unit 12.50 | Total 25.00) Tj
ET
BT
/Helvetica 10 Tf
0.000 g
50.00 470.00 Td
(Item 16 | Qty 2 | Unit 12.50 | Total 25.00) Tj
ET
BT
/Helvetica 10 Tf
0.000 g
50.00 450.00 Td
(Item 17 | Qty 2 | Unit 12.50 | Total 25.00) Tj
ET
BT
/Helvetica 10 Tf
0.000 g
50.00 430.00 Td
(Item 18 | Qty 2 | Unit 12.50 | Total 25.00) Tj
ET
BT
/Helvetica 10 Tf
0.000 g
50.00 410.00 Td
(Item 19 | Qty 2 | Unit 12.50 | Total 25.00) Tj
ET
BT
/Helvetica 10 Tf
0.000 g
50.00 390.00 Td
(Item 20 | Qty 2 | Unit 12.50 | Total 25.00) Tj
ET
BT
/Helvetica 10 Tf
0.000 g
50.00 370.00 Td
(TOTAL 500.00 EUR) Tj
ET

endstream
endobj
172 0 obj
<<
/Contents 173 0 R
/MediaBox [0 0 595 842]
/Parent 2 0 R
/Resources <<
/Font 204 0 R
>>
/Type /Page
>>
endobj
173 0 obj
<<
/Length 2056
>>
stream
BT
/Helvetica 10 Tf
0.000 g
50.00 790.00 Td
(Invoice benchmark | Page 0085/0100) Tj
ET
BT
/Helvetica 10 Tf
0.000 g
50.00 770.00 Td
(Item 01 | Qty 2 | Unit 12.50 | Total 25.00) Tj
ET
BT
/Helvetica 10 Tf
0.000 g
50.00 750.00 Td
(Item 02 | Qty 2 | Unit 12.50 | Total 25.00) Tj
ET
BT
/Helvetica 10 Tf
0.000 g
50.00 730.00 Td
(Item 03 | Qty 2 | Unit 12.50 | Total 25.00) Tj
ET
BT
/Helvetica 10 Tf
0.000 g
50.00 710.00 Td
(Item 04 | Qty 2 | Unit 12.50 | Total 25.00) Tj
ET
BT
/Helvetica 10 Tf
0.000 g
50.00 690.00 Td
(Item 05 | Qty 2 | Unit 12.50 | Total 25.00) Tj
ET
BT
/Helvetica 10 Tf
0.000 g
50.00 670.00 Td
(Item 06 | Qty 2 | Unit 12.50 | Total 25.00) Tj
ET
BT
/Helvetica 10 Tf
0.000 g
50.00 650.00 Td
(Item 07 | Qty 2 | Unit 12.50 | Total 25.00) Tj
ET
BT
/Helvetica 10 Tf
0.000 g
50.00 630.00 Td
(Item 08 | Qty 2 | Unit 12.50 | Total 25.00) Tj
ET
BT
/Helvetica 10 Tf
0.000 g
50.00 610.00 Td
(Item 09 | Qty 2 | Unit 12.50 | Total 25.00) Tj
ET
BT
/Helvetica 10 Tf
0.000 g
50.00 590.00 Td
(Item 10 | Qty 2 | Unit 12.50 | Total 25.00) Tj
ET
BT
/Helvetica 10 Tf
0.000 g
50.00 570.00 Td
(Item 11 | Qty 2 | Unit 12.50 | Total 25.00) Tj
ET
BT
/Helvetica 10 Tf
0.000 g
50.00 550.00 Td
(Item 12 | Qty 2 | Unit 12.50 | Total 25.00) Tj
ET
BT
/Helvetica 10 Tf
0.000 g
50.00 530.00 Td
(Item 13 | Qty 2 | Unit 12.50 | Total 25.00) Tj
ET
BT
/Helvetica 10 Tf
0.000 g
50.00 510.00 Td
(Item 14 | Qty 2 | Unit 12.50 | Total 25.00) Tj
ET
BT
/Helvetica 10 Tf
0.000 g
50.00 490.00 Td
(Item 15 | Qty 2 | Unit 12.50 | Total 25.00) Tj
ET
BT
/Helvetica 10 Tf
0.000 g
50.00 470.00 Td
(Item 16 | Qty 2 | Unit 12.50 | Total 25.00) Tj
ET
BT
/Helvetica 10 Tf
0.000 g
50.00 450.00 Td
(Item 17 | Qty 2 | Unit 12.50 | Total 25.00) Tj
ET
BT
/Helvetica 10 Tf
0.000 g
50.00 430.00 Td
(Item 18 | Qty 2 | Unit 12.50 | Total 25.00) Tj
ET
BT
/Helvetica 10 Tf
0.000 g
50.00 410.00 Td
(Item 19 | Qty 2 | Unit 12.50 | Total 25.00) Tj
ET
BT
/Helvetica 10 Tf
0.000 g
50.00 390.00 Td
(Item 20 | Qty 2 | Unit 12.50 | Total 25.00) Tj
ET
BT
/Helvetica 10 Tf
0.000 g
50.00 370.00 Td
(TOTAL 500.00 EUR) Tj
ET

endstream
endobj
174 0 obj
<<
/Contents 175 0 R
/MediaBox [0 0 595 842]
/Parent 2 0 R
/Resources <<
/Font 204 0 R
>>
/Type /Page
>>
endobj
175 0 obj
<<
/Length 2056
>>
stream
BT
/Helvetica 10 Tf
0.000 g
50.00 790.00 Td
(Invoice benchmark | Page 0086/0100) Tj
ET
BT
/Helvetica 10 Tf
0.000 g
50.00 770.00 Td
(Item 01 | Qty 2 | Unit 12.50 | Total 25.00) Tj
ET
BT
/Helvetica 10 Tf
0.000 g
50.00 750.00 Td
(Item 02 | Qty 2 | Unit 12.50 | Total 25.00) Tj
ET
BT
/Helvetica 10 Tf
0.000 g
50.00 730.00 Td
(Item 03 | Qty 2 | Unit 12.50 | Total 25.00) Tj
ET
BT
/Helvetica 10 Tf
0.000 g
50.00 710.00 Td
(Item 04 | Qty 2 | Unit 12.50 | Total 25.00) Tj
ET
BT
/Helvetica 10 Tf
0.000 g
50.00 690.00 Td
(Item 05 | Qty 2 | Unit 12.50 | Total 25.00) Tj
ET
BT
/Helvetica 10 Tf
0.000 g
50.00 670.00 Td
(Item 06 | Qty 2 | Unit 12.50 | Total 25.00) Tj
ET
BT
/Helvetica 10 Tf
0.000 g
50.00 650.00 Td
(Item 07 | Qty 2 | Unit 12.50 | Total 25.00) Tj
ET
BT
/Helvetica 10 Tf
0.000 g
50.00 630.00 Td
(Item 08 | Qty 2 | Unit 12.50 | Total 25.00) Tj
ET
BT
/Helvetica 10 Tf
0.000 g
50.00 610.00 Td
(Item 09 | Qty 2 | Unit 12.50 | Total 25.00) Tj
ET
BT
/Helvetica 10 Tf
0.000 g
50.00 590.00 Td
(Item 10 | Qty 2 | Unit 12.50 | Total 25.00) Tj
ET
BT
/Helvetica 10 Tf
0.000 g
50.00 570.00 Td
(Item 11 | Qty 2 | Unit 12.50 | Total 25.00) Tj
ET
BT
/Helvetica 10 Tf
0.000 g
50.00 550.00 Td
(Item 12 | Qty 2 | Unit 12.50 | Total 25.00) Tj
ET
BT
/Helvetica 10 Tf
0.000 g
50.00 530.00 Td
(Item 13 | Qty 2 | Unit 12.50 | Total 25.00) Tj
ET
BT
/Helvetica 10 Tf
0.000 g
50.00 510.00 Td
(Item 14 | Qty 2 | Unit 12.50 | Total 25.00) Tj
ET
BT
/Helvetica 10 Tf
0.000 g
50.00 490.00 Td
(Item 15 | Qty 2 | Unit 12.50 | Total 25.00) Tj
ET
BT
/Helvetica 10 Tf
0.000 g
50.00 470.00 Td
(Item 16 | Qty 2 | Unit 12.50 | Total 25.00) Tj
ET
BT
/Helvetica 10 Tf
0.000 g
50.00 450.00 Td
(Item 17 | Qty 2 | Unit 12.50 | Total 25.00) Tj
ET
BT
/Helvetica 10 Tf
0.000 g
50.00 430.00 Td
(Item 18 | Qty 2 | Unit 12.50 | Total 25.00) Tj
ET
BT
/Helvetica 10 Tf
0.000 g
50.00 410.00 Td
(Item 19 | Qty 2 | Unit 12.50 | Total 25.00) Tj
ET
BT
/Helvetica 10 Tf
0.000 g
50.00 390.00 Td
(Item 20 | Qty 2 | Unit 12.50 | Total 25.00) Tj
ET
BT
/Helvetica 10 Tf
0.000 g
50.00 370.00 Td
(TOTAL 500.00 EUR) Tj
ET

endstream
endobj
176 0 obj
<<
/Contents 177 0 R
/MediaBox [0 0 595 842]
/Parent 2 0 R
/Resources <<
/Font 204 0 R
>>
/Type /Page
>>
endobj
177 0 obj
<<
/Length 2056
>>
stream
BT
/Helvetica 10 Tf
0.000 g
50.00 790.00 Td
(Invoice benchmark | Page 0087/0100) Tj
ET
BT
/Helvetica 10 Tf
0.000 g
50.00 770.00 Td
(Item 01 | Qty 2 | Unit 12.50 | Total 25.00) Tj
ET
BT
/Helvetica 10 Tf
0.000 g
50.00 750.00 Td
(Item 02 | Qty 2 | Unit 12.50 | Total 25.00) Tj
ET
BT
/Helvetica 10 Tf
0.000 g
50.00 730.00 Td
(Item 03 | Qty 2 | Unit 12.50 | Total 25.00) Tj
ET
BT
/Helvetica 10 Tf
0.000 g
50.00 710.00 Td
(Item 04 | Qty 2 | Unit 12.50 | Total 25.00) Tj
ET
BT
/Helvetica 10 Tf
0.000 g
50.00 690.00 Td
(Item 05 | Qty 2 | Unit 12.50 | Total 25.00) Tj
ET
BT
/Helvetica 10 Tf
0.000 g
50.00 670.00 Td
(Item 06 | Qty 2 | Unit 12.50 | Total 25.00) Tj
ET
BT
/Helvetica 10 Tf
0.000 g
50.00 650.00 Td
(Item 07 | Qty 2 | Unit 12.50 | Total 25.00) Tj
ET
BT
/Helvetica 10 Tf
0.000 g
50.00 630.00 Td
(Item 08 | Qty 2 | Unit 12.50 | Total 25.00) Tj
ET
BT
/Helvetica 10 Tf
0.000 g
50.00 610.00 Td
(Item 09 | Qty 2 | Unit 12.50 | Total 25.00) Tj
ET
BT
/Helvetica 10 Tf
0.000 g
50.00 590.00 Td
(Item 10 | Qty 2 | Unit 12.50 | Total 25.00) Tj
ET
BT
/Helvetica 10 Tf
0.000 g
50.00 570.00 Td
(Item 11 | Qty 2 | Unit 12.50 | Total 25.00) Tj
ET
BT
/Helvetica 10 Tf
0.000 g
50.00 550.00 Td
(Item 12 | Qty 2 | Unit 12.50 | Total 25.00) Tj
ET
BT
/Helvetica 10 Tf
0.000 g
50.00 530.00 Td
(Item 13 | Qty 2 | Unit 12.50 | Total 25.00) Tj
ET
BT
/Helvetica 10 Tf
0.000 g
50.00 510.00 Td
(Item 14 | Qty 2 | Unit 12.50 | Total 25.00) Tj
ET
BT
/Helvetica 10 Tf
0.000 g
50.00 490.00 Td
(Item 15 | Qty 2 | Unit 12.50 | Total 25.00) Tj
ET
BT
/Helvetica 10 Tf
0.000 g
50.00 470.00 Td
(Item 16 | Qty 2 | Unit 12.50 | Total 25.00) Tj
ET
BT
/Helvetica 10 Tf
0.000 g
50.00 450.00 Td
(Item 17 | Qty 2 | Unit 12.50 | Total 25.00) Tj
ET
BT
/Helvetica 10 Tf
0.000 g
50.00 430.00 Td
(Item 18 | Qty 2 | Unit 12.50 | Total 25.00) Tj
ET
BT
/Helvetica 10 Tf
0.000 g
50.00 410.00 Td
(Item 19 | Qty 2 | Unit 12.50 | Total 25.00) Tj
ET
BT
/Helvetica 10 Tf
0.000 g
50.00 390.00 Td
(Item 20 | Qty 2 | Unit 12.50 | Total 25.00) Tj
ET
BT
/Helvetica 10 Tf
0.000 g
50.00 370.00 Td
(TOTAL 500.00 EUR) Tj
ET

endstream
endobj
178 0 obj
<<
/Contents 179 0 R
/MediaBox [0 0 595 842]
/Parent 2 0 R
/Resources <<
/Font 204 0 R
>>
/Type /Page
>>
endobj
179 0 obj
<<
/Length 2056
>>
stream
BT
/Helvetica 10 Tf
0.000 g
50.00 790.00 Td
(Invoice benchmark | Page 0088/0100) Tj
ET
BT
/Helvetica 10 Tf
0.000 g
50.00 770.00 Td
(Item 01 | Qty 2 | Unit 12.50 | Total 25.00) Tj
ET
BT
/Helvetica 10 Tf
0.000 g
50.00 750.00 Td
(Item 02 | Qty 2 | Unit 12.50 | Total 25.00) Tj
ET
BT
/Helvetica 10 Tf
0.000 g
50.00 730.00 Td
(Item 03 | Qty 2 | Unit 12.50 | Total 25.00) Tj
ET
BT
/Helvetica 10 Tf
0.000 g
50.00 710.00 Td
(Item 04 | Qty 2 | Unit 12.50 | Total 25.00) Tj
ET
BT
/Helvetica 10 Tf
0.000 g
50.00 690.00 Td
(Item 05 | Qty 2 | Unit 12.50 | Total 25.00) Tj
ET
BT
/Helvetica 10 Tf
0.000 g
50.00 670.00 Td
(Item 06 | Qty 2 | Unit 12.50 | Total 25.00) Tj
ET
BT
/Helvetica 10 Tf
0.000 g
50.00 650.00 Td
(Item 07 | Qty 2 | Unit 12.50 | Total 25.00) Tj
ET
BT
/Helvetica 10 Tf
0.000 g
50.00 630.00 Td
(Item 08 | Qty 2 | Unit 12.50 | Total 25.00) Tj
ET
BT
/Helvetica 10 Tf
0.000 g
50.00 610.00 Td
(Item 09 | Qty 2 | Unit 12.50 | Total 25.00) Tj
ET
BT
/Helvetica 10 Tf
0.000 g
50.00 590.00 Td
(Item 10 | Qty 2 | Unit 12.50 | Total 25.00) Tj
ET
BT
/Helvetica 10 Tf
0.000 g
50.00 570.00 Td
(Item 11 | Qty 2 | Unit 12.50 | Total 25.00) Tj
ET
BT
/Helvetica 10 Tf
0.000 g
50.00 550.00 Td
(Item 12 | Qty 2 | Unit 12.50 | Total 25.00) Tj
ET
BT
/Helvetica 10 Tf
0.000 g
50.00 530.00 Td
(Item 13 | Qty 2 | Unit 12.50 | Total 25.00) Tj
ET
BT
/Helvetica 10 Tf
0.000 g
50.00 510.00 Td
(Item 14 | Qty 2 | Unit 12.50 | Total 25.00) Tj
ET
BT
/Helvetica 10 Tf
0.000 g
50.00 490.00 Td
(Item 15 | Qty 2 | Unit 12.50 | Total 25.00) Tj
ET
BT
/Helvetica 10 Tf
0.000 g
50.00 470.00 Td
(Item 16 | Qty 2 | Unit 12.50 | Total 25.00) Tj
ET
BT
/Helvetica 10 Tf
0.000 g
50.00 450.00 Td
(Item 17 | Qty 2 | Unit 12.50 | Total 25.00) Tj
ET
BT
/Helvetica 10 Tf
0.000 g
50.00 430.00 Td
(Item 18 | Qty 2 | Unit 12.50 | Total 25.00) Tj
ET
BT
/Helvetica 10 Tf
0.000 g
50.00 410.00 Td
(Item 19 | Qty 2 | Unit 12.50 | Total 25.00) Tj
ET
BT
/Helvetica 10 Tf
0.000 g
50.00 390.00 Td
(Item 20 | Qty 2 | Unit 12.50 | Total 25.00) Tj
ET
BT
/Helvetica 10 Tf
0.000 g
50.00 370.00 Td
(TOTAL 500.00 EUR) Tj
ET

endstream
endobj
180 0 obj
<<
/Contents 181 0 R
/MediaBox [0 0 595 842]
/Parent 2 0 R
/Resources <<
/Font 204 0 R
>>
/Type /Page
>>
endobj
181 0 obj
<<
/Length 2056
>>
stream
BT
/Helvetica 10 Tf
0.000 g
50.00 790.00 Td
(Invoice benchmark | Page 0089/0100) Tj
ET
BT
/Helvetica 10 Tf
0.000 g
50.00 770.00 Td
(Item 01 | Qty 2 | Unit 12.50 | Total 25.00) Tj
ET
BT
/Helvetica 10 Tf
0.000 g
50.00 750.00 Td
(Item 02 | Qty 2 | Unit 12.50 | Total 25.00) Tj
ET
BT
/Helvetica 10 Tf
0.000 g
50.00 730.00 Td
(Item 03 | Qty 2 | Unit 12.50 | Total 25.00) Tj
ET
BT
/Helvetica 10 Tf
0.000 g
50.00 710.00 Td
(Item 04 | Qty 2 | Unit 12.50 | Total 25.00) Tj
ET
BT
/Helvetica 10 Tf
0.000 g
50.00 690.00 Td
(Item 05 | Qty 2 | Unit 12.50 | Total 25.00) Tj
ET
BT
/Helvetica 10 Tf
0.000 g
50.00 670.00 Td
(Item 06 | Qty 2 | Unit 12.50 | Total 25.00) Tj
ET
BT
/Helvetica 10 Tf
0.000 g
50.00 650.00 Td
(Item 07 | Qty 2 | Unit 12.50 | Total 25.00) Tj
ET
BT
/Helvetica 10 Tf
0.000 g
50.00 630.00 Td
(Item 08 | Qty 2 | Unit 12.50 | Total 25.00) Tj
ET
BT
/Helvetica 10 Tf
0.000 g
50.00 610.00 Td
(Item 09 | Qty 2 | Unit 12.50 | Total 25.00) Tj
ET
BT
/Helvetica 10 Tf
0.000 g
50.00 590.00 Td
(Item 10 | Qty 2 | Unit 12.50 | Total 25.00) Tj
ET
BT
/Helvetica 10 Tf
0.000 g
50.00 570.00 Td
(Item 11 | Qty 2 | Unit 12.50 | Total 25.00) Tj
ET
BT
/Helvetica 10 Tf
0.000 g
50.00 550.00 Td
(Item 12 | Qty 2 | Unit 12.50 | Total 25.00) Tj
ET
BT
/Helvetica 10 Tf
0.000 g
50.00 530.00 Td
(Item 13 | Qty 2 | Unit 12.50 | Total 25.00) Tj
ET
BT
/Helvetica 10 Tf
0.000 g
50.00 510.00 Td
(Item 14 | Qty 2 | Unit 12.50 | Total 25.00) Tj
ET
BT
/Helvetica 10 Tf
0.000 g
50.00 490.00 Td
(Item 15 | Qty 2 | Unit 12.50 | Total 25.00) Tj
ET
BT
/Helvetica 10 Tf
0.000 g
50.00 470.00 Td
(Item 16 | Qty 2 | Unit 12.50 | Total 25.00) Tj
ET
BT
/Helvetica 10 Tf
0.000 g
50.00 450.00 Td
(Item 17 | Qty 2 | Unit 12.50 | Total 25.00) Tj
ET
BT
/Helvetica 10 Tf
0.000 g
50.00 430.00 Td
(Item 18 | Qty 2 | Unit 12.50 | Total 25.00) Tj
ET
BT
/Helvetica 10 Tf
0.000 g
50.00 410.00 Td
(Item 19 | Qty 2 | Unit 12.50 | Total 25.00) Tj
ET
BT
/Helvetica 10 Tf
0.000 g
50.00 390.00 Td
(Item 20 | Qty 2 | Unit 12.50 | Total 25.00) Tj
ET
BT
/Helvetica 10 Tf
0.000 g
50.00 370.00 Td
(TOTAL 500.00 EUR) Tj
ET

endstream
endobj
182 0 obj
<<
/Contents 183 0 R
/MediaBox [0 0 595 842]
/Parent 2 0 R
/Resources <<
/Font 204 0 R
>>
/Type /Page
>>
endobj
183 0 obj
<<
/Length 2056
>>
stream
BT
/Helvetica 10 Tf
0.000 g
50.00 790.00 Td
(Invoice benchmark | Page 0090/0100) Tj
ET
BT
/Helvetica 10 Tf
0.000 g
50.00 770.00 Td
(Item 01 | Qty 2 | Unit 12.50 | Total 25.00) Tj
ET
BT
/Helvetica 10 Tf
0.000 g
50.00 750.00 Td
(Item 02 | Qty 2 | Unit 12.50 | Total 25.00) Tj
ET
BT
/Helvetica 10 Tf
0.000 g
50.00 730.00 Td
(Item 03 | Qty 2 | Unit 12.50 | Total 25.00) Tj
ET
BT
/Helvetica 10 Tf
0.000 g
50.00 710.00 Td
(Item 04 | Qty 2 | Unit 12.50 | Total 25.00) Tj
ET
BT
/Helvetica 10 Tf
0.000 g
50.00 690.00 Td
(Item 05 | Qty 2 | Unit 12.50 | Total 25.00) Tj
ET
BT
/Helvetica 10 Tf
0.000 g
50.00 670.00 Td
(Item 06 | Qty 2 | Unit 12.50 | Total 25.00) Tj
ET
BT
/Helvetica 10 Tf
0.000 g
50.00 650.00 Td
(Item 07 | Qty 2 | Unit 12.50 | Total 25.00) Tj
ET
BT
/Helvetica 10 Tf
0.000 g
50.00 630.00 Td
(Item 08 | Qty 2 | Unit 12.50 | Total 25.00) Tj
ET
BT
/Helvetica 10 Tf
0.000 g
50.00 610.00 Td
(Item 09 | Qty 2 | Unit 12.50 | Total 25.00) Tj
ET
BT
/Helvetica 10 Tf
0.000 g
50.00 590.00 Td
(Item 10 | Qty 2 | Unit 12.50 | Total 25.00) Tj
ET
BT
/Helvetica 10 Tf
0.000 g
50.00 570.00 Td
(Item 11 | Qty 2 | Unit 12.50 | Total 25.00) Tj
ET
BT
/Helvetica 10 Tf
0.000 g
50.00 550.00 Td
(Item 12 | Qty 2 | Unit 12.50 | Total 25.00) Tj
ET
BT
/Helvetica 10 Tf
0.000 g
50.00 530.00 Td
(Item 13 | Qty 2 | Unit 12.50 | Total 25.00) Tj
ET
BT
/Helvetica 10 Tf
0.000 g
50.00 510.00 Td
(Item 14 | Qty 2 | Unit 12.50 | Total 25.00) Tj
ET
BT
/Helvetica 10 Tf
0.000 g
50.00 490.00 Td
(Item 15 | Qty 2 | Unit 12.50 | Total 25.00) Tj
ET
BT
/Helvetica 10 Tf
0.000 g
50.00 470.00 Td
(Item 16 | Qty 2 | Unit 12.50 | Total 25.00) Tj
ET
BT
/Helvetica 10 Tf
0.000 g
50.00 450.00 Td
(Item 17 | Qty 2 | Unit 12.50 | Total 25.00) Tj
ET
BT
/Helvetica 10 Tf
0.000 g
50.00 430.00 Td
(Item 18 | Qty 2 | Unit 12.50 | Total 25.00) Tj
ET
BT
/Helvetica 10 Tf
0.000 g
50.00 410.00 Td
(Item 19 | Qty 2 | Unit 12.50 | Total 25.00) Tj
ET
BT
/Helvetica 10 Tf
0.000 g
50.00 390.00 Td
(Item 20 | Qty 2 | Unit 12.50 | Total 25.00) Tj
ET
BT
/Helvetica 10 Tf
0.000 g
50.00 370.00 Td
(TOTAL 500.00 EUR) Tj
ET

endstream
endobj
184 0 obj
<<
/Contents 185 0 R
/MediaBox [0 0 595 842]
/Parent 2 0 R
/Resources <<
/Font 204 0 R
>>
/Type /Page
>>
endobj
185 0 obj
<<
/Length 2056
>>
stream
BT
/Helvetica 10 Tf
0.000 g
50.00 790.00 Td
(Invoice benchmark | Page 0091/0100) Tj
ET
BT
/Helvetica 10 Tf
0.000 g
50.00 770.00 Td
(Item 01 | Qty 2 | Unit 12.50 | Total 25.00) Tj
ET
BT
/Helvetica 10 Tf
0.000 g
50.00 750.00 Td
(Item 02 | Qty 2 | Unit 12.50 | Total 25.00) Tj
ET
BT
/Helvetica 10 Tf
0.000 g
50.00 730.00 Td
(Item 03 | Qty 2 | Unit 12.50 | Total 25.00) Tj
ET
BT
/Helvetica 10 Tf
0.000 g
50.00 710.00 Td
(Item 04 | Qty 2 | Unit 12.50 | Total 25.00) Tj
ET
BT
/Helvetica 10 Tf
0.000 g
50.00 690.00 Td
(Item 05 | Qty 2 | Unit 12.50 | Total 25.00) Tj
ET
BT
/Helvetica 10 Tf
0.000 g
50.00 670.00 Td
(Item 06 | Qty 2 | Unit 12.50 | Total 25.00) Tj
ET
BT
/Helvetica 10 Tf
0.000 g
50.00 650.00 Td
(Item 07 | Qty 2 | Unit 12.50 | Total 25.00) Tj
ET
BT
/Helvetica 10 Tf
0.000 g
50.00 630.00 Td
(Item 08 | Qty 2 | Unit 12.50 | Total 25.00) Tj
ET
BT
/Helvetica 10 Tf
0.000 g
50.00 610.00 Td
(Item 09 | Qty 2 | Unit 12.50 | Total 25.00) Tj
ET
BT
/Helvetica 10 Tf
0.000 g
50.00 590.00 Td
(Item 10 | Qty 2 | Unit 12.50 | Total 25.00) Tj
ET
BT
/Helvetica 10 Tf
0.000 g
50.00 570.00 Td
(Item 11 | Qty 2 | Unit 12.50 | Total 25.00) Tj
ET
BT
/Helvetica 10 Tf
0.000 g
50.00 550.00 Td
(Item 12 | Qty 2 | Unit 12.50 | Total 25.00) Tj
ET
BT
/Helvetica 10 Tf
0.000 g
50.00 530.00 Td
(Item 13 | Qty 2 | Unit 12.50 | Total 25.00) Tj
ET
BT
/Helvetica 10 Tf
0.000 g
50.00 510.00 Td
(Item 14 | Qty 2 | Unit 12.50 | Total 25.00) Tj
ET
BT
/Helvetica 10 Tf
0.000 g
50.00 490.00 Td
(Item 15 | Qty 2 | Unit 12.50 | Total 25.00) Tj
ET
BT
/Helvetica 10 Tf
0.000 g
50.00 470.00 Td
(Item 16 | Qty 2 | Unit 12.50 | Total 25.00) Tj
ET
BT
/Helvetica 10 Tf
0.000 g
50.00 450.00 Td
(Item 17 | Qty 2 | Unit 12.50 | Total 25.00) Tj
ET
BT
/Helvetica 10 Tf
0.000 g
50.00 430.00 Td
(Item 18 | Qty 2 | Unit 12.50 | Total 25.00) Tj
ET
BT
/Helvetica 10 Tf
0.000 g
50.00 410.00 Td
(Item 19 | Qty 2 | Unit 12.50 | Total 25.00) Tj
ET
BT
/Helvetica 10 Tf
0.000 g
50.00 390.00 Td
(Item 20 | Qty 2 | Unit 12.50 | Total 25.00) Tj
ET
BT
/Helvetica 10 Tf
0.000 g
50.00 370.00 Td
(TOTAL 500.00 EUR) Tj
ET

endstream
endobj
186 0 obj
<<
/Contents 187 0 R
/MediaBox [0 0 595 842]
/Parent 2 0 R
/Resources <<
/Font 204 0 R
>>
/Type /Page
>>
endobj
187 0 obj
<<
/Length 2056
>>
stream
BT
/Helvetica 10 Tf
0.000 g
50.00 790.00 Td
(Invoice benchmark | Page 0092/0100) Tj
ET
BT
/Helvetica 10 Tf
0.000 g
50.00 770.00 Td
(Item 01 | Qty 2 | Unit 12.50 | Total 25.00) Tj
ET
BT
/Helvetica 10 Tf
0.000 g
50.00 750.00 Td
(Item 02 | Qty 2 | Unit 12.50 | Total 25.00) Tj
ET
BT
/Helvetica 10 Tf
0.000 g
50.00 730.00 Td
(Item 03 | Qty 2 | Unit 12.50 | Total 25.00) Tj
ET
BT
/Helvetica 10 Tf
0.000 g
50.00 710.00 Td
(Item 04 | Qty 2 | Unit 12.50 | Total 25.00) Tj
ET
BT
/Helvetica 10 Tf
0.000 g
50.00 690.00 Td
(Item 05 | Qty 2 | Unit 12.50 | Total 25.00) Tj
ET
BT
/Helvetica 10 Tf
0.000 g
50.00 670.00 Td
(Item 06 | Qty 2 | Unit 12.50 | Total 25.00) Tj
ET
BT
/Helvetica 10 Tf
0.000 g
50.00 650.00 Td
(Item 07 | Qty 2 | Unit 12.50 | Total 25.00) Tj
ET
BT
/Helvetica 10 Tf
0.000 g
50.00 630.00 Td
(Item 08 | Qty 2 | Unit 12.50 | Total 25.00) Tj
ET
BT
/Helvetica 10 Tf
0.000 g
50.00 610.00 Td
(Item 09 | Qty 2 | Unit 12.50 | Total 25.00) Tj
ET
BT
/Helvetica 10 Tf
0.000 g
50.00 590.00 Td
(Item 10 | Qty 2 | Unit 12.50 | Total 25.00) Tj
ET
BT
/Helvetica 10 Tf
0.000 g
50.00 570.00 Td
(Item 11 | Qty 2 | Unit 12.50 | Total 25.00) Tj
ET
BT
/Helvetica 10 Tf
0.000 g
50.00 550.00 Td
(Item 12 | Qty 2 | Unit 12.50 | Total 25.00) Tj
ET
BT
/Helvetica 10 Tf
0.000 g
50.00 530.00 Td
(Item 13 | Qty 2 | Unit 12.50 | Total 25.00) Tj
ET
BT
/Helvetica 10 Tf
0.000 g
50.00 510.00 Td
(Item 14 | Qty 2 | Unit 12.50 | Total 25.00) Tj
ET
BT
/Helvetica 10 Tf
0.000 g
50.00 490.00 Td
(Item 15 | Qty 2 | Unit 12.50 | Total 25.00) Tj
ET
BT
/Helvetica 10 Tf
0.000 g
50.00 470.00 Td
(Item 16 | Qty 2 | Unit 12.50 | Total 25.00) Tj
ET
BT
/Helvetica 10 Tf
0.000 g
50.00 450.00 Td
(Item 17 | Qty 2 | Unit 12.50 | Total 25.00) Tj
ET
BT
/Helvetica 10 Tf
0.000 g
50.00 430.00 Td
(Item 18 | Qty 2 | Unit 12.50 | Total 25.00) Tj
ET
BT
/Helvetica 10 Tf
0.000 g
50.00 410.00 Td
(Item 19 | Qty 2 | Unit 12.50 | Total 25.00) Tj
ET
BT
/Helvetica 10 Tf
0.000 g
50.00 390.00 Td
(Item 20 | Qty 2 | Unit 12.50 | Total 25.00) Tj
ET
BT
/Helvetica 10 Tf
0.000 g
50.00 370.00 Td
(TOTAL 500.00 EUR) Tj
ET

endstream
endobj
188 0 obj
<<
/Contents 189 0 R
/MediaBox [0 0 595 842]
/Parent 2 0 R
/Resources <<
/Font 204 0 R
>>
/Type /Page
>>
endobj
189 0 obj
<<
/Length 2056
>>
stream
BT
/Helvetica 10 Tf
0.000 g
50.00 790.00 Td
(Invoice benchmark | Page 0093/0100) Tj
ET
BT
/Helvetica 10 Tf
0.000 g
50.00 770.00 Td
(Item 01 | Qty 2 | Unit 12.50 | Total 25.00) Tj
ET
BT
/Helvetica 10 Tf
0.000 g
50.00 750.00 Td
(Item 02 | Qty 2 | Unit 12.50 | Total 25.00) Tj
ET
BT
/Helvetica 10 Tf
0.000 g
50.00 730.00 Td
(Item 03 | Qty 2 | Unit 12.50 | Total 25.00) Tj
ET
BT
/Helvetica 10 Tf
0.000 g
50.00 710.00 Td
(Item 04 | Qty 2 | Unit 12.50 | Total 25.00) Tj
ET
BT
/Helvetica 10 Tf
0.000 g
50.00 690.00 Td
(Item 05 | Qty 2 | Unit 12.50 | Total 25.00) Tj
ET
BT
/Helvetica 10 Tf
0.000 g
50.00 670.00 Td
(Item 06 | Qty 2 | Unit 12.50 | Total 25.00) Tj
ET
BT
/Helvetica 10 Tf
0.000 g
50.00 650.00 Td
(Item 07 | Qty 2 | Unit 12.50 | Total 25.00) Tj
ET
BT
/Helvetica 10 Tf
0.000 g
50.00 630.00 Td
(Item 08 | Qty 2 | Unit 12.50 | Total 25.00) Tj
ET
BT
/Helvetica 10 Tf
0.000 g
50.00 610.00 Td
(Item 09 | Qty 2 | Unit 12.50 | Total 25.00) Tj
ET
BT
/Helvetica 10 Tf
0.000 g
50.00 590.00 Td
(Item 10 | Qty 2 | Unit 12.50 | Total 25.00) Tj
ET
BT
/Helvetica 10 Tf
0.000 g
50.00 570.00 Td
(Item 11 | Qty 2 | Unit 12.50 | Total 25.00) Tj
ET
BT
/Helvetica 10 Tf
0.000 g
50.00 550.00 Td
(Item 12 | Qty 2 | Unit 12.50 | Total 25.00) Tj
ET
BT
/Helvetica 10 Tf
0.000 g
50.00 530.00 Td
(Item 13 | Qty 2 | Unit 12.50 | Total 25.00) Tj
ET
BT
/Helvetica 10 Tf
0.000 g
50.00 510.00 Td
(Item 14 | Qty 2 | Unit 12.50 | Total 25.00) Tj
ET
BT
/Helvetica 10 Tf
0.000 g
50.00 490.00 Td
(Item 15 | Qty 2 | Unit 12.50 | Total 25.00) Tj
ET
BT
/Helvetica 10 Tf
0.000 g
50.00 470.00 Td
(Item 16 | Qty 2 | Unit 12.50 | Total 25.00) Tj
ET
BT
/Helvetica 10 Tf
0.000 g
50.00 450.00 Td
(Item 17 | Qty 2 | Unit 12.50 | Total 25.00) Tj
ET
BT
/Helvetica 10 Tf
0.000 g
50.00 430.00 Td
(Item 18 | Qty 2 | Unit 12.50 | Total 25.00) Tj
ET
BT
/Helvetica 10 Tf
0.000 g
50.00 410.00 Td
(Item 19 | Qty 2 | Unit 12.50 | Total 25.00) Tj
ET
BT
/Helvetica 10 Tf
0.000 g
50.00 390.00 Td
(Item 20 | Qty 2 | Unit 12.50 | Total 25.00) Tj
ET
BT
/Helvetica 10 Tf
0.000 g
50.00 370.00 Td
(TOTAL 500.00 EUR) Tj
ET

endstream
endobj
190 0 obj
<<
/Contents 191 0 R
/MediaBox [0 0 595 842]
/Parent 2 0 R
/Resources <<
/Font 204 0 R
>>
/Type /Page
>>
endobj
191 0 obj
<<
/Length 2056
>>
stream
BT
/Helvetica 10 Tf
0.000 g
50.00 790.00 Td
(Invoice benchmark | Page 0094/0100) Tj
ET
BT
/Helvetica 10 Tf
0.000 g
50.00 770.00 Td
(Item 01 | Qty 2 | Unit 12.50 | Total 25.00) Tj
ET
BT
/Helvetica 10 Tf
0.000 g
50.00 750.00 Td
(Item 02 | Qty 2 | Unit 12.50 | Total 25.00) Tj
ET
BT
/Helvetica 10 Tf
0.000 g
50.00 730.00 Td
(Item 03 | Qty 2 | Unit 12.50 | Total 25.00) Tj
ET
BT
/Helvetica 10 Tf
0.000 g
50.00 710.00 Td
(Item 04 | Qty 2 | Unit 12.50 | Total 25.00) Tj
ET
BT
/Helvetica 10 Tf
0.000 g
50.00 690.00 Td
(Item 05 | Qty 2 | Unit 12.50 | Total 25.00) Tj
ET
BT
/Helvetica 10 Tf
0.000 g
50.00 670.00 Td
(Item 06 | Qty 2 | Unit 12.50 | Total 25.00) Tj
ET
BT
/Helvetica 10 Tf
0.000 g
50.00 650.00 Td
(Item 07 | Qty 2 | Unit 12.50 | Total 25.00) Tj
ET
BT
/Helvetica 10 Tf
0.000 g
50.00 630.00 Td
(Item 08 | Qty 2 | Unit 12.50 | Total 25.00) Tj
ET
BT
/Helvetica 10 Tf
0.000 g
50.00 610.00 Td
(Item 09 | Qty 2 | Unit 12.50 | Total 25.00) Tj
ET
BT
/Helvetica 10 Tf
0.000 g
50.00 590.00 Td
(Item 10 | Qty 2 | Unit 12.50 | Total 25.00) Tj
ET
BT
/Helvetica 10 Tf
0.000 g
50.00 570.00 Td
(Item 11 | Qty 2 | Unit 12.50 | Total 25.00) Tj
ET
BT
/Helvetica 10 Tf
0.000 g
50.00 550.00 Td
(Item 12 | Qty 2 | Unit 12.50 | Total 25.00) Tj
ET
BT
/Helvetica 10 Tf
0.000 g
50.00 530.00 Td
(Item 13 | Qty 2 | Unit 12.50 | Total 25.00) Tj
ET
BT
/Helvetica 10 Tf
0.000 g
50.00 510.00 Td
(Item 14 | Qty 2 | Unit 12.50 | Total 25.00) Tj
ET
BT
/Helvetica 10 Tf
0.000 g
50.00 490.00 Td
(Item 15 | Qty 2 | Unit 12.50 | Total 25.00) Tj
ET
BT
/Helvetica 10 Tf
0.000 g
50.00 470.00 Td
(Item 16 | Qty 2 | Unit 12.50 | Total 25.00) Tj
ET
BT
/Helvetica 10 Tf
0.000 g
50.00 450.00 Td
(Item 17 | Qty 2 | Unit 12.50 | Total 25.00) Tj
ET
BT
/Helvetica 10 Tf
0.000 g
50.00 430.00 Td
(Item 18 | Qty 2 | Unit 12.50 | Total 25.00) Tj
ET
BT
/Helvetica 10 Tf
0.000 g
50.00 410.00 Td
(Item 19 | Qty 2 | Unit 12.50 | Total 25.00) Tj
ET
BT
/Helvetica 10 Tf
0.000 g
50.00 390.00 Td
(Item 20 | Qty 2 | Unit 12.50 | Total 25.00) Tj
ET
BT
/Helvetica 10 Tf
0.000 g
50.00 370.00 Td
(TOTAL 500.00 EUR) Tj
ET

endstream
endobj
192 0 obj
<<
/Contents 193 0 R
/MediaBox [0 0 595 842]
/Parent 2 0 R
/Resources <<
/Font 204 0 R
>>
/Type /Page
>>
endobj
193 0 obj
<<
/Length 2056
>>
stream
BT
/Helvetica 10 Tf
0.000 g
50.00 790.00 Td
(Invoice benchmark | Page 0095/0100) Tj
ET
BT
/Helvetica 10 Tf
0.000 g
50.00 770.00 Td
(Item 01 | Qty 2 | Unit 12.50 | Total 25.00) Tj
ET
BT
/Helvetica 10 Tf
0.000 g
50.00 750.00 Td
(Item 02 | Qty 2 | Unit 12.50 | Total 25.00) Tj
ET
BT
/Helvetica 10 Tf
0.000 g
50.00 730.00 Td
(Item 03 | Qty 2 | Unit 12.50 | Total 25.00) Tj
ET
BT
/Helvetica 10 Tf
0.000 g
50.00 710.00 Td
(Item 04 | Qty 2 | Unit 12.50 | Total 25.00) Tj
ET
BT
/Helvetica 10 Tf
0.000 g
50.00 690.00 Td
(Item 05 | Qty 2 | Unit 12.50 | Total 25.00) Tj
ET
BT
/Helvetica 10 Tf
0.000 g
50.00 670.00 Td
(Item 06 | Qty 2 | Unit 12.50 | Total 25.00) Tj
ET
BT
/Helvetica 10 Tf
0.000 g
50.00 650.00 Td
(Item 07 | Qty 2 | Unit 12.50 | Total 25.00) Tj
ET
BT
/Helvetica 10 Tf
0.000 g
50.00 630.00 Td
(Item 08 | Qty 2 | Unit 12.50 | Total 25.00) Tj
ET
BT
/Helvetica 10 Tf
0.000 g
50.00 610.00 Td
(Item 09 | Qty 2 | Unit 12.50 | Total 25.00) Tj
ET
BT
/Helvetica 10 Tf
0.000 g
50.00 590.00 Td
(Item 10 | Qty 2 | Unit 12.50 | Total 25.00) Tj
ET
BT
/Helvetica 10 Tf
0.000 g
50.00 570.00 Td
(Item 11 | Qty 2 | Unit 12.50 | Total 25.00) Tj
ET
BT
/Helvetica 10 Tf
0.000 g
50.00 550.00 Td
(Item 12 | Qty 2 | Unit 12.50 | Total 25.00) Tj
ET
BT
/Helvetica 10 Tf
0.000 g
50.00 530.00 Td
(Item 13 | Qty 2 | Unit 12.50 | Total 25.00) Tj
ET
BT
/Helvetica 10 Tf
0.000 g
50.00 510.00 Td
(Item 14 | Qty 2 | Unit 12.50 | Total 25.00) Tj
ET
BT
/Helvetica 10 Tf
0.000 g
50.00 490.00 Td
(Item 15 | Qty 2 | Unit 12.50 | Total 25.00) Tj
ET
BT
/Helvetica 10 Tf
0.000 g
50.00 470.00 Td
(Item 16 | Qty 2 | Unit 12.50 | Total 25.00) Tj
ET
BT
/Helvetica 10 Tf
0.000 g
50.00 450.00 Td
(Item 17 | Qty 2 | Unit 12.50 | Total 25.00) Tj
ET
BT
/Helvetica 10 Tf
0.000 g
50.00 430.00 Td
(Item 18 | Qty 2 | Unit 12.50 | Total 25.00) Tj
ET
BT
/Helvetica 10 Tf
0.000 g
50.00 410.00 Td
(Item 19 | Qty 2 | Unit 12.50 | Total 25.00) Tj
ET
BT
/Helvetica 10 Tf
0.000 g
50.00 390.00 Td
(Item 20 | Qty 2 | Unit 12.50 | Total 25.00) Tj
ET
BT
/Helvetica 10 Tf
0.000 g
50.00 370.00 Td
(TOTAL 500.00 EUR) Tj
ET

endstream
endobj
194 0 obj
<<
/Contents 195 0 R
/MediaBox [0 0 595 842]
/Parent 2 0 R
/Resources <<
/Font 204 0 R
>>
/Type /Page
>>
endobj
195 0 obj
<<
/Length 2056
>>
stream
BT
/Helvetica 10 Tf
0.000 g
50.00 790.00 Td
(Invoice benchmark | Page 0096/0100) Tj
ET
BT
/Helvetica 10 Tf
0.000 g
50.00 770.00 Td
(Item 01 | Qty 2 | Unit 12.50 | Total 25.00) Tj
ET
BT
/Helvetica 10 Tf
0.000 g
50.00 750.00 Td
(Item 02 | Qty 2 | Unit 12.50 | Total 25.00) Tj
ET
BT
/Helvetica 10 Tf
0.000 g
50.00 730.00 Td
(Item 03 | Qty 2 | Unit 12.50 | Total 25.00) Tj
ET
BT
/Helvetica 10 Tf
0.000 g
50.00 710.00 Td
(Item 04 | Qty 2 | Unit 12.50 | Total 25.00) Tj
ET
BT
/Helvetica 10 Tf
0.000 g
50.00 690.00 Td
(Item 05 | Qty 2 | Unit 12.50 | Total 25.00) Tj
ET
BT
/Helvetica 10 Tf
0.000 g
50.00 670.00 Td
(Item 06 | Qty 2 | Unit 12.50 | Total 25.00) Tj
ET
BT
/Helvetica 10 Tf
0.000 g
50.00 650.00 Td
(Item 07 | Qty 2 | Unit 12.50 | Total 25.00) Tj
ET
BT
/Helvetica 10 Tf
0.000 g
50.00 630.00 Td
(Item 08 | Qty 2 | Unit 12.50 | Total 25.00) Tj
ET
BT
/Helvetica 10 Tf
0.000 g
50.00 610.00 Td
(Item 09 | Qty 2 | Unit 12.50 | Total 25.00) Tj
ET
BT
/Helvetica 10 Tf
0.000 g
50.00 590.00 Td
(Item 10 | Qty 2 | Unit 12.50 | Total 25.00) Tj
ET
BT
/Helvetica 10 Tf
0.000 g
50.00 570.00 Td
(Item 11 | Qty 2 | Unit 12.50 | Total 25.00) Tj
ET
BT
/Helvetica 10 Tf
0.000 g
50.00 550.00 Td
(Item 12 | Qty 2 | Unit 12.50 | Total 25.00) Tj
ET
BT
/Helvetica 10 Tf
0.000 g
50.00 530.00 Td
(Item 13 | Qty 2 | Unit 12.50 | Total 25.00) Tj
ET
BT
/Helvetica 10 Tf
0.000 g
50.00 510.00 Td
(Item 14 | Qty 2 | Unit 12.50 | Total 25.00) Tj
ET
BT
/Helvetica 10 Tf
0.000 g
50.00 490.00 Td
(Item 15 | Qty 2 | Unit 12.50 | Total 25.00) Tj
ET
BT
/Helvetica 10 Tf
0.000 g
50.00 470.00 Td
(Item 16 | Qty 2 | Unit 12.50 | Total 25.00) Tj
ET
BT
/Helvetica 10 Tf
0.000 g
50.00 450.00 Td
(Item 17 | Qty 2 | Unit 12.50 | Total 25.00) Tj
ET
BT
/Helvetica 10 Tf
0.000 g
50.00 430.00 Td
(Item 18 | Qty 2 | Unit 12.50 | Total 25.00) Tj
ET
BT
/Helvetica 10 Tf
0.000 g
50.00 410.00 Td
(Item 19 | Qty 2 | Unit 12.50 | Total 25.00) Tj
ET
BT
/Helvetica 10 Tf
0.000 g
50.00 390.00 Td
(Item 20 | Qty 2 | Unit 12.50 | Total 25.00) Tj
ET
BT
/Helvetica 10 Tf
0.000 g
50.00 370.00 Td
(TOTAL 500.00 EUR) Tj
ET

endstream
endobj
196 0 obj
<<
/Contents 197 0 R
/MediaBox [0 0 595 842]
/Parent 2 0 R
/Resources <<
/Font 204 0 R
>>
/Type /Page
>>
endobj
197 0 obj
<<
/Length 2056
>>
stream
BT
/Helvetica 10 Tf
0.000 g
50.00 790.00 Td
(Invoice benchmark | Page 0097/0100) Tj
ET
BT
/Helvetica 10 Tf
0.000 g
50.00 770.00 Td
(Item 01 | Qty 2 | Unit 12.50 | Total 25.00) Tj
ET
BT
/Helvetica 10 Tf
0.000 g
50.00 750.00 Td
(Item 02 | Qty 2 | Unit 12.50 | Total 25.00) Tj
ET
BT
/Helvetica 10 Tf
0.000 g
50.00 730.00 Td
(Item 03 | Qty 2 | Unit 12.50 | Total 25.00) Tj
ET
BT
/Helvetica 10 Tf
0.000 g
50.00 710.00 Td
(Item 04 | Qty 2 | Unit 12.50 | Total 25.00) Tj
ET
BT
/Helvetica 10 Tf
0.000 g
50.00 690.00 Td
(Item 05 | Qty 2 | Unit 12.50 | Total 25.00) Tj
ET
BT
/Helvetica 10 Tf
0.000 g
50.00 670.00 Td
(Item 06 | Qty 2 | Unit 12.50 | Total 25.00) Tj
ET
BT
/Helvetica 10 Tf
0.000 g
50.00 650.00 Td
(Item 07 | Qty 2 | Unit 12.50 | Total 25.00) Tj
ET
BT
/Helvetica 10 Tf
0.000 g
50.00 630.00 Td
(Item 08 | Qty 2 | Unit 12.50 | Total 25.00) Tj
ET
BT
/Helvetica 10 Tf
0.000 g
50.00 610.00 Td
(Item 09 | Qty 2 | Unit 12.50 | Total 25.00) Tj
ET
BT
/Helvetica 10 Tf
0.000 g
50.00 590.00 Td
(Item 10 | Qty 2 | Unit 12.50 | Total 25.00) Tj
ET
BT
/Helvetica 10 Tf
0.000 g
50.00 570.00 Td
(Item 11 | Qty 2 | Unit 12.50 | Total 25.00) Tj
ET
BT
/Helvetica 10 Tf
0.000 g
50.00 550.00 Td
(Item 12 | Qty 2 | Unit 12.50 | Total 25.00) Tj
ET
BT
/Helvetica 10 Tf
0.000 g
50.00 530.00 Td
(Item 13 | Qty 2 | Unit 12.50 | Total 25.00) Tj
ET
BT
/Helvetica 10 Tf
0.000 g
50.00 510.00 Td
(Item 14 | Qty 2 | Unit 12.50 | Total 25.00) Tj
ET
BT
/Helvetica 10 Tf
0.000 g
50.00 490.00 Td
(Item 15 | Qty 2 | Unit 12.50 | Total 25.00) Tj
ET
BT
/Helvetica 10 Tf
0.000 g
50.00 470.00 Td
(Item 16 | Qty 2 | Unit 12.50 | Total 25.00) Tj
ET
BT
/Helvetica 10 Tf
0.000 g
50.00 450.00 Td
(Item 17 | Qty 2 | Unit 12.50 | Total 25.00) Tj
ET
BT
/Helvetica 10 Tf
0.000 g
50.00 430.00 Td
(Item 18 | Qty 2 | Unit 12.50 | Total 25.00) Tj
ET
BT
/Helvetica 10 Tf
0.000 g
50.00 410.00 Td
(Item 19 | Qty 2 | Unit 12.50 | Total 25.00) Tj
ET
BT
/Helvetica 10 Tf
0.000 g
50.00 390.00 Td
(Item 20 | Qty 2 | Unit 12.50 | Total 25.00) Tj
ET
BT
/Helvetica 10 Tf
0.000 g
50.00 370.00 Td
(TOTAL 500.00 EUR) Tj
ET

endstream
endobj
198 0 obj
<<
/Contents 199 0 R
/MediaBox [0 0 595 842]
/Parent 2 0 R
/Resources <<
/Font 204 0 R
>>
/Type /Page
>>
endobj
199 0 obj
<<
/Length 2056
>>
stream
BT
/Helvetica 10 Tf
0.000 g
50.00 790.00 Td
(Invoice benchmark | Page 0098/0100) Tj
ET
BT
/Helvetica 10 Tf
0.000 g
50.00 770.00 Td
(Item 01 | Qty 2 | Unit 12.50 | Total 25.00) Tj
ET
BT
/Helvetica 10 Tf
0.000 g
50.00 750.00 Td
(Item 02 | Qty 2 | Unit 12.50 | Total 25.00) Tj
ET
BT
/Helvetica 10 Tf
0.000 g
50.00 730.00 Td
(Item 03 | Qty 2 | Unit 12.50 | Total 25.00) Tj
ET
BT
/Helvetica 10 Tf
0.000 g
50.00 710.00 Td
(Item 04 | Qty 2 | Unit 12.50 | Total 25.00) Tj
ET
BT
/Helvetica 10 Tf
0.000 g
50.00 690.00 Td
(Item 05 | Qty 2 | Unit 12.50 | Total 25.00) Tj
ET
BT
/Helvetica 10 Tf
0.000 g
50.00 670.00 Td
(Item 06 | Qty 2 | Unit 12.50 | Total 25.00) Tj
ET
BT
/Helvetica 10 Tf
0.000 g
50.00 650.00 Td
(Item 07 | Qty 2 | Unit 12.50 | Total 25.00) Tj
ET
BT
/Helvetica 10 Tf
0.000 g
50.00 630.00 Td
(Item 08 | Qty 2 | Unit 12.50 | Total 25.00) Tj
ET
BT
/Helvetica 10 Tf
0.000 g
50.00 610.00 Td
(Item 09 | Qty 2 | Unit 12.50 | Total 25.00) Tj
ET
BT
/Helvetica 10 Tf
0.000 g
50.00 590.00 Td
(Item 10 | Qty 2 | Unit 12.50 | Total 25.00) Tj
ET
BT
/Helvetica 10 Tf
0.000 g
50.00 570.00 Td
(Item 11 | Qty 2 | Unit 12.50 | Total 25.00) Tj
ET
BT
/Helvetica 10 Tf
0.000 g
50.00 550.00 Td
(Item 12 | Qty 2 | Unit 12.50 | Total 25.00) Tj
ET
BT
/Helvetica 10 Tf
0.000 g
50.00 530.00 Td
(Item 13 | Qty 2 | Unit 12.50 | Total 25.00) Tj
ET
BT
/Helvetica 10 Tf
0.000 g
50.00 510.00 Td
(Item 14 | Qty 2 | Unit 12.50 | Total 25.00) Tj
ET
BT
/Helvetica 10 Tf
0.000 g
50.00 490.00 Td
(Item 15 | Qty 2 | Unit 12.50 | Total 25.00) Tj
ET
BT
/Helvetica 10 Tf
0.000 g
50.00 470.00 Td
(Item 16 | Qty 2 | Unit 12.50 | Total 25.00) Tj
ET
BT
/Helvetica 10 Tf
0.000 g
50.00 450.00 Td
(Item 17 | Qty 2 | Unit 12.50 | Total 25.00) Tj
ET
BT
/Helvetica 10 Tf
0.000 g
50.00 430.00 Td
(Item 18 | Qty 2 | Unit 12.50 | Total 25.00) Tj
ET
BT
/Helvetica 10 Tf
0.000 g
50.00 410.00 Td
(Item 19 | Qty 2 | Unit 12.50 | Total 25.00) Tj
ET
BT
/Helvetica 10 Tf
0.000 g
50.00 390.00 Td
(Item 20 | Qty 2 | Unit 12.50 | Total 25.00) Tj
ET
BT
/Helvetica 10 Tf
0.000 g
50.00 370.00 Td
(TOTAL 500.00 EUR) Tj
ET

endstream
endobj
200 0 obj
<<
/Contents 201 0 R
/MediaBox [0 0 595 842]
/Parent 2 0 R
/Resources <<
/Font 204 0 R
>>
/Type /Page
>>
endobj
201 0 obj
<<
/Length 2056
>>
stream
BT
/Helvetica 10 Tf
0.000 g
50.00 790.00 Td
(Invoice benchmark | Page 0099/0100) Tj
ET
BT
/Helvetica 10 Tf
0.000 g
50.00 770.00 Td
(Item 01 | Qty 2 | Unit 12.50 | Total 25.00) Tj
ET
BT
/Helvetica 10 Tf
0.000 g
50.00 750.00 Td
(Item 02 | Qty 2 | Unit 12.50 | Total 25.00) Tj
ET
BT
/Helvetica 10 Tf
0.000 g
50.00 730.00 Td
(Item 03 | Qty 2 | Unit 12.50 | Total 25.00) Tj
ET
BT
/Helvetica 10 Tf
0.000 g
50.00 710.00 Td
(Item 04 | Qty 2 | Unit 12.50 | Total 25.00) Tj
ET
BT
/Helvetica 10 Tf
0.000 g
50.00 690.00 Td
(Item 05 | Qty 2 | Unit 12.50 | Total 25.00) Tj
ET
BT
/Helvetica 10 Tf
0.000 g
50.00 670.00 Td
(Item 06 | Qty 2 | Unit 12.50 | Total 25.00) Tj
ET
BT
/Helvetica 10 Tf
0.000 g
50.00 650.00 Td
(Item 07 | Qty 2 | Unit 12.50 | Total 25.00) Tj
ET
BT
/Helvetica 10 Tf
0.000 g
50.00 630.00 Td
(Item 08 | Qty 2 | Unit 12.50 | Total 25.00) Tj
ET
BT
/Helvetica 10 Tf
0.000 g
50.00 610.00 Td
(Item 09 | Qty 2 | Unit 12.50 | Total 25.00) Tj
ET
BT
/Helvetica 10 Tf
0.000 g
50.00 590.00 Td
(Item 10 | Qty 2 | Unit 12.50 | Total 25.00) Tj
ET
BT
/Helvetica 10 Tf
0.000 g
50.00 570.00 Td
(Item 11 | Qty 2 | Unit 12.50 | Total 25.00) Tj
ET
BT
/Helvetica 10 Tf
0.000 g
50.00 550.00 Td
(Item 12 | Qty 2 | Unit 12.50 | Total 25.00) Tj
ET
BT
/Helvetica 10 Tf
0.000 g
50.00 530.00 Td
(Item 13 | Qty 2 | Unit 12.50 | Total 25.00) Tj
ET
BT
/Helvetica 10 Tf
0.000 g
50.00 510.00 Td
(Item 14 | Qty 2 | Unit 12.50 | Total 25.00) Tj
ET
BT
/Helvetica 10 Tf
0.000 g
50.00 490.00 Td
(Item 15 | Qty 2 | Unit 12.50 | Total 25.00) Tj
ET
BT
/Helvetica 10 Tf
0.000 g
50.00 470.00 Td
(Item 16 | Qty 2 | Unit 12.50 | Total 25.00) Tj
ET
BT
/Helvetica 10 Tf
0.000 g
50.00 450.00 Td
(Item 17 | Qty 2 | Unit 12.50 | Total 25.00) Tj
ET
BT
/Helvetica 10 Tf
0.000 g
50.00 430.00 Td
(Item 18 | Qty 2 | Unit 12.50 | Total 25.00) Tj
ET
BT
/Helvetica 10 Tf
0.000 g
50.00 410.00 Td
(Item 19 | Qty 2 | Unit 12.50 | Total 25.00) Tj
ET
BT
/Helvetica 10 Tf
0.000 g
50.00 390.00 Td
(Item 20 | Qty 2 | Unit 12.50 | Total 25.00) Tj
ET
BT
/Helvetica 10 Tf
0.000 g
50.00 370.00 Td
(TOTAL 500.00 EUR) Tj
ET

endstream
endobj
202 0 obj
<<
/Contents 203 0 R
/MediaBox [0 0 595 842]
/Parent 2 0 R
/Resources <<
/Font 204 0 R
>>
/Type /Page
>>
endobj
203 0 obj
<<
/Length 2056
>>
stream
BT
/Helvetica 10 Tf
0.000 g
50.00 790.00 Td
(Invoice benchmark | Page 0100/0100) Tj
ET
BT
/Helvetica 10 Tf
0.000 g
50.00 770.00 Td
(Item 01 | Qty 2 | Unit 12.50 | Total 25.00) Tj
ET
BT
/Helvetica 10 Tf
0.000 g
50.00 750.00 Td
(Item 02 | Qty 2 | Unit 12.50 | Total 25.00) Tj
ET
BT
/Helvetica 10 Tf
0.000 g
50.00 730.00 Td
(Item 03 | Qty 2 | Unit 12.50 | Total 25.00) Tj
ET
BT
/Helvetica 10 Tf
0.000 g
50.00 710.00 Td
(Item 04 | Qty 2 | Unit 12.50 | Total 25.00) Tj
ET
BT
/Helvetica 10 Tf
0.000 g
50.00 690.00 Td
(Item 05 | Qty 2 | Unit 12.50 | Total 25.00) Tj
ET
BT
/Helvetica 10 Tf
0.000 g
50.00 670.00 Td
(Item 06 | Qty 2 | Unit 12.50 | Total 25.00) Tj
ET
BT
/Helvetica 10 Tf
0.000 g
50.00 650.00 Td
(Item 07 | Qty 2 | Unit 12.50 | Total 25.00) Tj
ET
BT
/Helvetica 10 Tf
0.000 g
50.00 630.00 Td
(Item 08 | Qty 2 | Unit 12.50 | Total 25.00) Tj
ET
BT
/Helvetica 10 Tf
0.000 g
50.00 610.00 Td
(Item 09 | Qty 2 | Unit 12.50 | Total 25.00) Tj
ET
BT
/Helvetica 10 Tf
0.000 g
50.00 590.00 Td
(Item 10 | Qty 2 | Unit 12.50 | Total 25.00) Tj
ET
BT
/Helvetica 10 Tf
0.000 g
50.00 570.00 Td
(Item 11 | Qty 2 | Unit 12.50 | Total 25.00) Tj
ET
BT
/Helvetica 10 Tf
0.000 g
50.00 550.00 Td
(Item 12 | Qty 2 | Unit 12.50 | Total 25.00) Tj
ET
BT
/Helvetica 10 Tf
0.000 g
50.00 530.00 Td
(Item 13 | Qty 2 | Unit 12.50 | Total 25.00) Tj
ET
BT
/Helvetica 10 Tf
0.000 g
50.00 510.00 Td
(Item 14 | Qty 2 | Unit 12.50 | Total 25.00) Tj
ET
BT
/Helvetica 10 Tf
0.000 g
50.00 490.00 Td
(Item 15 | Qty 2 | Unit 12.50 | Total 25.00) Tj
ET
BT
/Helvetica 10 Tf
0.000 g
50.00 470.00 Td
(Item 16 | Qty 2 | Unit 12.50 | Total 25.00) Tj
ET
BT
/Helvetica 10 Tf
0.000 g
50.00 450.00 Td
(Item 17 | Qty 2 | Unit 12.50 | Total 25.00) Tj
ET
BT
/Helvetica 10 Tf
0.000 g
50.00 430.00 Td
(Item 18 | Qty 2 | Unit 12.50 | Total 25.00) Tj
ET
BT
/Helvetica 10 Tf
0.000 g
50.00 410.00 Td
(Item 19 | Qty 2 | Unit 12.50 | Total 25.00) Tj
ET
BT
/Helvetica 10 Tf
0.000 g
50.00 390.00 Td
(Item 20 | Qty 2 | Unit 12.50 | Total 25.00) Tj
ET
BT
/Helvetica 10 Tf
0.000 g
50.00 370.00 Td
(TOTAL 500.00 EUR) Tj
ET

endstream
endobj
205 0 obj
<<
/Length 2651
/Subtype /XML
/Type /Metadata
>>
stream
<?xpacket begin="Ôªø" id="W5M0MpCehiHzreSzNTczkc9d"?>
<x:xmpmeta xmlns:x="adobe:ns:meta/" x:xmptk="oxidize-pdf 1.4.0">
  <rdf:RDF xmlns:rdf="http://www.w3.org/1999/02/22-rdf-syntax-ns#">
    <rdf:Description rdf:about=""
        xmlns:pdf="http://ns.adobe.com/pdf/1.3/"
        xmlns:xmp="http://ns.adobe.com/xap/1.0/">
      <xmp:CreatorTool>oxidize_pdf</xmp:CreatorTool>
      <xmp:CreateDate>2026-10-09T10:23:44.605271495+00:00</xmp:CreateDate>
      <xmp:ModifyDate>2026-10-09T10:23:44.608269638+00:00</xmp:ModifyDate>
      <pdf:Producer>oxidize_pdf v5.4.1 (MIT)</pdf:Producer>
    </rdf:Description>
  </rdf:RDF>
</x:xmpmeta>
<?xpacket end="w"?>                                                                                                                                                                                                                                                                                                                                                                                                                                                                                                                                                                                                                                                                                                                                                                                                                                                                                                                                                                                                                                                                                                                                                                                                                                                                                                                                                                                                                                                                                                                                                                                                                                                                                                                                                                                                                                                                                                                                                                                                                                                                                
endstream
endobj
1 0 obj
<<
/Metadata 205 0 R
/Pages 2 0 R
/Type /Catalog
>>
endobj
3 0 obj
<<
/CreationDate (D:20261009102344+00'00)
/Creator (oxidize_pdf)
/ModDate (D:20261009102344+00'00)
/Producer (oxidize_pdf v5.4.1 \(MIT\))
/oxidize-pdf-build (oxpdf-a75c81fe3080e033)
/oxidize-pdf-edition (OpenSource)
/oxidize-pdf-features (0000)
>>
endobj
xref
0 206
0000000000 65535 f 
0000227848 00000 n 
0000000015 00000 n 
0000227915 00000 n 
0000002066 00000 n 
0000002184 00000 n 
0000004292 00000 n 
0000004410 00000 n 
0000006518 00000 n 
0000006636 00000 n 
0000008744 00000 n 
0000008864 00000 n 
0000010973 00000 n 
0000011093 00000 n 
0000013202 00000 n 
0000013322 00000 n 
0000015431 00000 n 
0000015551 00000 n 
0000017660 00000 n 
0000017780 00000 n 
0000019889 00000 n 
0000020009 00000 n 
0000022118 00000 n 
0000022238 00000 n 
0000024347 00000 n 
0000024467 00000 n 
0000026576 00000 n 
0000026696 00000 n 
0000028805 00000 n 
0000028925 00000 n 
0000031034 00000 n 
0000031154 00000 n 
0000033263 00000 n 
0000033383 00000 n 
0000035492 00000 n 
0000035612 00000 n 
0000037721 00000 n 
0000037841 00000 n 
0000039950 00000 n 
0000040070 00000 n 
0000042179 00000 n 
0000042299 00000 n 
0000044408 00000 n 
0000044528 00000 n 
0000046637 00000 n 
0000046757 00000 n 
0000048866 00000 n 
0000048986 00000 n 
0000051095 00000 n 
0000051215 00000 n 
0000053324 00000 n 
0000053444 00000 n 
0000055553 00000 n 
0000055673 00000 n 
0000057782 00000 n 
0000057902 00000 n 
0000060011 00000 n 
0000060131 00000 n 
0000062240 00000 n 
0000062360 00000 n 
0000064469 00000 n 
0000064589 00000 n 
0000066698 00000 n 
0000066818 00000 n 
0000068927 00000 n 
0000069047 00000 n 
0000071156 00000 n 
0000071276 00000 n 
0000073385 00000 n 
0000073505 00000 n 
0000075614 00000 n 
0000075734 00000 n 
0000077843 00000 n 
0000077963 00000 n 
0000080072 00000 n 
0000080192 00000 n 
0000082301 00000 n 
0000082421 00000 n 
0000084530 00000 n 
0000084650 00000 n 
0000086759 00000 n 
0000086879 00000 n 
0000088988 00000 n 
0000089108 00000 n 
0000091217 00000 n 
0000091337 00000 n 
0000093446 00000 n 
0000093566 00000 n 
0000095675 00000 n 
0000095795 00000 n 
0000097904 00000 n 
0000098024 00000 n 
0000100133 00000 n 
0000100253 00000 n 
0000102362 00000 n 
0000102482 00000 n 
0000104591 00000 n 
0000104711 00000 n 
0000106820 00000 n 
0000106940 00000 n 
0000109049 00000 n 
0000109171 00000 n 
0000111281 00000 n 
0000111403 00000 n 
0000113513 00000 n 
0000113635 00000 n 
0000115745 00000 n 
0000115867 00000 n 
0000117977 00000 n 
0000118099 00000 n 
0000120209 00000 n 
0000120331 00000 n 
0000122441 00000 n 
0000122563 00000 n 
0000124673 00000 n 
0000124795 00000 n 
0000126905 00000 n 
0000127027 00000 n 
0000129137 00000 n 
0000129259 00000 n 
0000131369 00000 n 
0000131491 00000 n 
0000133601 00000 n 
0000133723 00000 n 
0000135833 00000 n 
0000135955 00000 n 
0000138065 00000 n 
0000138187 00000 n 
0000140297 00000 n 
0000140419 00000 n 
0000142529 00000 n 
0000142651 00000 n 
0000144761 00000 n 
0000144883 00000 n 
0000146993 00000 n 
0000147115 00000 n 
0000149225 00000 n 
0000149347 00000 n 
0000151457 00000 n 
0000151579 00000 n 
0000153689 00000 n 
0000153811 00000 n 
0000155921 00000 n 
0000156043 00000 n 
0000158153 00000 n 
0000158275 00000 n 
0000160385 00000 n 
0000160507 00000 n 
0000162617 00000 n 
0000162739 00000 n 
0000164849 00000 n 
0000164971 00000 n 
0000167081 00000 n 
0000167203 00000 n 
0000169313 00000 n 
0000169435 00000 n 
0000171545 00000 n 
0000171667 00000 n 
0000173777 00000 n 
0000173899 00000 n 
0000176009 00000 n 
0000176131 00000 n 
0000178241 00000 n 
0000178363 00000 n 
0000180473 00000 n 
0000180595 00000 n 
0000182705 00000 n 
0000182827 00000 n 
0000184937 00000 n 
0000185059 00000 n 
0000187169 00000 n 
0000187291 00000 n 
0000189401 00000 n 
0000189523 00000 n 
0000191633 00000 n 
0000191755 00000 n 
0000193865 00000 n 
0000193987 00000 n 
0000196097 00000 n 
0000196219 00000 n 
0000198329 00000 n 
0000198451 00000 n 
0000200561 00000 n 
0000200683 00000 n 
0000202793 00000 n 
0000202915 00000 n 
0000205025 00000 n 
0000205147 00000 n 
0000207257 00000 n 
0000207379 00000 n 
0000209489 00000 n 
0000209611 00000 n 
0000211721 00000 n 
0000211843 00000 n 
0000213953 00000 n 
0000214075 00000 n 
0000216185 00000 n 
0000216307 00000 n 
0000218417 00000 n 
0000218539 00000 n 
0000220649 00000 n 
0000220771 00000 n 
0000222881 00000 n 
0000223003 00000 n 
0000000817 00000 n 
0000225113 00000 n 
trailer
<<
/Info 3 0 R
/Root 1 0 R
/Size 206
>>
startxref
228178
%%EOF
