## Calidad de Tests (Kripteia)

=== Kripteia Test Quality Report ===
Overall Score: 92 | Tests: 862 | Files: 47

--- Files ---
Path                                                          Tests  Score
--------------------------------------------------------------------------
oxidize-pdf-core/src/text/cmap.rs                                26     92
oxidize-pdf-core/src/text/cmap_tests.rs                          15     96
oxidize-pdf-core/src/text/encoding.rs                            35     85
oxidize-pdf-core/src/text/encoding_cmap.rs                       12     93
oxidize-pdf-core/src/text/extraction.rs                          92     89
oxidize-pdf-core/src/text/extraction_cmap.rs                     10     91
oxidize-pdf-core/src/text/flat_reading_order_tests.rs             8     91
oxidize-pdf-core/src/text/flow.rs                                52     96
oxidize-pdf-core/src/text/font.rs                                31     95
oxidize-pdf-core/src/text/font_ext.rs                             5     96
oxidize-pdf-core/src/text/font_manager.rs                        12     92
oxidize-pdf-core/src/text/fonts/embedding.rs                      8     88
oxidize-pdf-core/src/text/fonts/standard.rs                      15     97
oxidize-pdf-core/src/text/fonts/truetype.rs                      33     88
oxidize-pdf-core/src/text/fonts/truetype_subsetter.rs            48     87
oxidize-pdf-core/src/text/fonts/truetype_tests.rs                15     92
oxidize-pdf-core/src/text/graphics_state_stack.rs                 3     87
oxidize-pdf-core/src/text/header_footer.rs                       10     97
oxidize-pdf-core/src/text/intrinsic_encoding.rs                   6     95
oxidize-pdf-core/src/text/invoice/error.rs                       12     96
oxidize-pdf-core/src/text/invoice/extractor.rs                    5    100
oxidize-pdf-core/src/text/invoice/patterns.rs                     4     98
oxidize-pdf-core/src/text/invoice/types.rs                        7     97
oxidize-pdf-core/src/text/invoice/validators.rs                  14     90
oxidize-pdf-core/src/text/layout.rs                              13     94
oxidize-pdf-core/src/text/list.rs                                26     95
oxidize-pdf-core/src/text/metrics.rs                             55     90
oxidize-pdf-core/src/text/mod.rs                                 37     99
oxidize-pdf-core/src/text/ocr/postprocessor_tests.rs             18     96
oxidize-pdf-core/src/text/ocr/rigorous_tests.rs                  32     93
oxidize-pdf-core/src/text/ocr/tests.rs                           51     92
oxidize-pdf-core/src/text/plaintext/extractor.rs                 14     88
oxidize-pdf-core/src/text/plaintext/types.rs                     10     94
oxidize-pdf-core/src/text/structured/detector.rs                  4     95
oxidize-pdf-core/src/text/structured/keyvalue.rs                 10     88
oxidize-pdf-core/src/text/structured/layout.rs                   10     93
oxidize-pdf-core/src/text/structured/table.rs                    10     92
oxidize-pdf-core/src/text/structured/types.rs                     7     99
oxidize-pdf-core/src/text/table.rs                               21     98
oxidize-pdf-core/src/text/table_detection.rs                      6     97
oxidize-pdf-core/src/text/template.rs                            15     97
oxidize-pdf-core/src/text/tesseract_provider.rs                   4     83
oxidize-pdf-core/src/text/text_block.rs                           5     90
oxidize-pdf-core/src/text/ttf_parser.rs                           4     98
oxidize-pdf-core/src/text/usecmap_resolution_tests.rs            11     97
oxidize-pdf-core/src/text/validation.rs                          16     89
oxidize-pdf-core/src/text/vertical_metrics_tests.rs               5    100

--- Worst Offenders ---
  test_encoding_equality (oxidize-pdf-core/src/text/encoding.rs:933) - Score: 60
    i Test 'test_encoding_equality' has multiple assertions without diagnostic messages
    - Test 'test_encoding_equality' does not call any production code
    - Test 'test_encoding_equality' line 934: assert_eq! with identical arguments: TextEncoding :: StandardEncoding 
    - Test 'test_encoding_equality' line 938: assert_eq! with identical arguments: TextEncoding :: WinAnsiEncoding 
  test_text_align_variants (oxidize-pdf-core/src/text/flow.rs:506) - Score: 60
    i Test 'test_text_align_variants' has multiple assertions without diagnostic messages
    - Test 'test_text_align_variants' does not call any production code
    - Test 'test_text_align_variants' line 507: assert_eq! with identical arguments: TextAlign :: Left 
    - Test 'test_text_align_variants' line 508: assert_eq! with identical arguments: TextAlign :: Right 
    - Test 'test_text_align_variants' line 509: assert_eq! with identical arguments: TextAlign :: Center 
    - Test 'test_text_align_variants' line 510: assert_eq! with identical arguments: TextAlign :: Justified 
  test_glyph_metrics (oxidize-pdf-core/src/text/fonts/truetype.rs:1596) - Score: 60
    - Test 'test_glyph_metrics' does not call any production code
    - Test 'test_glyph_metrics' has no assertions
  test_font_name_parsing (oxidize-pdf-core/src/text/fonts/truetype.rs:1602) - Score: 60
    - Test 'test_font_name_parsing' does not call any production code
    - Test 'test_font_name_parsing' has no assertions
  test_cmap_format_0_parsing (oxidize-pdf-core/src/text/fonts/truetype_tests.rs:261) - Score: 60
    - Test 'test_cmap_format_0_parsing' does not call any production code
    - Test 'test_cmap_format_0_parsing' has no assertions

--- Details ---
oxidize-pdf-core/src/text/cmap.rs:
  test_code_range (line 946) - Score: 100
    i Test 'test_code_range' has multiple assertions without diagnostic messages
  test_identity_cmap (line 959) - Score: 100
    i Test 'test_identity_cmap' asserts against a hardcoded constant instead of a computed expected value
    i Test 'test_identity_cmap' has multiple assertions without diagnostic messages
  test_parse_hex (line 970) - Score: 90
    i Test 'test_parse_hex' has multiple assertions without diagnostic messages
    - Test 'test_parse_hex' does not call any production code
  test_calculate_offset (line 979) - Score: 90
    i Test 'test_calculate_offset' asserts against a hardcoded constant instead of a computed expected value
    i Test 'test_calculate_offset' has multiple assertions without diagnostic messages
    - Test 'test_calculate_offset' does not call any production code
  test_calculate_offset_with_byte_borrow (line 991) - Score: 90
    i Test 'test_calculate_offset_with_byte_borrow' asserts against a hardcoded constant instead of a computed expected value
    i Test 'test_calculate_offset_with_byte_borrow' has multiple assertions without diagnostic messages
    - Test 'test_calculate_offset_with_byte_borrow' does not call any production code
  test_tounicode_builder (line 1003) - Score: 100
    i Test 'test_tounicode_builder' has multiple assertions without diagnostic messages
    i Test 'test_tounicode_builder' uses .unwrap() which silently discards error information
  test_simple_cmap_parsing (line 1018) - Score: 80
    - Test 'test_simple_cmap_parsing' only exercises the happy path — no None, Err, or edge-case inputs
    i Test 'test_simple_cmap_parsing' asserts against a hardcoded constant instead of a computed expected value
    i Test 'test_simple_cmap_parsing' has multiple assertions without diagnostic messages
    i Test 'test_simple_cmap_parsing' uses .unwrap() which silently discards error information
    - Test 'test_simple_cmap_parsing' has low assert-to-setup ratio (15%): 5 asserts vs 29 setup lines
  test_cmap_to_unicode (line 1056) - Score: 100
    i Test 'test_cmap_to_unicode' has multiple assertions without diagnostic messages
  test_bf_range_mapping (line 1070) - Score: 90
    i Test 'test_bf_range_mapping' has multiple assertions without diagnostic messages
    - Test 'test_bf_range_mapping' does not call any production code
  test_one_byte_bfchar_under_two_byte_codespace (line 1090) - Score: 80
    - Test 'test_one_byte_bfchar_under_two_byte_codespace' only exercises the happy path — no None, Err, or edge-case inputs
    i Test 'test_one_byte_bfchar_under_two_byte_codespace' has multiple assertions without diagnostic messages
    i Test 'test_one_byte_bfchar_under_two_byte_codespace' uses .unwrap() which silently discards error information
    - Test 'test_one_byte_bfchar_under_two_byte_codespace' has low assert-to-setup ratio (15%): 4 asserts vs 23 setup lines
  test_multibyte_mapping (line 1121) - Score: 100
    i Test 'test_multibyte_mapping' has multiple assertions without diagnostic messages
    i Test 'test_multibyte_mapping' uses .unwrap() which silently discards error information
  boe_single_line_codespacerange_parses_full_cmap (line 1157) - Score: 90
    - Test 'boe_single_line_codespacerange_parses_full_cmap' only exercises the happy path — no None, Err, or edge-case inputs
    i Test 'boe_single_line_codespacerange_parses_full_cmap' asserts against a hardcoded constant instead of a computed expected value
    i Test 'boe_single_line_codespacerange_parses_full_cmap' has multiple assertions without diagnostic messages
  single_line_beginbfchar_parses (line 1228) - Score: 90
    - Test 'single_line_beginbfchar_parses' only exercises the happy path — no None, Err, or edge-case inputs
    i Test 'single_line_beginbfchar_parses' asserts against a hardcoded constant instead of a computed expected value
    i Test 'single_line_beginbfchar_parses' has multiple assertions without diagnostic messages
  single_line_beginbfrange_parses (line 1242) - Score: 90
    - Test 'single_line_beginbfrange_parses' only exercises the happy path — no None, Err, or edge-case inputs
    i Test 'single_line_beginbfrange_parses' asserts against a hardcoded constant instead of a computed expected value
    i Test 'single_line_beginbfrange_parses' has multiple assertions without diagnostic messages
  bfrange_array_form_increments_src_with_big_endian_carry (line 1262) - Score: 90
    - Test 'bfrange_array_form_increments_src_with_big_endian_carry' only exercises the happy path — no None, Err, or edge-case inputs
    i Test 'bfrange_array_form_increments_src_with_big_endian_carry' asserts against a hardcoded constant instead of a computed expected value
    i Test 'bfrange_array_form_increments_src_with_big_endian_carry' has multiple assertions without diagnostic messages
  increment_be_carries_across_byte_boundary (line 1305) - Score: 90
    i Test 'increment_be_carries_across_byte_boundary' has multiple assertions without diagnostic messages
    - Test 'increment_be_carries_across_byte_boundary' does not call any production code
  mixed_single_line_and_multi_line_directives_parse (line 1323) - Score: 90
    - Test 'mixed_single_line_and_multi_line_directives_parse' only exercises the happy path — no None, Err, or edge-case inputs
    i Test 'mixed_single_line_and_multi_line_directives_parse' asserts against a hardcoded constant instead of a computed expected value
    i Test 'mixed_single_line_and_multi_line_directives_parse' has multiple assertions without diagnostic messages
  bfrange_array_form_with_empty_array_emits_zero_mappings_no_panic (line 1348) - Score: 90
    - Test 'bfrange_array_form_with_empty_array_emits_zero_mappings_no_panic' only exercises the happy path — no None, Err, or edge-case inputs
    i Test 'bfrange_array_form_with_empty_array_emits_zero_mappings_no_panic' asserts against a hardcoded constant instead of a computed expected value
    i Test 'bfrange_array_form_with_empty_array_emits_zero_mappings_no_panic' has multiple assertions without diagnostic messages
  stray_close_delimiters_do_not_hang_tokenizer (line 1376) - Score: 90
    - Test 'stray_close_delimiters_do_not_hang_tokenizer' only exercises the happy path — no None, Err, or edge-case inputs
    i Test 'stray_close_delimiters_do_not_hang_tokenizer' has multiple assertions without diagnostic messages
  usecmap_identity_h_inheritance_provides_fallback (line 1406) - Score: 90
    - Test 'usecmap_identity_h_inheritance_provides_fallback' only exercises the happy path — no None, Err, or edge-case inputs
    i Test 'usecmap_identity_h_inheritance_provides_fallback' has multiple assertions without diagnostic messages
  usecmap_identity_v_inheritance_provides_fallback (line 1438) - Score: 90
    - Test 'usecmap_identity_v_inheritance_provides_fallback' only exercises the happy path — no None, Err, or edge-case inputs
    i Test 'usecmap_identity_v_inheritance_provides_fallback' has multiple assertions without diagnostic messages
  usecmap_non_identity_parent_does_not_enable_identity_fallback (line 1460) - Score: 90
    - Test 'usecmap_non_identity_parent_does_not_enable_identity_fallback' only exercises the happy path — no None, Err, or edge-case inputs
  unterminated_hex_string_does_not_discard_following_mappings (line 1478) - Score: 90
    - Test 'unterminated_hex_string_does_not_discard_following_mappings' only exercises the happy path — no None, Err, or edge-case inputs
    i Test 'unterminated_hex_string_does_not_discard_following_mappings' has multiple assertions without diagnostic messages
  usecmap_external_ucs2_parent_maps_to_ordering (line 1507) - Score: 90
    - Test 'usecmap_external_ucs2_parent_maps_to_ordering' only exercises the happy path — no None, Err, or edge-case inputs
  source_code_for_unicode_resolves_single_and_range_mappings (line 1516) - Score: 100
    i Test 'source_code_for_unicode_resolves_single_and_range_mappings' has multiple assertions without diagnostic messages

oxidize-pdf-core/src/text/cmap_tests.rs:
  test_code_range_basic (line 9) - Score: 100
    i Test 'test_code_range_basic' has multiple assertions without diagnostic messages
  test_code_range_multibyte (line 24) - Score: 100
    i Test 'test_code_range_multibyte' has multiple assertions without diagnostic messages
  test_cmap_identity_h (line 38) - Score: 100
    i Test 'test_cmap_identity_h' asserts against a hardcoded constant instead of a computed expected value
    i Test 'test_cmap_identity_h' has multiple assertions without diagnostic messages
  test_cmap_identity_v (line 51) - Score: 100
    i Test 'test_cmap_identity_v' asserts against a hardcoded constant instead of a computed expected value
    i Test 'test_cmap_identity_v' has multiple assertions without diagnostic messages
  test_tounicode_builder_single_byte (line 62) - Score: 100
    i Test 'test_tounicode_builder_single_byte' has multiple assertions without diagnostic messages
    i Test 'test_tounicode_builder_single_byte' uses .unwrap() which silently discards error information
  test_tounicode_builder_multibyte (line 82) - Score: 100
    i Test 'test_tounicode_builder_multibyte' has multiple assertions without diagnostic messages
    i Test 'test_tounicode_builder_multibyte' uses .unwrap() which silently discards error information
  test_cmap_parse_simple (line 97) - Score: 90
    - Test 'test_cmap_parse_simple' only exercises the happy path — no None, Err, or edge-case inputs
    i Test 'test_cmap_parse_simple' asserts against a hardcoded constant instead of a computed expected value
    i Test 'test_cmap_parse_simple' has multiple assertions without diagnostic messages
    i Test 'test_cmap_parse_simple' uses .unwrap() which silently discards error information
  test_cmap_parse_with_ranges (line 130) - Score: 90
    - Test 'test_cmap_parse_with_ranges' only exercises the happy path — no None, Err, or edge-case inputs
    i Test 'test_cmap_parse_with_ranges' has multiple assertions without diagnostic messages
    i Test 'test_cmap_parse_with_ranges' uses .unwrap() which silently discards error information
  test_cmap_to_unicode_utf16 (line 153) - Score: 100
    i Test 'test_cmap_to_unicode_utf16' has multiple assertions without diagnostic messages
  test_cmap_entry_single (line 171) - Score: 80
    - Test 'test_cmap_entry_single' has a match arm with empty body, ignoring potential error cases
    i Test 'test_cmap_entry_single' has multiple assertions without diagnostic messages
    - Test 'test_cmap_entry_single' does not call any production code
  test_cmap_entry_range (line 187) - Score: 80
    - Test 'test_cmap_entry_range' has a match arm with empty body, ignoring potential error cases
    i Test 'test_cmap_entry_range' has multiple assertions without diagnostic messages
    - Test 'test_cmap_entry_range' does not call any production code
  test_string_to_utf16_be (line 209) - Score: 100
    i Test 'test_string_to_utf16_be' has multiple assertions without diagnostic messages
  test_hex_string (line 224) - Score: 100
    i Test 'test_hex_string' asserts against a hardcoded constant instead of a computed expected value
    i Test 'test_hex_string' has multiple assertions without diagnostic messages
  test_cmap_builder_large_mapping (line 232) - Score: 100
    i Test 'test_cmap_builder_large_mapping' asserts against a hardcoded constant instead of a computed expected value
    i Test 'test_cmap_builder_large_mapping' uses .unwrap() which silently discards error information
  test_cmap_valid_codespace (line 249) - Score: 100
    i Test 'test_cmap_valid_codespace' has multiple assertions without diagnostic messages

oxidize-pdf-core/src/text/encoding.rs:
  winansi_decode_char_is_inverse_of_encode (line 591) - Score: 80
    - Test 'winansi_decode_char_is_inverse_of_encode' has low assert-to-setup ratio (17%): 1 asserts vs 5 setup lines
    - Test 'winansi_decode_char_is_inverse_of_encode' does not call any production code
  winansi_decode_char_specific_points (line 603) - Score: 90
    i Test 'winansi_decode_char_specific_points' has multiple assertions without diagnostic messages
    - Test 'winansi_decode_char_specific_points' does not call any production code
  escape_show_text_literal_bytes_named_escape_parity (line 621) - Score: 90
    - Test 'escape_show_text_literal_bytes_named_escape_parity' has low assert-to-setup ratio (13%): 2 asserts vs 13 setup lines
  escape_show_text_literal_bytes_octal_fallback_three_digits (line 649) - Score: 90
    i Test 'escape_show_text_literal_bytes_octal_fallback_three_digits' has multiple assertions without diagnostic messages
    - Test 'escape_show_text_literal_bytes_octal_fallback_three_digits' does not call any production code
  escape_show_text_literal_bytes_printable_ascii_passthrough (line 660) - Score: 90
    - Test 'escape_show_text_literal_bytes_printable_ascii_passthrough' does not call any production code
  test_text_encoding_variants (line 669) - Score: 75
    i Test 'test_text_encoding_variants' has multiple assertions without diagnostic messages
    - Test 'test_text_encoding_variants' does not call any production code
    - Test 'test_text_encoding_variants' line 678: assert_eq! with identical arguments: * encoding 
  test_standard_encoding_basic_ascii (line 688) - Score: 80
    - Test 'test_standard_encoding_basic_ascii' only exercises the happy path — no None, Err, or edge-case inputs
    - Test 'test_standard_encoding_basic_ascii' has low assert-to-setup ratio (17%): 1 asserts vs 5 setup lines
  test_encode_strict_matches_encode_across_bmp (line 714) - Score: 80
    - Test 'test_encode_strict_matches_encode_across_bmp' has a match arm with empty body, ignoring potential error cases
    - Test 'test_encode_strict_matches_encode_across_bmp' has low assert-to-setup ratio (3%): 1 asserts vs 38 setup lines
  test_win_ansi_encoding_special_chars (line 765) - Score: 90
    - Test 'test_win_ansi_encoding_special_chars' only exercises the happy path — no None, Err, or edge-case inputs
    i Test 'test_win_ansi_encoding_special_chars' asserts against a hardcoded constant instead of a computed expected value
    i Test 'test_win_ansi_encoding_special_chars' has multiple assertions without diagnostic messages
  test_mac_roman_encoding_special_chars (line 783) - Score: 90
    - Test 'test_mac_roman_encoding_special_chars' only exercises the happy path — no None, Err, or edge-case inputs
    i Test 'test_mac_roman_encoding_special_chars' asserts against a hardcoded constant instead of a computed expected value
  test_pdf_doc_encoding (line 807) - Score: 80
    - Test 'test_pdf_doc_encoding' only exercises the happy path — no None, Err, or edge-case inputs
    - Test 'test_pdf_doc_encoding' has low assert-to-setup ratio (14%): 1 asserts vs 6 setup lines
  test_pdf_doc_encoding_basic_ascii (line 818) - Score: 80
    - Test 'test_pdf_doc_encoding_basic_ascii' only exercises the happy path — no None, Err, or edge-case inputs
    - Test 'test_pdf_doc_encoding_basic_ascii' has low assert-to-setup ratio (14%): 1 asserts vs 6 setup lines
  test_mac_roman_encoding_basic_ascii (line 829) - Score: 80
    - Test 'test_mac_roman_encoding_basic_ascii' only exercises the happy path — no None, Err, or edge-case inputs
    - Test 'test_mac_roman_encoding_basic_ascii' has low assert-to-setup ratio (14%): 1 asserts vs 6 setup lines
  test_win_ansi_encoding_basic_ascii (line 840) - Score: 80
    - Test 'test_win_ansi_encoding_basic_ascii' only exercises the happy path — no None, Err, or edge-case inputs
    - Test 'test_win_ansi_encoding_basic_ascii' has low assert-to-setup ratio (14%): 1 asserts vs 6 setup lines
  test_win_ansi_encoding_special_characters (line 851) - Score: 90
    - Test 'test_win_ansi_encoding_special_characters' only exercises the happy path — no None, Err, or edge-case inputs
    i Test 'test_win_ansi_encoding_special_characters' has multiple assertions without diagnostic messages
  test_win_ansi_encoding_latin_supplement (line 877) - Score: 80
    - Test 'test_win_ansi_encoding_latin_supplement' only exercises the happy path — no None, Err, or edge-case inputs
    - Test 'test_win_ansi_encoding_latin_supplement' has low assert-to-setup ratio (14%): 1 asserts vs 6 setup lines
  test_win_ansi_encoding_unmapped_character (line 888) - Score: 90
    - Test 'test_win_ansi_encoding_unmapped_character' only exercises the happy path — no None, Err, or edge-case inputs
    i Test 'test_win_ansi_encoding_unmapped_character' asserts against a hardcoded constant instead of a computed expected value
  test_win_ansi_encoding_round_trip_special_chars (line 901) - Score: 90
    - Test 'test_win_ansi_encoding_round_trip_special_chars' has low assert-to-setup ratio (8%): 2 asserts vs 23 setup lines
  test_encoding_equality (line 933) - Score: 60
    i Test 'test_encoding_equality' has multiple assertions without diagnostic messages
    - Test 'test_encoding_equality' does not call any production code
    - Test 'test_encoding_equality' line 934: assert_eq! with identical arguments: TextEncoding :: StandardEncoding 
    - Test 'test_encoding_equality' line 938: assert_eq! with identical arguments: TextEncoding :: WinAnsiEncoding 
  test_encoding_debug (line 948) - Score: 90
    i Test 'test_encoding_debug' asserts against a hardcoded constant instead of a computed expected value
    - Test 'test_encoding_debug' does not call any production code
  test_encoding_clone (line 955) - Score: 90
    - Test 'test_encoding_clone' does not call any production code
  test_encoding_copy (line 962) - Score: 90
    i Test 'test_encoding_copy' has multiple assertions without diagnostic messages
    - Test 'test_encoding_copy' does not call any production code
  test_empty_string_encoding (line 973) - Score: 100
    i Test 'test_empty_string_encoding' has multiple assertions without diagnostic messages
  test_win_ansi_decode_undefined_bytes (line 989) - Score: 90
    i Test 'test_win_ansi_decode_undefined_bytes' asserts against a hardcoded constant instead of a computed expected value
    - Test 'test_win_ansi_decode_undefined_bytes' has low assert-to-setup ratio (12%): 1 asserts vs 7 setup lines
  test_win_ansi_ascii_range (line 1005) - Score: 100
    i Test 'test_win_ansi_ascii_range' has multiple assertions without diagnostic messages
  test_win_ansi_latin1_overlap (line 1021) - Score: 80
    - Test 'test_win_ansi_latin1_overlap' only exercises the happy path — no None, Err, or edge-case inputs
    - Test 'test_win_ansi_latin1_overlap' has low assert-to-setup ratio (11%): 1 asserts vs 8 setup lines
  test_mac_roman_encode_special_characters (line 1034) - Score: 90
    - Test 'test_mac_roman_encode_special_characters' has low assert-to-setup ratio (2%): 1 asserts vs 40 setup lines
  test_mac_roman_encode_symbols (line 1085) - Score: 90
    - Test 'test_mac_roman_encode_symbols' has low assert-to-setup ratio (4%): 1 asserts vs 23 setup lines
  test_mac_roman_decode_extended_range (line 1114) - Score: 80
    - Test 'test_mac_roman_decode_extended_range' has identical neighborhood to 'test_mac_roman_decode_final_range'
    - Test 'test_mac_roman_decode_extended_range' has low assert-to-setup ratio (2%): 1 asserts vs 40 setup lines
  test_mac_roman_decode_high_range (line 1164) - Score: 80
    - Test 'test_mac_roman_decode_high_range' has identical neighborhood to 'test_mac_roman_decode_extended_range'
    - Test 'test_mac_roman_decode_high_range' has low assert-to-setup ratio (2%): 1 asserts vs 39 setup lines
  test_mac_roman_decode_final_range (line 1213) - Score: 80
    - Test 'test_mac_roman_decode_final_range' has identical neighborhood to 'test_mac_roman_decode_extended_range'
    - Test 'test_mac_roman_decode_final_range' has low assert-to-setup ratio (4%): 1 asserts vs 23 setup lines
  test_mac_roman_unmapped_character (line 1246) - Score: 80
    - Test 'test_mac_roman_unmapped_character' only exercises the happy path — no None, Err, or edge-case inputs
    - Test 'test_mac_roman_unmapped_character' has low assert-to-setup ratio (17%): 1 asserts vs 5 setup lines
  test_win_ansi_encode_all_special_mappings (line 1256) - Score: 90
    - Test 'test_win_ansi_encode_all_special_mappings' has low assert-to-setup ratio (5%): 1 asserts vs 18 setup lines
  test_long_text_encoding_roundtrip (line 1285) - Score: 80
    - Test 'test_long_text_encoding_roundtrip' only exercises the happy path — no None, Err, or edge-case inputs
    - Test 'test_long_text_encoding_roundtrip' has low assert-to-setup ratio (8%): 1 asserts vs 12 setup lines
  test_win_ansi_decode_all_special_bytes (line 1303) - Score: 90
    - Test 'test_win_ansi_decode_all_special_bytes' has low assert-to-setup ratio (3%): 1 asserts vs 35 setup lines

oxidize-pdf-core/src/text/encoding_cmap.rs:
  cidchar_and_cidrange_map_to_cids (line 369) - Score: 90
    - Test 'cidchar_and_cidrange_map_to_cids' only exercises the happy path — no None, Err, or edge-case inputs
    i Test 'cidchar_and_cidrange_map_to_cids' has multiple assertions without diagnostic messages
  gbk_codespace_yields_mixed_widths (line 400) - Score: 90
    i Test 'gbk_codespace_yields_mixed_widths' asserts against a hardcoded constant instead of a computed expected value
    i Test 'gbk_codespace_yields_mixed_widths' has multiple assertions without diagnostic messages
    - Test 'gbk_codespace_yields_mixed_widths' has low assert-to-setup ratio (18%): 3 asserts vs 14 setup lines
  parse_reads_codespace_and_usecmap_parent (line 425) - Score: 90
    - Test 'parse_reads_codespace_and_usecmap_parent' only exercises the happy path — no None, Err, or edge-case inputs
    i Test 'parse_reads_codespace_and_usecmap_parent' asserts against a hardcoded constant instead of a computed expected value
    i Test 'parse_reads_codespace_and_usecmap_parent' has multiple assertions without diagnostic messages
  parse_retains_vertical_writing_mode (line 436) - Score: 100
    i Test 'parse_retains_vertical_writing_mode' asserts against a hardcoded constant instead of a computed expected value
  single_cid_takes_precedence_over_overlapping_range (line 445) - Score: 90
    - Test 'single_cid_takes_precedence_over_overlapping_range' only exercises the happy path — no None, Err, or edge-case inputs
    i Test 'single_cid_takes_precedence_over_overlapping_range' has multiple assertions without diagnostic messages
  notdefrange_maps_to_notdef_cid (line 466) - Score: 90
    - Test 'notdefrange_maps_to_notdef_cid' only exercises the happy path — no None, Err, or edge-case inputs
    i Test 'notdefrange_maps_to_notdef_cid' has multiple assertions without diagnostic messages
  notdefchar_maps_to_notdef_cid (line 477) - Score: 90
    - Test 'notdefchar_maps_to_notdef_cid' only exercises the happy path — no None, Err, or edge-case inputs
    i Test 'notdefchar_maps_to_notdef_cid' has multiple assertions without diagnostic messages
  utf16be_decodes_bmp_and_surrogates (line 488) - Score: 90
    i Test 'utf16be_decodes_bmp_and_surrogates' asserts against a hardcoded constant instead of a computed expected value
    - Test 'utf16be_decodes_bmp_and_surrogates' does not call any production code
  utf16be_drops_trailing_odd_byte (line 495) - Score: 90
    i Test 'utf16be_drops_trailing_odd_byte' asserts against a hardcoded constant instead of a computed expected value
    - Test 'utf16be_drops_trailing_odd_byte' does not call any production code
  predefined_uni_families_resolve_to_collection_cmaps (line 502) - Score: 100
    i Test 'predefined_uni_families_resolve_to_collection_cmaps' has multiple assertions without diagnostic messages
  gbk_euc_h_loads_and_maps_ascii_and_cjk (line 523) - Score: 100
    i Test 'gbk_euc_h_loads_and_maps_ascii_and_cjk' asserts against a hardcoded constant instead of a computed expected value
    i Test 'gbk_euc_h_loads_and_maps_ascii_and_cjk' has multiple assertions without diagnostic messages
  adversarial_input_terminates_without_hang (line 542) - Score: 90
    - Test 'adversarial_input_terminates_without_hang' has low assert-to-setup ratio (11%): 1 asserts vs 8 setup lines

oxidize-pdf-core/src/text/extraction.rs:
  pen_delta_identity_matrix_returns_raw_deltas (line 5062) - Score: 90
    - Test 'pen_delta_identity_matrix_returns_raw_deltas' does not call any production code
  pen_delta_rotation_recovers_text_space_advance (line 5069) - Score: 100
    i Test 'pen_delta_rotation_recovers_text_space_advance' has multiple assertions without diagnostic messages
  pen_delta_mirrored_baseline_measures_advance_direction (line 5083) - Score: 100
    i Test 'pen_delta_mirrored_baseline_measures_advance_direction' asserts against a hardcoded constant instead of a computed expected value
  pen_delta_degenerate_matrix_falls_back_to_raw_deltas (line 5094) - Score: 90
    i Test 'pen_delta_degenerate_matrix_falls_back_to_raw_deltas' has multiple assertions without diagnostic messages
    - Test 'pen_delta_degenerate_matrix_falls_back_to_raw_deltas' does not call any production code
  flat_space_threshold_uses_unscaled_fallback_for_tiny_baseline (line 5105) - Score: 90
    - Test 'flat_space_threshold_uses_unscaled_fallback_for_tiny_baseline' has low assert-to-setup ratio (17%): 1 asserts vs 5 setup lines
  test_append_bounded_no_limit_always_appends (line 5120) - Score: 80
    - Test 'test_append_bounded_no_limit_always_appends' only exercises the happy path — no None, Err, or edge-case inputs
    i Test 'test_append_bounded_no_limit_always_appends' asserts against a hardcoded constant instead of a computed expected value
    - Test 'test_append_bounded_no_limit_always_appends' does not call any production code
  test_append_bounded_undershoot_counts_separator (line 5130) - Score: 80
    - Test 'test_append_bounded_undershoot_counts_separator' only exercises the happy path — no None, Err, or edge-case inputs
    i Test 'test_append_bounded_undershoot_counts_separator' asserts against a hardcoded constant instead of a computed expected value
    - Test 'test_append_bounded_undershoot_counts_separator' does not call any production code
  test_append_bounded_zero_limit_truncates_immediately (line 5147) - Score: 80
    - Test 'test_append_bounded_zero_limit_truncates_immediately' only exercises the happy path — no None, Err, or edge-case inputs
    - Test 'test_append_bounded_zero_limit_truncates_immediately' does not call any production code
  test_append_bounded_is_noop_once_truncated (line 5156) - Score: 80
    - Test 'test_append_bounded_is_noop_once_truncated' only exercises the happy path — no None, Err, or edge-case inputs
    i Test 'test_append_bounded_is_noop_once_truncated' asserts against a hardcoded constant instead of a computed expected value
    - Test 'test_append_bounded_is_noop_once_truncated' does not call any production code
  test_append_bounded_fuses_hyphen_wrap_when_enabled (line 5166) - Score: 90
    i Test 'test_append_bounded_fuses_hyphen_wrap_when_enabled' asserts against a hardcoded constant instead of a computed expected value
    - Test 'test_append_bounded_fuses_hyphen_wrap_when_enabled' does not call any production code
  test_append_bounded_fuses_hyphen_wrap_with_trailing_horizontal_whitespace (line 5181) - Score: 90
    i Test 'test_append_bounded_fuses_hyphen_wrap_with_trailing_horizontal_whitespace' asserts against a hardcoded constant instead of a computed expected value
    - Test 'test_append_bounded_fuses_hyphen_wrap_with_trailing_horizontal_whitespace' does not call any production code
  test_append_bounded_preserves_trailing_horizontal_whitespace_without_hyphen (line 5194) - Score: 90
    i Test 'test_append_bounded_preserves_trailing_horizontal_whitespace_without_hyphen' asserts against a hardcoded constant instead of a computed expected value
    - Test 'test_append_bounded_preserves_trailing_horizontal_whitespace_without_hyphen' does not call any production code
  test_append_bounded_fusion_with_trailing_whitespace_respects_budget (line 5204) - Score: 80
    - Test 'test_append_bounded_fusion_with_trailing_whitespace_respects_budget' only exercises the happy path — no None, Err, or edge-case inputs
    i Test 'test_append_bounded_fusion_with_trailing_whitespace_respects_budget' asserts against a hardcoded constant instead of a computed expected value
    - Test 'test_append_bounded_fusion_with_trailing_whitespace_respects_budget' does not call any production code
  test_append_bounded_no_fusion_without_a_trailing_hyphen (line 5216) - Score: 90
    i Test 'test_append_bounded_no_fusion_without_a_trailing_hyphen' asserts against a hardcoded constant instead of a computed expected value
    - Test 'test_append_bounded_no_fusion_without_a_trailing_hyphen' does not call any production code
  test_append_bounded_does_not_fuse_when_merge_hyphenated_disabled (line 5230) - Score: 90
    i Test 'test_append_bounded_does_not_fuse_when_merge_hyphenated_disabled' asserts against a hardcoded constant instead of a computed expected value
    - Test 'test_append_bounded_does_not_fuse_when_merge_hyphenated_disabled' does not call any production code
  test_append_bounded_does_not_fuse_a_space_separator (line 5240) - Score: 90
    i Test 'test_append_bounded_does_not_fuse_a_space_separator' asserts against a hardcoded constant instead of a computed expected value
    - Test 'test_append_bounded_does_not_fuse_a_space_separator' does not call any production code
  test_append_bounded_hyphen_fusion_respects_budget (line 5252) - Score: 80
    - Test 'test_append_bounded_hyphen_fusion_respects_budget' only exercises the happy path — no None, Err, or edge-case inputs
    i Test 'test_append_bounded_hyphen_fusion_respects_budget' asserts against a hardcoded constant instead of a computed expected value
    - Test 'test_append_bounded_hyphen_fusion_respects_budget' does not call any production code
  test_clamp_to_budget_no_limit_or_fits_is_noop (line 5273) - Score: 90
    i Test 'test_clamp_to_budget_no_limit_or_fits_is_noop' asserts against a hardcoded constant instead of a computed expected value
    - Test 'test_clamp_to_budget_no_limit_or_fits_is_noop' does not call any production code
  test_clamp_to_budget_cuts_and_flags (line 5287) - Score: 80
    - Test 'test_clamp_to_budget_cuts_and_flags' only exercises the happy path — no None, Err, or edge-case inputs
    i Test 'test_clamp_to_budget_cuts_and_flags' asserts against a hardcoded constant instead of a computed expected value
    - Test 'test_clamp_to_budget_cuts_and_flags' does not call any production code
  test_clamp_to_budget_never_splits_utf8 (line 5296) - Score: 80
    - Test 'test_clamp_to_budget_never_splits_utf8' only exercises the happy path — no None, Err, or edge-case inputs
    i Test 'test_clamp_to_budget_never_splits_utf8' asserts against a hardcoded constant instead of a computed expected value
    - Test 'test_clamp_to_budget_never_splits_utf8' does not call any production code
  test_matrix_multiplication (line 5308) - Score: 80
    - Setup helper 'multiply_matrix' is duplicated in 1 other file(s)
    i Test 'test_matrix_multiplication' has multiple assertions without diagnostic messages
    - Test 'test_matrix_multiplication' does not call any production code
  test_transform_point (line 5320) - Score: 80
    - Setup helper 'transform_point' is duplicated in 1 other file(s)
    i Test 'test_transform_point' asserts against a hardcoded constant instead of a computed expected value
    i Test 'test_transform_point' has multiple assertions without diagnostic messages
    - Test 'test_transform_point' does not call any production code
  test_extraction_options_default (line 5328) - Score: 90
    i Test 'test_extraction_options_default' asserts against a hardcoded constant instead of a computed expected value
    i Test 'test_extraction_options_default' has multiple assertions without diagnostic messages
    - Test 'test_extraction_options_default' does not call any production code
  test_extraction_options_custom (line 5344) - Score: 90
    i Test 'test_extraction_options_custom' asserts against a hardcoded constant instead of a computed expected value
    i Test 'test_extraction_options_custom' has multiple assertions without diagnostic messages
    - Test 'test_extraction_options_custom' does not call any production code
  test_parse_font_style_bold (line 5371) - Score: 90
    i Test 'test_parse_font_style_bold' has multiple assertions without diagnostic messages
    - Test 'test_parse_font_style_bold' does not call any production code
  test_parse_font_style_italic (line 5385) - Score: 90
    i Test 'test_parse_font_style_italic' has multiple assertions without diagnostic messages
    - Test 'test_parse_font_style_italic' does not call any production code
  test_parse_font_style_bold_italic (line 5399) - Score: 90
    i Test 'test_parse_font_style_bold_italic' has multiple assertions without diagnostic messages
    - Test 'test_parse_font_style_bold_italic' does not call any production code
  test_parse_font_style_regular (line 5406) - Score: 90
    i Test 'test_parse_font_style_regular' has multiple assertions without diagnostic messages
    - Test 'test_parse_font_style_regular' does not call any production code
  test_parse_font_style_edge_cases (line 5414) - Score: 90
    i Test 'test_parse_font_style_edge_cases' has multiple assertions without diagnostic messages
    - Test 'test_parse_font_style_edge_cases' does not call any production code
  test_text_fragment (line 5425) - Score: 90
    i Test 'test_text_fragment' asserts against a hardcoded constant instead of a computed expected value
    - Test 'test_text_fragment' does not call any production code
  test_extracted_text (line 5451) - Score: 80
    i Test 'test_extracted_text' asserts against a hardcoded constant instead of a computed expected value
    - Test 'test_extracted_text' has low assert-to-setup ratio (9%): 4 asserts vs 41 setup lines
    - Test 'test_extracted_text' does not call any production code
  test_text_state_default (line 5500) - Score: 100
    i Test 'test_text_state_default' asserts against a hardcoded constant instead of a computed expected value
    i Test 'test_text_state_default' has multiple assertions without diagnostic messages
  test_matrix_operations (line 5516) - Score: 90
    i Test 'test_matrix_operations' asserts against a hardcoded constant instead of a computed expected value
    i Test 'test_matrix_operations' has multiple assertions without diagnostic messages
    - Test 'test_matrix_operations' does not call any production code
  test_text_extractor_new (line 5537) - Score: 90
    i Test 'test_text_extractor_new' asserts against a hardcoded constant instead of a computed expected value
    i Test 'test_text_extractor_new' has multiple assertions without diagnostic messages
    - Test 'test_text_extractor_new' does not call any production code
  test_text_extractor_with_options (line 5550) - Score: 100
    i Test 'test_text_extractor_with_options' has multiple assertions without diagnostic messages
  test_calculate_text_width_with_no_font_info (line 5584) - Score: 90
    i Test 'test_calculate_text_width_with_no_font_info' asserts against a hardcoded constant instead of a computed expected value
    - Test 'test_calculate_text_width_with_no_font_info' does not call any production code
  test_calculate_text_width_with_empty_metrics (line 5596) - Score: 80
    i Test 'test_calculate_text_width_with_empty_metrics' asserts against a hardcoded constant instead of a computed expected value
    - Test 'test_calculate_text_width_with_empty_metrics' has low assert-to-setup ratio (4%): 1 asserts vs 25 setup lines
    - Test 'test_calculate_text_width_with_empty_metrics' does not call any production code
  standard_14_no_widths_uses_effective_encoding_for_pen_advance (line 5629) - Score: 90
    i Test 'standard_14_no_widths_uses_effective_encoding_for_pen_advance' has multiple assertions without diagnostic messages
    - Test 'standard_14_no_widths_uses_effective_encoding_for_pen_advance' has low assert-to-setup ratio (10%): 2 asserts vs 19 setup lines
  test_calculate_text_width_with_complete_metrics (line 5688) - Score: 90
    - Test 'test_calculate_text_width_with_complete_metrics' has low assert-to-setup ratio (5%): 2 asserts vs 42 setup lines
  width_from_codes_uses_char_code_not_decoded_unicode (line 5748) - Score: 90
    i Test 'width_from_codes_uses_char_code_not_decoded_unicode' asserts against a hardcoded constant instead of a computed expected value
    - Test 'width_from_codes_uses_char_code_not_decoded_unicode' has low assert-to-setup ratio (8%): 3 asserts vs 33 setup lines
  test_calculate_text_width_character_outside_range (line 5798) - Score: 80
    - Test 'test_calculate_text_width_character_outside_range' has low assert-to-setup ratio (3%): 1 asserts vs 32 setup lines
    - Test 'test_calculate_text_width_character_outside_range' does not call any production code
  test_calculate_text_width_missing_width_in_array (line 5838) - Score: 80
    i Test 'test_calculate_text_width_missing_width_in_array' asserts against a hardcoded constant instead of a computed expected value
    - Test 'test_calculate_text_width_missing_width_in_array' has low assert-to-setup ratio (3%): 1 asserts vs 32 setup lines
    - Test 'test_calculate_text_width_missing_width_in_array' does not call any production code
  test_calculate_text_width_empty_string (line 5878) - Score: 80
    i Test 'test_calculate_text_width_empty_string' asserts against a hardcoded constant instead of a computed expected value
    - Test 'test_calculate_text_width_empty_string' has low assert-to-setup ratio (8%): 2 asserts vs 22 setup lines
    - Test 'test_calculate_text_width_empty_string' does not call any production code
  test_calculate_text_width_unicode_characters (line 5912) - Score: 80
    i Test 'test_calculate_text_width_unicode_characters' asserts against a hardcoded constant instead of a computed expected value
    - Test 'test_calculate_text_width_unicode_characters' has low assert-to-setup ratio (4%): 1 asserts vs 27 setup lines
    - Test 'test_calculate_text_width_unicode_characters' does not call any production code
  test_calculate_text_width_different_font_sizes (line 5947) - Score: 80
    - Test 'test_calculate_text_width_different_font_sizes' has low assert-to-setup ratio (10%): 3 asserts vs 26 setup lines
    - Test 'test_calculate_text_width_different_font_sizes' does not call any production code
  test_calculate_text_width_proportional_vs_monospace (line 5984) - Score: 80
    - Test 'test_calculate_text_width_proportional_vs_monospace' has low assert-to-setup ratio (2%): 1 asserts vs 48 setup lines
    - Test 'test_calculate_text_width_proportional_vs_monospace' does not call any production code
  test_calculate_text_width_with_kerning (line 6046) - Score: 90
    - Test 'test_calculate_text_width_with_kerning' has low assert-to-setup ratio (9%): 4 asserts vs 40 setup lines
  test_parse_truetype_kern_table_minimal (line 6130) - Score: 90
    i Test 'test_parse_truetype_kern_table_minimal' asserts against a hardcoded constant instead of a computed expected value
    i Test 'test_parse_truetype_kern_table_minimal' has multiple assertions without diagnostic messages
    i Test 'test_parse_truetype_kern_table_minimal' uses .unwrap() which silently discards error information
    - Test 'test_parse_truetype_kern_table_minimal' has low assert-to-setup ratio (8%): 5 asserts vs 57 setup lines
  test_parse_kern_table_no_kern_table (line 6213) - Score: 90
    i Test 'test_parse_kern_table_no_kern_table' has multiple assertions without diagnostic messages
    i Test 'test_parse_kern_table_no_kern_table' uses .unwrap() which silently discards error information
    - Test 'test_parse_kern_table_no_kern_table' has low assert-to-setup ratio (10%): 3 asserts vs 26 setup lines
  merge_into_lines_groups_same_baseline_fragments (line 6274) - Score: 100
    i Test 'merge_into_lines_groups_same_baseline_fragments' asserts against a hardcoded constant instead of a computed expected value
  merge_into_lines_inserts_space_only_when_gap_exceeds_threshold (line 6300) - Score: 90
    i Test 'merge_into_lines_inserts_space_only_when_gap_exceeds_threshold' asserts against a hardcoded constant instead of a computed expected value
    - Test 'merge_into_lines_inserts_space_only_when_gap_exceeds_threshold' has low assert-to-setup ratio (15%): 2 asserts vs 11 setup lines
  standard_14_space_width_maps_base_fonts_and_substitutes (line 6327) - Score: 90
    i Test 'standard_14_space_width_maps_base_fonts_and_substitutes' has multiple assertions without diagnostic messages
    - Test 'standard_14_space_width_maps_base_fonts_and_substitutes' does not call any production code
  merge_into_lines_keeps_emission_order_for_font_switch_overlap (line 6360) - Score: 90
    i Test 'merge_into_lines_keeps_emission_order_for_font_switch_overlap' asserts against a hardcoded constant instead of a computed expected value
    - Test 'merge_into_lines_keeps_emission_order_for_font_switch_overlap' has low assert-to-setup ratio (10%): 2 asserts vs 19 setup lines
  merge_into_lines_keeps_emission_when_run_backfills_covered_span (line 6388) - Score: 90
    i Test 'merge_into_lines_keeps_emission_when_run_backfills_covered_span' asserts against a hardcoded constant instead of a computed expected value
    - Test 'merge_into_lines_keeps_emission_when_run_backfills_covered_span' has low assert-to-setup ratio (5%): 1 asserts vs 19 setup lines
  merge_into_lines_uses_x_order_for_disjoint_backward_jump (line 6415) - Score: 90
    i Test 'merge_into_lines_uses_x_order_for_disjoint_backward_jump' asserts against a hardcoded constant instead of a computed expected value
    - Test 'merge_into_lines_uses_x_order_for_disjoint_backward_jump' has low assert-to-setup ratio (13%): 2 asserts vs 13 setup lines
  merge_into_lines_unioned_bounding_box (line 6437) - Score: 100
    i Test 'merge_into_lines_unioned_bounding_box' asserts against a hardcoded constant instead of a computed expected value
    i Test 'merge_into_lines_unioned_bounding_box' has multiple assertions without diagnostic messages
  assign_row_ids_monotone_y_descending_keeps_zero (line 6456) - Score: 80
    - Test 'assign_row_ids_monotone_y_descending_keeps_zero' has low assert-to-setup ratio (14%): 1 asserts vs 6 setup lines
    - Test 'assign_row_ids_monotone_y_descending_keeps_zero' does not call any production code
  assign_row_ids_increments_on_y_up_jump_above_threshold (line 6467) - Score: 80
    - Test 'assign_row_ids_increments_on_y_up_jump_above_threshold' has low assert-to-setup ratio (11%): 1 asserts vs 8 setup lines
    - Test 'assign_row_ids_increments_on_y_up_jump_above_threshold' does not call any production code
  assign_row_ids_ignores_superscript_within_threshold (line 6480) - Score: 80
    - Test 'assign_row_ids_ignores_superscript_within_threshold' has low assert-to-setup ratio (12%): 1 asserts vs 7 setup lines
    - Test 'assign_row_ids_ignores_superscript_within_threshold' does not call any production code
  assign_row_ids_floor_2pt_for_small_fonts (line 6492) - Score: 80
    - Test 'assign_row_ids_floor_2pt_for_small_fonts' has low assert-to-setup ratio (12%): 1 asserts vs 7 setup lines
    - Test 'assign_row_ids_floor_2pt_for_small_fonts' does not call any production code
  assign_row_ids_empty_slice_returns_empty (line 6504) - Score: 90
    - Test 'assign_row_ids_empty_slice_returns_empty' does not call any production code
  merge_into_lines_splits_two_columns_emitted_sequentially (line 6511) - Score: 100
    i Test 'merge_into_lines_splits_two_columns_emitted_sequentially' asserts against a hardcoded constant instead of a computed expected value
  merge_into_lines_preserves_single_column_continuation (line 6542) - Score: 100
    i Test 'merge_into_lines_preserves_single_column_continuation' asserts against a hardcoded constant instead of a computed expected value
  merge_into_lines_splits_columns_with_uniform_mcid (line 6565) - Score: 100
    i Test 'merge_into_lines_splits_columns_with_uniform_mcid' asserts against a hardcoded constant instead of a computed expected value
  merge_close_fragments_superscript_merges_when_reconstruct_paragraphs (line 6595) - Score: 90
    i Test 'merge_close_fragments_superscript_merges_when_reconstruct_paragraphs' asserts against a hardcoded constant instead of a computed expected value
    i Test 'merge_close_fragments_superscript_merges_when_reconstruct_paragraphs' has multiple assertions without diagnostic messages
    - Test 'merge_close_fragments_superscript_merges_when_reconstruct_paragraphs' has low assert-to-setup ratio (19%): 3 asserts vs 13 setup lines
  merge_close_fragments_superscript_does_not_merge_in_legacy_path (line 6619) - Score: 90
    i Test 'merge_close_fragments_superscript_does_not_merge_in_legacy_path' asserts against a hardcoded constant instead of a computed expected value
    - Test 'merge_close_fragments_superscript_does_not_merge_in_legacy_path' has low assert-to-setup ratio (9%): 1 asserts vs 10 setup lines
  merge_close_fragments_preserves_render_mode_boundaries (line 6638) - Score: 90
    i Test 'merge_close_fragments_preserves_render_mode_boundaries' asserts against a hardcoded constant instead of a computed expected value
    - Test 'merge_close_fragments_preserves_render_mode_boundaries' has low assert-to-setup ratio (9%): 1 asserts vs 10 setup lines
  merge_into_lines_preserves_render_mode_boundaries (line 6653) - Score: 90
    i Test 'merge_into_lines_preserves_render_mode_boundaries' asserts against a hardcoded constant instead of a computed expected value
    - Test 'merge_into_lines_preserves_render_mode_boundaries' has low assert-to-setup ratio (9%): 1 asserts vs 10 setup lines
  merge_into_paragraphs_groups_consecutive_lines (line 6672) - Score: 90
    i Test 'merge_into_paragraphs_groups_consecutive_lines' asserts against a hardcoded constant instead of a computed expected value
    - Test 'merge_into_paragraphs_groups_consecutive_lines' has low assert-to-setup ratio (15%): 2 asserts vs 11 setup lines
  merge_into_paragraphs_splits_on_large_vertical_gap (line 6689) - Score: 100
    i Test 'merge_into_paragraphs_splits_on_large_vertical_gap' asserts against a hardcoded constant instead of a computed expected value
  merge_into_paragraphs_splits_on_font_size_change (line 6711) - Score: 100
    i Test 'merge_into_paragraphs_splits_on_font_size_change' asserts against a hardcoded constant instead of a computed expected value
  merge_into_paragraphs_splits_on_weight_change (line 6738) - Score: 100
    i Test 'merge_into_paragraphs_splits_on_weight_change' asserts against a hardcoded constant instead of a computed expected value
  merge_into_paragraphs_preserves_render_mode_boundaries (line 6754) - Score: 90
    i Test 'merge_into_paragraphs_preserves_render_mode_boundaries' asserts against a hardcoded constant instead of a computed expected value
    - Test 'merge_into_paragraphs_preserves_render_mode_boundaries' has low assert-to-setup ratio (9%): 1 asserts vs 10 setup lines
  hyphen_wrap_fusion_preserves_render_mode_boundaries (line 6773) - Score: 100
    i Test 'hyphen_wrap_fusion_preserves_render_mode_boundaries' asserts against a hardcoded constant instead of a computed expected value
  hyphen_wrap_fusion_drops_trailing_horizontal_whitespace (line 6790) - Score: 90
    i Test 'hyphen_wrap_fusion_drops_trailing_horizontal_whitespace' asserts against a hardcoded constant instead of a computed expected value
    - Test 'hyphen_wrap_fusion_drops_trailing_horizontal_whitespace' has low assert-to-setup ratio (18%): 2 asserts vs 9 setup lines
  reconstruct_text_from_fragments_drops_hyphen_trailing_horizontal_whitespace (line 6805) - Score: 90
    i Test 'reconstruct_text_from_fragments_drops_hyphen_trailing_horizontal_whitespace' asserts against a hardcoded constant instead of a computed expected value
    - Test 'reconstruct_text_from_fragments_drops_hyphen_trailing_horizontal_whitespace' has low assert-to-setup ratio (10%): 1 asserts vs 9 setup lines
  merge_into_paragraphs_tolerates_subpoint_font_size_jitter (line 6821) - Score: 90
    i Test 'merge_into_paragraphs_tolerates_subpoint_font_size_jitter' asserts against a hardcoded constant instead of a computed expected value
    - Test 'merge_into_paragraphs_tolerates_subpoint_font_size_jitter' has low assert-to-setup ratio (18%): 2 asserts vs 9 setup lines
  merge_into_paragraphs_drops_hyphen_when_merge_hyphenated (line 6840) - Score: 90
    i Test 'merge_into_paragraphs_drops_hyphen_when_merge_hyphenated' asserts against a hardcoded constant instead of a computed expected value
    - Test 'merge_into_paragraphs_drops_hyphen_when_merge_hyphenated' has low assert-to-setup ratio (17%): 2 asserts vs 10 setup lines
  merge_into_paragraphs_drops_hyphen_trailing_horizontal_whitespace (line 6859) - Score: 90
    i Test 'merge_into_paragraphs_drops_hyphen_trailing_horizontal_whitespace' asserts against a hardcoded constant instead of a computed expected value
    - Test 'merge_into_paragraphs_drops_hyphen_trailing_horizontal_whitespace' has low assert-to-setup ratio (15%): 2 asserts vs 11 setup lines
  decode_pdf_string_utf16be_bom_decodes_fi_ligature (line 6876) - Score: 90
    i Test 'decode_pdf_string_utf16be_bom_decodes_fi_ligature' asserts against a hardcoded constant instead of a computed expected value
    - Test 'decode_pdf_string_utf16be_bom_decodes_fi_ligature' does not call any production code
  decode_pdf_string_ascii_pdfdocencoding_passthrough (line 6882) - Score: 80
    - Test 'decode_pdf_string_ascii_pdfdocencoding_passthrough' only exercises the happy path — no None, Err, or edge-case inputs
    i Test 'decode_pdf_string_ascii_pdfdocencoding_passthrough' asserts against a hardcoded constant instead of a computed expected value
    - Test 'decode_pdf_string_ascii_pdfdocencoding_passthrough' does not call any production code
  decode_pdf_string_empty_input_returns_empty (line 6888) - Score: 80
    - Test 'decode_pdf_string_empty_input_returns_empty' has identical neighborhood to 'decode_pdf_string_lone_bom_returns_empty'
    i Test 'decode_pdf_string_empty_input_returns_empty' asserts against a hardcoded constant instead of a computed expected value
    - Test 'decode_pdf_string_empty_input_returns_empty' does not call any production code
  decode_pdf_string_lone_bom_returns_empty (line 6893) - Score: 80
    - Test 'decode_pdf_string_lone_bom_returns_empty' has identical neighborhood to 'decode_pdf_string_empty_input_returns_empty'
    i Test 'decode_pdf_string_lone_bom_returns_empty' asserts against a hardcoded constant instead of a computed expected value
    - Test 'decode_pdf_string_lone_bom_returns_empty' does not call any production code
  resolve_props_extracts_integer_mcid (line 6899) - Score: 100
    i Test 'resolve_props_extracts_integer_mcid' has multiple assertions without diagnostic messages
  resolve_props_decodes_utf16be_actualtext (line 6913) - Score: 90
    i Test 'resolve_props_decodes_utf16be_actualtext' has multiple assertions without diagnostic messages
    - Test 'resolve_props_decodes_utf16be_actualtext' has low assert-to-setup ratio (15%): 2 asserts vs 11 setup lines
  resolve_props_negative_mcid_rejected (line 6938) - Score: 90
    - Test 'resolve_props_negative_mcid_rejected' has low assert-to-setup ratio (10%): 1 asserts vs 9 setup lines
  resolve_props_resource_ref_overflow_mcid_rejected (line 6952) - Score: 90
    - Test 'resolve_props_resource_ref_overflow_mcid_rejected' has low assert-to-setup ratio (6%): 1 asserts vs 16 setup lines
  sort_and_merge_fragments_nan_y_does_not_swallow_other_lines (line 6973) - Score: 90
    - Test 'sort_and_merge_fragments_nan_y_does_not_swallow_other_lines' has low assert-to-setup ratio (5%): 1 asserts vs 19 setup lines
  sort_and_merge_fragments_keeps_emission_regions_atomic (line 7002) - Score: 90
    - Test 'sort_and_merge_fragments_keeps_emission_regions_atomic' has low assert-to-setup ratio (6%): 1 asserts vs 16 setup lines
  sort_and_merge_fragments_uses_mcid_as_a_region_boundary (line 7027) - Score: 90
    - Test 'sort_and_merge_fragments_uses_mcid_as_a_region_boundary' has low assert-to-setup ratio (6%): 1 asserts vs 15 setup lines
  column_detection_does_not_join_independent_layout_regions (line 7047) - Score: 90
    - Test 'column_detection_does_not_join_independent_layout_regions' has low assert-to-setup ratio (5%): 1 asserts vs 21 setup lines

oxidize-pdf-core/src/text/extraction_cmap.rs:
  test_glyph_name_to_unicode (line 1989) - Score: 90
    i Test 'test_glyph_name_to_unicode' has multiple assertions without diagnostic messages
    - Test 'test_glyph_name_to_unicode' does not call any production code
  test_decode_with_encoding_differences (line 2076) - Score: 90
    i Test 'test_decode_with_encoding_differences' asserts against a hardcoded constant instead of a computed expected value
    i Test 'test_decode_with_encoding_differences' uses .unwrap() which silently discards error information
    - Test 'test_decode_with_encoding_differences' has low assert-to-setup ratio (8%): 2 asserts vs 22 setup lines
  test_decode_winansi (line 2104) - Score: 90
    i Test 'test_decode_winansi' has multiple assertions without diagnostic messages
    - Test 'test_decode_winansi' does not call any production code
  test_decode_macroman (line 2112) - Score: 90
    i Test 'test_decode_macroman' has multiple assertions without diagnostic messages
    - Test 'test_decode_macroman' does not call any production code
  test_font_info_creation (line 2128) - Score: 90
    i Test 'test_font_info_creation' asserts against a hardcoded constant instead of a computed expected value
    - Test 'test_font_info_creation' does not call any production code
  simple_font_one_byte_tounicode_under_two_byte_codespace_decodes (line 2147) - Score: 90
    i Test 'simple_font_one_byte_tounicode_under_two_byte_codespace_decodes' asserts against a hardcoded constant instead of a computed expected value
    i Test 'simple_font_one_byte_tounicode_under_two_byte_codespace_decodes' uses .unwrap() which silently discards error information
    - Test 'simple_font_one_byte_tounicode_under_two_byte_codespace_decodes' has low assert-to-setup ratio (14%): 3 asserts vs 19 setup lines
  embedded_encoding_cmap_decodes_via_cid_table (line 2184) - Score: 100
    i Test 'embedded_encoding_cmap_decodes_via_cid_table' uses .unwrap() which silently discards error information
  type0_utf16be_encoding_decodes_through_dispatch (line 2232) - Score: 80
    i Test 'type0_utf16be_encoding_decodes_through_dispatch' asserts against a hardcoded constant instead of a computed expected value
    i Test 'type0_utf16be_encoding_decodes_through_dispatch' uses .unwrap() which silently discards error information
    - Test 'type0_utf16be_encoding_decodes_through_dispatch' has low assert-to-setup ratio (8%): 2 asserts vs 24 setup lines
    - Test 'type0_utf16be_encoding_decodes_through_dispatch' does not call any production code
  explicit_bfchar_overrides_usecmap_cid_fallback (line 2262) - Score: 100
    i Test 'explicit_bfchar_overrides_usecmap_cid_fallback' asserts against a hardcoded constant instead of a computed expected value
    i Test 'explicit_bfchar_overrides_usecmap_cid_fallback' uses .unwrap() which silently discards error information
  extract_font_metrics_type3_font_matrix_scaling (line 2285) - Score: 90
    - Test 'extract_font_metrics_type3_font_matrix_scaling' only exercises the happy path — no None, Err, or edge-case inputs
    i Test 'extract_font_metrics_type3_font_matrix_scaling' has multiple assertions without diagnostic messages
    i Test 'extract_font_metrics_type3_font_matrix_scaling' uses .unwrap() which silently discards error information

oxidize-pdf-core/src/text/flat_reading_order_tests.rs:
  two_columns_drawn_right_first_come_out_left_first (line 29) - Score: 90
    - Test 'two_columns_drawn_right_first_come_out_left_first' has low assert-to-setup ratio (12%): 1 asserts vs 7 setup lines
  stacked_sections_drawn_bottom_first_come_out_top_first (line 43) - Score: 90
    - Test 'stacked_sections_drawn_bottom_first_come_out_top_first' has low assert-to-setup ratio (11%): 1 asserts vs 8 setup lines
  output_is_always_a_permutation (line 58) - Score: 90
    - Test 'output_is_always_a_permutation' has low assert-to-setup ratio (8%): 1 asserts vs 12 setup lines
  single_column_in_reading_order_is_the_identity_permutation (line 77) - Score: 90
    - Test 'single_column_in_reading_order_is_the_identity_permutation' has low assert-to-setup ratio (14%): 1 asserts vs 6 setup lines
  horizontal_threshold_degrades_on_both_sides (line 92) - Score: 90
    i Test 'horizontal_threshold_degrades_on_both_sides' has multiple assertions without diagnostic messages
    - Test 'horizontal_threshold_degrades_on_both_sides' has low assert-to-setup ratio (12%): 2 asserts vs 14 setup lines
  vertical_threshold_degrades_on_both_sides (line 123) - Score: 90
    i Test 'vertical_threshold_degrades_on_both_sides' has multiple assertions without diagnostic messages
    - Test 'vertical_threshold_degrades_on_both_sides' has low assert-to-setup ratio (12%): 2 asserts vs 15 setup lines
  adversarial_inputs_do_not_panic (line 154) - Score: 100
    i Test 'adversarial_inputs_do_not_panic' has multiple assertions without diagnostic messages
  inverted_boxes_do_not_recurse_forever (line 218) - Score: 90
    i Test 'inverted_boxes_do_not_recurse_forever' has multiple assertions without diagnostic messages
    - Test 'inverted_boxes_do_not_recurse_forever' has low assert-to-setup ratio (14%): 2 asserts vs 12 setup lines

oxidize-pdf-core/src/text/flow.rs:
  test_text_flow_context_new (line 443) - Score: 90
    i Test 'test_text_flow_context_new' asserts against a hardcoded constant instead of a computed expected value
    i Test 'test_text_flow_context_new' has multiple assertions without diagnostic messages
    - Test 'test_text_flow_context_new' does not call any production code
  test_set_font (line 458) - Score: 100
    i Test 'test_set_font' asserts against a hardcoded constant instead of a computed expected value
    i Test 'test_set_font' has multiple assertions without diagnostic messages
  test_set_line_height (line 468) - Score: 100
    i Test 'test_set_line_height' asserts against a hardcoded constant instead of a computed expected value
  test_at_position (line 486) - Score: 100
    i Test 'test_at_position' asserts against a hardcoded constant instead of a computed expected value
    i Test 'test_at_position' has multiple assertions without diagnostic messages
  test_content_width (line 497) - Score: 100
    i Test 'test_content_width' asserts against a hardcoded constant instead of a computed expected value
  test_text_align_variants (line 506) - Score: 60
    i Test 'test_text_align_variants' has multiple assertions without diagnostic messages
    - Test 'test_text_align_variants' does not call any production code
    - Test 'test_text_align_variants' line 507: assert_eq! with identical arguments: TextAlign :: Left 
    - Test 'test_text_align_variants' line 508: assert_eq! with identical arguments: TextAlign :: Right 
    - Test 'test_text_align_variants' line 509: assert_eq! with identical arguments: TextAlign :: Center 
    - Test 'test_text_align_variants' line 510: assert_eq! with identical arguments: TextAlign :: Justified 
  test_write_wrapped_simple (line 516) - Score: 100
    i Test 'test_write_wrapped_simple' has multiple assertions without diagnostic messages
    i Test 'test_write_wrapped_simple' uses .unwrap() which silently discards error information
  test_write_paragraph (line 530) - Score: 100
    i Test 'test_write_paragraph' uses .unwrap() which silently discards error information
  test_newline (line 542) - Score: 100
    i Test 'test_newline' has multiple assertions without diagnostic messages
  test_cursor_position (line 558) - Score: 100
    i Test 'test_cursor_position' asserts against a hardcoded constant instead of a computed expected value
    i Test 'test_cursor_position' has multiple assertions without diagnostic messages
  test_generate_operations (line 569) - Score: 100
    i Test 'test_generate_operations' uses .unwrap() which silently discards error information
  test_clear_operations (line 581) - Score: 100
    i Test 'test_clear_operations' has multiple assertions without diagnostic messages
    i Test 'test_clear_operations' uses .unwrap() which silently discards error information
  test_page_dimensions (line 593) - Score: 100
    i Test 'test_page_dimensions' asserts against a hardcoded constant instead of a computed expected value
    i Test 'test_page_dimensions' has multiple assertions without diagnostic messages
  test_margins_access (line 603) - Score: 100
    i Test 'test_margins_access' asserts against a hardcoded constant instead of a computed expected value
    i Test 'test_margins_access' has multiple assertions without diagnostic messages
  test_method_chaining (line 615) - Score: 100
    i Test 'test_method_chaining' asserts against a hardcoded constant instead of a computed expected value
    i Test 'test_method_chaining' has multiple assertions without diagnostic messages
  test_text_align_debug (line 635) - Score: 90
    i Test 'test_text_align_debug' asserts against a hardcoded constant instead of a computed expected value
    - Test 'test_text_align_debug' does not call any production code
  test_text_align_clone (line 642) - Score: 90
    - Test 'test_text_align_clone' does not call any production code
  test_text_align_copy (line 649) - Score: 90
    i Test 'test_text_align_copy' has multiple assertions without diagnostic messages
    - Test 'test_text_align_copy' does not call any production code
  test_write_wrapped_with_alignment_right (line 660) - Score: 100
    i Test 'test_write_wrapped_with_alignment_right' has multiple assertions without diagnostic messages
    i Test 'test_write_wrapped_with_alignment_right' uses .unwrap() which silently discards error information
  test_write_wrapped_with_alignment_center (line 675) - Score: 100
    i Test 'test_write_wrapped_with_alignment_center' has multiple assertions without diagnostic messages
    i Test 'test_write_wrapped_with_alignment_center' uses .unwrap() which silently discards error information
  test_write_wrapped_with_alignment_justified (line 688) - Score: 100
    i Test 'test_write_wrapped_with_alignment_justified' has multiple assertions without diagnostic messages
    i Test 'test_write_wrapped_with_alignment_justified' uses .unwrap() which silently discards error information
  test_write_wrapped_empty_text (line 703) - Score: 100
    i Test 'test_write_wrapped_empty_text' uses .unwrap() which silently discards error information
  test_write_wrapped_whitespace_only (line 714) - Score: 100
    i Test 'test_write_wrapped_whitespace_only' uses .unwrap() which silently discards error information
  test_write_wrapped_special_characters (line 726) - Score: 100
    i Test 'test_write_wrapped_special_characters' has multiple assertions without diagnostic messages
    i Test 'test_write_wrapped_special_characters' uses .unwrap() which silently discards error information
  test_write_wrapped_newlines_tabs (line 741) - Score: 100
    i Test 'test_write_wrapped_newlines_tabs' uses .unwrap() which silently discards error information
  test_write_wrapped_very_long_word (line 753) - Score: 100
    i Test 'test_write_wrapped_very_long_word' has multiple assertions without diagnostic messages
    i Test 'test_write_wrapped_very_long_word' uses .unwrap() which silently discards error information
  test_write_wrapped_cursor_movement (line 766) - Score: 100
    i Test 'test_write_wrapped_cursor_movement' has multiple assertions without diagnostic messages
    i Test 'test_write_wrapped_cursor_movement' uses .unwrap() which silently discards error information
  test_write_paragraph_spacing (line 784) - Score: 100
    i Test 'test_write_paragraph_spacing' has multiple assertions without diagnostic messages
    i Test 'test_write_paragraph_spacing' uses .unwrap() which silently discards error information
  test_multiple_newlines (line 804) - Score: 90
    i Test 'test_multiple_newlines' has multiple assertions without diagnostic messages
    - Test 'test_multiple_newlines' has low assert-to-setup ratio (13%): 3 asserts vs 20 setup lines
  test_content_width_different_margins (line 831) - Score: 90
    i Test 'test_content_width_different_margins' asserts against a hardcoded constant instead of a computed expected value
    - Test 'test_content_width_different_margins' has low assert-to-setup ratio (10%): 1 asserts vs 9 setup lines
  test_custom_line_height (line 845) - Score: 90
    - Test 'test_custom_line_height' has low assert-to-setup ratio (9%): 1 asserts vs 10 setup lines
  test_different_fonts (line 860) - Score: 90
    i Test 'test_different_fonts' uses .unwrap() which silently discards error information
    - Test 'test_different_fonts' has low assert-to-setup ratio (11%): 2 asserts vs 16 setup lines
  test_font_size_variations (line 885) - Score: 100
    i Test 'test_font_size_variations' uses .unwrap() which silently discards error information
  test_at_position_edge_cases (line 902) - Score: 100
    i Test 'test_at_position_edge_cases' has multiple assertions without diagnostic messages
  test_write_wrapped_with_narrow_content (line 920) - Score: 90
    i Test 'test_write_wrapped_with_narrow_content' uses .unwrap() which silently discards error information
    - Test 'test_write_wrapped_with_narrow_content' has low assert-to-setup ratio (15%): 2 asserts vs 11 setup lines
  test_justified_text_single_word_line (line 941) - Score: 100
    i Test 'test_justified_text_single_word_line' uses .unwrap() which silently discards error information
  test_justified_text_last_line (line 954) - Score: 100
    i Test 'test_justified_text_last_line' uses .unwrap() which silently discards error information
  test_generate_operations_encoding (line 968) - Score: 100
    i Test 'test_generate_operations_encoding' has multiple assertions without diagnostic messages
    i Test 'test_generate_operations_encoding' uses .unwrap() which silently discards error information
  test_clear_resets_operations_only (line 982) - Score: 100
    i Test 'test_clear_resets_operations_only' asserts against a hardcoded constant instead of a computed expected value
    i Test 'test_clear_resets_operations_only' has multiple assertions without diagnostic messages
    i Test 'test_clear_resets_operations_only' uses .unwrap() which silently discards error information
  test_long_text_wrapping (line 1007) - Score: 90
    - Test 'test_long_text_wrapping' only exercises the happy path — no None, Err, or edge-case inputs
    i Test 'test_long_text_wrapping' uses .unwrap() which silently discards error information
  test_empty_operations_initially (line 1024) - Score: 100
    i Test 'test_empty_operations_initially' asserts against a hardcoded constant instead of a computed expected value
    i Test 'test_empty_operations_initially' has multiple assertions without diagnostic messages
  test_write_paragraph_empty (line 1033) - Score: 100
    i Test 'test_write_paragraph_empty' uses .unwrap() which silently discards error information
  test_extreme_line_height (line 1045) - Score: 100
    i Test 'test_extreme_line_height' has multiple assertions without diagnostic messages
  test_zero_content_width (line 1063) - Score: 90
    i Test 'test_zero_content_width' asserts against a hardcoded constant instead of a computed expected value
    - Test 'test_zero_content_width' has low assert-to-setup ratio (11%): 1 asserts vs 8 setup lines
  test_cursor_x_reset_on_newline (line 1076) - Score: 100
    i Test 'test_cursor_x_reset_on_newline' has multiple assertions without diagnostic messages
  test_available_width_respects_cursor_x (line 1095) - Score: 100
    i Test 'test_available_width_respects_cursor_x' asserts against a hardcoded constant instead of a computed expected value
    i Test 'test_available_width_respects_cursor_x' has multiple assertions without diagnostic messages
  test_available_width_clamps_to_zero (line 1109) - Score: 90
    i Test 'test_available_width_clamps_to_zero' asserts against a hardcoded constant instead of a computed expected value
    - Test 'test_available_width_clamps_to_zero' has low assert-to-setup ratio (14%): 1 asserts vs 6 setup lines
  test_write_wrapped_at_x_limits_available_width (line 1120) - Score: 90
    i Test 'test_write_wrapped_at_x_limits_available_width' uses .unwrap() which silently discards error information
    - Test 'test_write_wrapped_at_x_limits_available_width' has low assert-to-setup ratio (18%): 2 asserts vs 9 setup lines
  test_write_wrapped_respects_cursor_x_offset (line 1142) - Score: 90
    i Test 'test_write_wrapped_respects_cursor_x_offset' uses .unwrap() which silently discards error information
    - Test 'test_write_wrapped_respects_cursor_x_offset' has low assert-to-setup ratio (19%): 3 asserts vs 13 setup lines
  test_text_flow_context_threads_metrics_store (line 1175) - Score: 80
    - Test 'test_text_flow_context_threads_metrics_store' only exercises the happy path — no None, Err, or edge-case inputs
    i Test 'test_text_flow_context_threads_metrics_store' uses .unwrap() which silently discards error information
    - Test 'test_text_flow_context_threads_metrics_store' has low assert-to-setup ratio (17%): 4 asserts vs 20 setup lines
  nan_cursor_position_in_flow_is_sanitised_at_emission (line 1242) - Score: 100
    i Test 'nan_cursor_position_in_flow_is_sanitised_at_emission' has multiple assertions without diagnostic messages
    i Test 'nan_cursor_position_in_flow_is_sanitised_at_emission' uses .unwrap() which silently discards error information

oxidize-pdf-core/src/text/font.rs:
  test_font_pdf_names (line 268) - Score: 100
    i Test 'test_font_pdf_names' asserts against a hardcoded constant instead of a computed expected value
    i Test 'test_font_pdf_names' has multiple assertions without diagnostic messages
  test_font_is_symbolic (line 292) - Score: 100
    i Test 'test_font_is_symbolic' has multiple assertions without diagnostic messages
  test_font_equality (line 303) - Score: 75
    i Test 'test_font_equality' has multiple assertions without diagnostic messages
    - Test 'test_font_equality' does not call any production code
    - Test 'test_font_equality' line 304: assert_eq! with identical arguments: Font :: Helvetica 
  test_font_debug (line 310) - Score: 90
    i Test 'test_font_debug' asserts against a hardcoded constant instead of a computed expected value
    - Test 'test_font_debug' does not call any production code
  test_font_clone (line 317) - Score: 90
    - Test 'test_font_clone' does not call any production code
  test_font_hash (line 324) - Score: 100
    i Test 'test_font_hash' asserts against a hardcoded constant instead of a computed expected value
    i Test 'test_font_hash' has multiple assertions without diagnostic messages
  test_font_family_regular (line 339) - Score: 100
    i Test 'test_font_family_regular' has multiple assertions without diagnostic messages
  test_font_family_bold (line 346) - Score: 100
    i Test 'test_font_family_bold' has multiple assertions without diagnostic messages
  test_font_family_italic (line 353) - Score: 100
    i Test 'test_font_family_italic' has multiple assertions without diagnostic messages
  test_font_family_bold_italic (line 360) - Score: 100
    i Test 'test_font_family_bold_italic' has multiple assertions without diagnostic messages
  test_font_family_equality (line 370) - Score: 75
    i Test 'test_font_family_equality' has multiple assertions without diagnostic messages
    - Test 'test_font_family_equality' does not call any production code
    - Test 'test_font_family_equality' line 371: assert_eq! with identical arguments: FontFamily :: Helvetica 
  test_font_family_debug (line 377) - Score: 90
    i Test 'test_font_family_debug' asserts against a hardcoded constant instead of a computed expected value
    - Test 'test_font_family_debug' does not call any production code
  test_font_family_clone (line 384) - Score: 90
    - Test 'test_font_family_clone' does not call any production code
  test_font_family_copy (line 391) - Score: 90
    i Test 'test_font_family_copy' has multiple assertions without diagnostic messages
    - Test 'test_font_family_copy' does not call any production code
  test_all_helvetica_variants (line 402) - Score: 100
    i Test 'test_all_helvetica_variants' has multiple assertions without diagnostic messages
  test_all_times_variants (line 412) - Score: 100
    i Test 'test_all_times_variants' has multiple assertions without diagnostic messages
  test_all_courier_variants (line 422) - Score: 100
    i Test 'test_all_courier_variants' has multiple assertions without diagnostic messages
  test_font_encoding_pdf_names (line 434) - Score: 100
    i Test 'test_font_encoding_pdf_names' asserts against a hardcoded constant instead of a computed expected value
    i Test 'test_font_encoding_pdf_names' has multiple assertions without diagnostic messages
  test_font_encoding_recommended_for_font (line 452) - Score: 100
    i Test 'test_font_encoding_recommended_for_font' has multiple assertions without diagnostic messages
  test_font_encoding_equality (line 476) - Score: 70
    i Test 'test_font_encoding_equality' has multiple assertions without diagnostic messages
    - Test 'test_font_encoding_equality' line 477: assert_eq! with identical arguments: FontEncoding :: WinAnsiEncoding 
    - Test 'test_font_encoding_equality' line 482: assert_eq! with identical arguments: FontEncoding :: Custom ("Test") 
  test_font_with_encoding_new (line 489) - Score: 90
    i Test 'test_font_with_encoding_new' has multiple assertions without diagnostic messages
    - Test 'test_font_with_encoding_new' does not call any production code
  test_font_with_encoding_with_recommended (line 500) - Score: 100
    i Test 'test_font_with_encoding_with_recommended' has multiple assertions without diagnostic messages
  test_font_with_encoding_with_specific (line 511) - Score: 100
    i Test 'test_font_with_encoding_with_specific' has multiple assertions without diagnostic messages
  test_font_with_encoding_without_encoding (line 519) - Score: 100
    i Test 'test_font_with_encoding_without_encoding' has multiple assertions without diagnostic messages
  test_font_with_encoding_from_font (line 526) - Score: 90
    i Test 'test_font_with_encoding_from_font' has multiple assertions without diagnostic messages
    - Test 'test_font_with_encoding_from_font' does not call any production code
  test_font_convenience_methods (line 533) - Score: 100
    i Test 'test_font_convenience_methods' has multiple assertions without diagnostic messages
  test_font_with_encoding_equality (line 554) - Score: 100
    i Test 'test_font_with_encoding_equality' has multiple assertions without diagnostic messages
  test_font_with_encoding_debug (line 568) - Score: 100
    i Test 'test_font_with_encoding_debug' has multiple assertions without diagnostic messages
  test_font_with_encoding_copy (line 585) - Score: 100
    i Test 'test_font_with_encoding_copy' has multiple assertions without diagnostic messages
  test_custom_encoding (line 596) - Score: 100
    i Test 'test_custom_encoding' asserts against a hardcoded constant instead of a computed expected value
    i Test 'test_custom_encoding' has multiple assertions without diagnostic messages

oxidize-pdf-core/src/text/font_ext.rs:
  test_extended_font_standard (line 158) - Score: 100
    i Test 'test_extended_font_standard' asserts against a hardcoded constant instead of a computed expected value
    i Test 'test_extended_font_standard' has multiple assertions without diagnostic messages
  test_extended_font_custom (line 165) - Score: 90
    i Test 'test_extended_font_custom' asserts against a hardcoded constant instead of a computed expected value
    i Test 'test_extended_font_custom' has multiple assertions without diagnostic messages
    - Test 'test_extended_font_custom' has low assert-to-setup ratio (8%): 2 asserts vs 23 setup lines
  test_extended_font_manager (line 201) - Score: 100
    i Test 'test_extended_font_manager' has multiple assertions without diagnostic messages
    i Test 'test_extended_font_manager' uses .unwrap() which silently discards error information
  test_register_custom_font (line 214) - Score: 90
    i Test 'test_register_custom_font' has multiple assertions without diagnostic messages
    i Test 'test_register_custom_font' uses .unwrap() which silently discards error information
    - Test 'test_register_custom_font' has low assert-to-setup ratio (16%): 4 asserts vs 21 setup lines

oxidize-pdf-core/src/text/font_manager.rs:
  test_font_type (line 938) - Score: 75
    i Test 'test_font_type' has multiple assertions without diagnostic messages
    - Test 'test_font_type' does not call any production code
    - Test 'test_font_type' line 939: assert_eq! with identical arguments: FontType :: Type1 
  test_font_flags (line 944) - Score: 100
    i Test 'test_font_flags' asserts against a hardcoded constant instead of a computed expected value
    i Test 'test_font_flags' has multiple assertions without diagnostic messages
  test_font_descriptor (line 958) - Score: 90
    i Test 'test_font_descriptor' has multiple assertions without diagnostic messages
    - Test 'test_font_descriptor' has low assert-to-setup ratio (11%): 2 asserts vs 17 setup lines
  test_font_metrics (line 987) - Score: 100
    i Test 'test_font_metrics' asserts against a hardcoded constant instead of a computed expected value
    i Test 'test_font_metrics' has multiple assertions without diagnostic messages
  test_encoding_difference (line 999) - Score: 90
    i Test 'test_encoding_difference' asserts against a hardcoded constant instead of a computed expected value
    i Test 'test_encoding_difference' has multiple assertions without diagnostic messages
    - Test 'test_encoding_difference' does not call any production code
  test_custom_font_type1 (line 1009) - Score: 90
    i Test 'test_custom_font_type1' asserts against a hardcoded constant instead of a computed expected value
    - Test 'test_custom_font_type1' has low assert-to-setup ratio (9%): 2 asserts vs 20 setup lines
  test_custom_font_truetype (line 1035) - Score: 90
    i Test 'test_custom_font_truetype' asserts against a hardcoded constant instead of a computed expected value
    - Test 'test_custom_font_truetype' has low assert-to-setup ratio (9%): 2 asserts vs 20 setup lines
  test_font_manager (line 1061) - Score: 100
    i Test 'test_font_manager' asserts against a hardcoded constant instead of a computed expected value
    i Test 'test_font_manager' uses .unwrap() which silently discards error information
  test_detect_font_file_type (line 1075) - Score: 90
    - Test 'test_detect_font_file_type' only exercises the happy path — no None, Err, or edge-case inputs
    i Test 'test_detect_font_file_type' has multiple assertions without diagnostic messages
    i Test 'test_detect_font_file_type' uses .unwrap() which silently discards error information
  test_font_encoding (line 1092) - Score: 100
    i Test 'test_font_encoding' has multiple assertions without diagnostic messages
  test_font_descriptor_optional_fields (line 1104) - Score: 90
    i Test 'test_font_descriptor_optional_fields' has multiple assertions without diagnostic messages
    - Test 'test_font_descriptor_optional_fields' has low assert-to-setup ratio (16%): 3 asserts vs 16 setup lines
  test_font_pdf_dict_generation (line 1127) - Score: 90
    i Test 'test_font_pdf_dict_generation' has multiple assertions without diagnostic messages
    - Test 'test_font_pdf_dict_generation' has low assert-to-setup ratio (16%): 4 asserts vs 21 setup lines

oxidize-pdf-core/src/text/fonts/embedding.rs:
  test_font_embedder_creation (line 786) - Score: 90
    i Test 'test_font_embedder_creation' asserts against a hardcoded constant instead of a computed expected value
    i Test 'test_font_embedder_creation' has multiple assertions without diagnostic messages
    - Test 'test_font_embedder_creation' does not call any production code
  test_embedding_options_default (line 793) - Score: 90
    i Test 'test_embedding_options_default' has multiple assertions without diagnostic messages
    - Test 'test_embedding_options_default' does not call any production code
  test_generate_tounicode_cmap_empty (line 802) - Score: 90
    - Test 'test_generate_tounicode_cmap_empty' has low assert-to-setup ratio (2%): 1 asserts vs 43 setup lines
  test_generate_truetype_dictionary (line 850) - Score: 90
    i Test 'test_generate_truetype_dictionary' asserts against a hardcoded constant instead of a computed expected value
    i Test 'test_generate_truetype_dictionary' uses .unwrap() which silently discards error information
    - Test 'test_generate_truetype_dictionary' has low assert-to-setup ratio (10%): 4 asserts vs 37 setup lines
  test_generate_type0_dictionary (line 903) - Score: 90
    i Test 'test_generate_type0_dictionary' asserts against a hardcoded constant instead of a computed expected value
    i Test 'test_generate_type0_dictionary' uses .unwrap() which silently discards error information
    - Test 'test_generate_type0_dictionary' has low assert-to-setup ratio (10%): 4 asserts vs 37 setup lines
  test_chars_to_glyphs_conversion (line 956) - Score: 80
    - Test 'test_chars_to_glyphs_conversion' has identical neighborhood to 'test_unicode_mappings_creation'
    - Test 'test_chars_to_glyphs_conversion' has low assert-to-setup ratio (10%): 1 asserts vs 9 setup lines
  test_unicode_mappings_creation (line 970) - Score: 80
    - Test 'test_unicode_mappings_creation' has identical neighborhood to 'test_chars_to_glyphs_conversion'
    - Test 'test_unicode_mappings_creation' has low assert-to-setup ratio (11%): 1 asserts vs 8 setup lines
  test_font_descriptor_generation (line 983) - Score: 90
    i Test 'test_font_descriptor_generation' asserts against a hardcoded constant instead of a computed expected value
    i Test 'test_font_descriptor_generation' uses .unwrap() which silently discards error information
    - Test 'test_font_descriptor_generation' has low assert-to-setup ratio (8%): 4 asserts vs 48 setup lines

oxidize-pdf-core/src/text/fonts/standard.rs:
  glyph_name_lookup_covers_non_winansi_and_symbolic_afm_glyphs (line 562) - Score: 100
    i Test 'glyph_name_lookup_covers_non_winansi_and_symbolic_afm_glyphs' has multiple assertions without diagnostic messages
  base_font_resolution_is_exact_and_rejects_lookalikes (line 591) - Score: 100
    i Test 'base_font_resolution_is_exact_and_rejects_lookalikes' has multiple assertions without diagnostic messages
  encoded_width_respects_base_encoding_and_differences (line 619) - Score: 100
    i Test 'encoded_width_respects_base_encoding_and_differences' has multiple assertions without diagnostic messages
  encoded_width_uses_symbolic_builtin_encodings (line 645) - Score: 100
    i Test 'encoded_width_uses_symbolic_builtin_encodings' has multiple assertions without diagnostic messages
  test_winansi_non_ascii_byte_widths_match_afm (line 663) - Score: 100
    i Test 'test_winansi_non_ascii_byte_widths_match_afm' asserts against a hardcoded constant instead of a computed expected value
    i Test 'test_winansi_non_ascii_byte_widths_match_afm' has multiple assertions without diagnostic messages
  test_char_width_unicode_maps_through_winansi (line 677) - Score: 100
    i Test 'test_char_width_unicode_maps_through_winansi' asserts against a hardcoded constant instead of a computed expected value
    i Test 'test_char_width_unicode_maps_through_winansi' has multiple assertions without diagnostic messages
  test_get_string_width_counts_chars_not_utf8_bytes (line 691) - Score: 90
    - Test 'test_get_string_width_counts_chars_not_utf8_bytes' only exercises the happy path — no None, Err, or edge-case inputs
    i Test 'test_get_string_width_counts_chars_not_utf8_bytes' asserts against a hardcoded constant instead of a computed expected value
    i Test 'test_get_string_width_counts_chars_not_utf8_bytes' has multiple assertions without diagnostic messages
  test_helvetica_metrics (line 710) - Score: 100
    i Test 'test_helvetica_metrics' asserts against a hardcoded constant instead of a computed expected value
  test_times_metrics (line 734) - Score: 100
    i Test 'test_times_metrics' asserts against a hardcoded constant instead of a computed expected value
  test_courier_metrics (line 747) - Score: 100
    i Test 'test_courier_metrics' asserts against a hardcoded constant instead of a computed expected value
  test_user_space_conversion (line 762) - Score: 90
    - Test 'test_user_space_conversion' only exercises the happy path — no None, Err, or edge-case inputs
    i Test 'test_user_space_conversion' has multiple assertions without diagnostic messages
  test_get_standard_font_metrics (line 777) - Score: 100
    i Test 'test_get_standard_font_metrics' has multiple assertions without diagnostic messages
  test_font_families (line 791) - Score: 90
    i Test 'test_font_families' asserts against a hardcoded constant instead of a computed expected value
    - Test 'test_font_families' does not call any production code
  test_font_weights (line 799) - Score: 90
    i Test 'test_font_weights' asserts against a hardcoded constant instead of a computed expected value
    i Test 'test_font_weights' has multiple assertions without diagnostic messages
    - Test 'test_font_weights' does not call any production code
  test_italic_flags (line 806) - Score: 90
    i Test 'test_italic_flags' has multiple assertions without diagnostic messages
    - Test 'test_italic_flags' does not call any production code

oxidize-pdf-core/src/text/fonts/truetype.rs:
  test_read_helpers (line 1425) - Score: 100
    i Test 'test_read_helpers' asserts against a hardcoded constant instead of a computed expected value
    i Test 'test_read_helpers' has multiple assertions without diagnostic messages
  test_invalid_font_signatures (line 1438) - Score: 100
    i Test 'test_invalid_font_signatures' has multiple assertions without diagnostic messages
  test_cmap_format_0 (line 1451) - Score: 80
    - Test 'test_cmap_format_0' has a match arm with empty body, ignoring potential error cases
    i Test 'test_cmap_format_0' asserts against a hardcoded constant instead of a computed expected value
    i Test 'test_cmap_format_0' has multiple assertions without diagnostic messages
    i Test 'test_cmap_format_0' uses .unwrap() which silently discards error information
    - Test 'test_cmap_format_0' has low assert-to-setup ratio (3%): 4 asserts vs 130 setup lines
  test_glyph_metrics (line 1596) - Score: 60
    - Test 'test_glyph_metrics' does not call any production code
    - Test 'test_glyph_metrics' has no assertions
  test_font_name_parsing (line 1602) - Score: 60
    - Test 'test_font_name_parsing' does not call any production code
    - Test 'test_font_name_parsing' has no assertions
  test_subset_creation (line 1608) - Score: 90
    i Test 'test_subset_creation' asserts against a hardcoded constant instead of a computed expected value
    - Test 'test_subset_creation' does not call any production code
  test_table_entry_creation (line 1616) - Score: 90
    i Test 'test_table_entry_creation' asserts against a hardcoded constant instead of a computed expected value
    i Test 'test_table_entry_creation' has multiple assertions without diagnostic messages
    - Test 'test_table_entry_creation' does not call any production code
  test_glyph_info_creation (line 1631) - Score: 90
    i Test 'test_glyph_info_creation' asserts against a hardcoded constant instead of a computed expected value
    i Test 'test_glyph_info_creation' has multiple assertions without diagnostic messages
    - Test 'test_glyph_info_creation' does not call any production code
  test_cmap_subtable_creation (line 1646) - Score: 100
    i Test 'test_cmap_subtable_creation' asserts against a hardcoded constant instead of a computed expected value
    i Test 'test_cmap_subtable_creation' has multiple assertions without diagnostic messages
  test_read_u16 (line 1666) - Score: 100
    i Test 'test_read_u16' asserts against a hardcoded constant instead of a computed expected value
    i Test 'test_read_u16' has multiple assertions without diagnostic messages
  test_read_u32 (line 1678) - Score: 100
    i Test 'test_read_u32' asserts against a hardcoded constant instead of a computed expected value
    i Test 'test_read_u32' has multiple assertions without diagnostic messages
  test_read_i16 (line 1690) - Score: 100
    i Test 'test_read_i16' asserts against a hardcoded constant instead of a computed expected value
    i Test 'test_read_i16' has multiple assertions without diagnostic messages
  test_required_tables (line 1703) - Score: 100
    i Test 'test_required_tables' asserts against a hardcoded constant instead of a computed expected value
    i Test 'test_required_tables' has multiple assertions without diagnostic messages
  test_font_with_zero_tables (line 1741) - Score: 90
    - Test 'test_font_with_zero_tables' has low assert-to-setup ratio (14%): 1 asserts vs 6 setup lines
  test_get_table_not_found (line 1752) - Score: 90
    - Test 'test_get_table_not_found' has low assert-to-setup ratio (9%): 1 asserts vs 10 setup lines
  test_get_table_found (line 1767) - Score: 90
    i Test 'test_get_table_found' asserts against a hardcoded constant instead of a computed expected value
    i Test 'test_get_table_found' has multiple assertions without diagnostic messages
    - Test 'test_get_table_found' has low assert-to-setup ratio (9%): 2 asserts vs 21 setup lines
  test_parse_head_table_too_small (line 1794) - Score: 70
    - Test 'test_parse_head_table_too_small' has identical neighborhood to 'test_parse_maxp_table_too_small'
    - Test 'test_parse_head_table_too_small' has low assert-to-setup ratio (9%): 1 asserts vs 10 setup lines
    - Test 'test_parse_head_table_too_small' does not call any production code
  test_parse_maxp_table_too_small (line 1809) - Score: 70
    - Test 'test_parse_maxp_table_too_small' has identical neighborhood to 'test_parse_head_table_too_small'
    i Test 'test_parse_maxp_table_too_small' asserts against a hardcoded constant instead of a computed expected value
    - Test 'test_parse_maxp_table_too_small' has low assert-to-setup ratio (9%): 1 asserts vs 10 setup lines
    - Test 'test_parse_maxp_table_too_small' does not call any production code
  test_parse_loca_short_format (line 1824) - Score: 80
    i Test 'test_parse_loca_short_format' asserts against a hardcoded constant instead of a computed expected value
    i Test 'test_parse_loca_short_format' has multiple assertions without diagnostic messages
    - Test 'test_parse_loca_short_format' has low assert-to-setup ratio (10%): 2 asserts vs 18 setup lines
    - Test 'test_parse_loca_short_format' does not call any production code
  test_parse_loca_long_format (line 1848) - Score: 80
    i Test 'test_parse_loca_long_format' asserts against a hardcoded constant instead of a computed expected value
    i Test 'test_parse_loca_long_format' has multiple assertions without diagnostic messages
    - Test 'test_parse_loca_long_format' has low assert-to-setup ratio (9%): 2 asserts vs 20 setup lines
    - Test 'test_parse_loca_long_format' does not call any production code
  test_get_glyph_data (line 1874) - Score: 90
    i Test 'test_get_glyph_data' asserts against a hardcoded constant instead of a computed expected value
    i Test 'test_get_glyph_data' has multiple assertions without diagnostic messages
    - Test 'test_get_glyph_data' has low assert-to-setup ratio (7%): 2 asserts vs 26 setup lines
  test_subset_font_empty (line 1906) - Score: 90
    - Test 'test_subset_font_empty' has low assert-to-setup ratio (9%): 1 asserts vs 10 setup lines
  test_font_metrics (line 1921) - Score: 90
    i Test 'test_font_metrics' asserts against a hardcoded constant instead of a computed expected value
    i Test 'test_font_metrics' has multiple assertions without diagnostic messages
    - Test 'test_font_metrics' does not call any production code
  test_subset_font_data_too_small (line 1937) - Score: 90
    i Test 'test_subset_font_data_too_small' has multiple assertions without diagnostic messages
    - Test 'test_subset_font_data_too_small' has low assert-to-setup ratio (19%): 3 asserts vs 13 setup lines
  test_subset_with_missing_glyphs (line 1957) - Score: 90
    - Test 'test_subset_with_missing_glyphs' has low assert-to-setup ratio (4%): 1 asserts vs 26 setup lines
  test_parse_table_entries_edge_cases (line 1988) - Score: 80
    i Test 'test_parse_table_entries_edge_cases' asserts against a hardcoded constant instead of a computed expected value
    i Test 'test_parse_table_entries_edge_cases' has multiple assertions without diagnostic messages
    - Test 'test_parse_table_entries_edge_cases' has low assert-to-setup ratio (10%): 2 asserts vs 19 setup lines
    - Test 'test_parse_table_entries_edge_cases' does not call any production code
  test_get_glyph_data_bounds_checking (line 2022) - Score: 70
    - Test 'test_get_glyph_data_bounds_checking' only exercises the happy path — no None, Err, or edge-case inputs
    i Test 'test_get_glyph_data_bounds_checking' has multiple assertions without diagnostic messages
    - Test 'test_get_glyph_data_bounds_checking' has low assert-to-setup ratio (14%): 2 asserts vs 12 setup lines
    - Test 'test_get_glyph_data_bounds_checking' does not call any production code
  test_loca_format_variations (line 2043) - Score: 80
    i Test 'test_loca_format_variations' asserts against a hardcoded constant instead of a computed expected value
    i Test 'test_loca_format_variations' has multiple assertions without diagnostic messages
    - Test 'test_loca_format_variations' has low assert-to-setup ratio (17%): 2 asserts vs 10 setup lines
    - Test 'test_loca_format_variations' does not call any production code
  test_required_tables_for_cff (line 2119) - Score: 100
    i Test 'test_required_tables_for_cff' has multiple assertions without diagnostic messages

oxidize-pdf-core/src/text/fonts/truetype_subsetter.rs:
  test_read_u32 (line 909) - Score: 100
    i Test 'test_read_u32' asserts against a hardcoded constant instead of a computed expected value
    i Test 'test_read_u32' has multiple assertions without diagnostic messages
  test_calculate_checksum (line 926) - Score: 100
    i Test 'test_calculate_checksum' asserts against a hardcoded constant instead of a computed expected value
    i Test 'test_calculate_checksum' has multiple assertions without diagnostic messages
  test_glyph_id_remapping (line 944) - Score: 90
    - Test 'test_glyph_id_remapping' only exercises the happy path — no None, Err, or edge-case inputs
    i Test 'test_glyph_id_remapping' has multiple assertions without diagnostic messages
  test_table_record_structure (line 969) - Score: 90
    i Test 'test_table_record_structure' asserts against a hardcoded constant instead of a computed expected value
    i Test 'test_table_record_structure' has multiple assertions without diagnostic messages
    - Test 'test_table_record_structure' does not call any production code
  test_checksum_overflow (line 984) - Score: 90
    i Test 'test_checksum_overflow' asserts against a hardcoded constant instead of a computed expected value
    - Test 'test_checksum_overflow' does not call any production code
  test_required_tables (line 993) - Score: 70
    - Test 'test_required_tables' has identical neighborhood to 'test_optional_tables'
    - Test 'test_required_tables' has low assert-to-setup ratio (8%): 1 asserts vs 12 setup lines
    - Test 'test_required_tables' does not call any production code
  test_optional_tables (line 1011) - Score: 70
    - Test 'test_optional_tables' has identical neighborhood to 'test_required_tables'
    - Test 'test_optional_tables' has low assert-to-setup ratio (8%): 1 asserts vs 11 setup lines
    - Test 'test_optional_tables' does not call any production code
  test_font_header_validation (line 1028) - Score: 90
    i Test 'test_font_header_validation' asserts against a hardcoded constant instead of a computed expected value
    - Test 'test_font_header_validation' has low assert-to-setup ratio (7%): 1 asserts vs 14 setup lines
  test_glyph_remapping_consistency (line 1047) - Score: 90
    - Test 'test_glyph_remapping_consistency' only exercises the happy path — no None, Err, or edge-case inputs
    i Test 'test_glyph_remapping_consistency' asserts against a hardcoded constant instead of a computed expected value
    i Test 'test_glyph_remapping_consistency' has multiple assertions without diagnostic messages
  test_table_directory_size (line 1075) - Score: 80
    - Test 'test_table_directory_size' only exercises the happy path — no None, Err, or edge-case inputs
    i Test 'test_table_directory_size' asserts against a hardcoded constant instead of a computed expected value
    i Test 'test_table_directory_size' has multiple assertions without diagnostic messages
    - Test 'test_table_directory_size' does not call any production code
  test_loca_table_format (line 1086) - Score: 100
    i Test 'test_loca_table_format' has multiple assertions without diagnostic messages
  test_issue_115_large_font_few_chars_should_subset (line 1122) - Score: 70
    - Test 'test_issue_115_large_font_few_chars_should_subset' only exercises the happy path — no None, Err, or edge-case inputs
    - Test 'test_issue_115_large_font_few_chars_should_subset' has low assert-to-setup ratio (12%): 1 asserts vs 7 setup lines
    - Test 'test_issue_115_large_font_few_chars_should_subset' does not call any production code
  test_small_font_few_chars_can_skip_subsetting (line 1140) - Score: 70
    - Test 'test_small_font_few_chars_can_skip_subsetting' only exercises the happy path — no None, Err, or edge-case inputs
    - Test 'test_small_font_few_chars_can_skip_subsetting' has low assert-to-setup ratio (12%): 1 asserts vs 7 setup lines
    - Test 'test_small_font_few_chars_can_skip_subsetting' does not call any production code
  test_small_font_many_chars_should_subset (line 1157) - Score: 70
    - Test 'test_small_font_many_chars_should_subset' only exercises the happy path — no None, Err, or edge-case inputs
    - Test 'test_small_font_many_chars_should_subset' has low assert-to-setup ratio (12%): 1 asserts vs 7 setup lines
    - Test 'test_small_font_many_chars_should_subset' does not call any production code
  test_large_font_many_chars_should_subset (line 1174) - Score: 70
    - Test 'test_large_font_many_chars_should_subset' only exercises the happy path — no None, Err, or edge-case inputs
    - Test 'test_large_font_many_chars_should_subset' has low assert-to-setup ratio (14%): 1 asserts vs 6 setup lines
    - Test 'test_large_font_many_chars_should_subset' does not call any production code
  test_font_at_threshold_boundary (line 1190) - Score: 70
    - Test 'test_font_at_threshold_boundary' only exercises the happy path — no None, Err, or edge-case inputs
    - Test 'test_font_at_threshold_boundary' has low assert-to-setup ratio (12%): 1 asserts vs 7 setup lines
    - Test 'test_font_at_threshold_boundary' does not call any production code
  test_empty_chars_returns_full_font (line 1207) - Score: 70
    - Test 'test_empty_chars_returns_full_font' only exercises the happy path — no None, Err, or edge-case inputs
    - Test 'test_empty_chars_returns_full_font' has low assert-to-setup ratio (12%): 1 asserts vs 7 setup lines
    - Test 'test_empty_chars_returns_full_font' does not call any production code
  test_char_count_at_threshold_small_font (line 1223) - Score: 70
    - Test 'test_char_count_at_threshold_small_font' only exercises the happy path — no None, Err, or edge-case inputs
    - Test 'test_char_count_at_threshold_small_font' has low assert-to-setup ratio (12%): 1 asserts vs 7 setup lines
    - Test 'test_char_count_at_threshold_small_font' does not call any production code
  test_just_below_both_thresholds (line 1240) - Score: 80
    - Test 'test_just_below_both_thresholds' has low assert-to-setup ratio (12%): 1 asserts vs 7 setup lines
    - Test 'test_just_below_both_thresholds' does not call any production code
  test_subsetting_constants_are_reasonable (line 1256) - Score: 90
    - Test 'test_subsetting_constants_are_reasonable' does not call any production code
  test_extract_composite_components_returns_component_gids (line 1343) - Score: 90
    - Test 'test_extract_composite_components_returns_component_gids' does not call any production code
  test_extract_composite_components_with_scale (line 1351) - Score: 90
    - Test 'test_extract_composite_components_with_scale' does not call any production code
  test_extract_composite_components_single_component (line 1359) - Score: 90
    - Test 'test_extract_composite_components_single_component' does not call any production code
  test_extract_composite_returns_empty_for_simple_glyph (line 1366) - Score: 90
    - Test 'test_extract_composite_returns_empty_for_simple_glyph' does not call any production code
  test_extract_composite_returns_empty_for_short_data (line 1373) - Score: 90
    - Test 'test_extract_composite_returns_empty_for_short_data' does not call any production code
  test_remap_composite_glyph_rewrites_component_gids (line 1379) - Score: 90
    - Test 'test_remap_composite_glyph_rewrites_component_gids' has low assert-to-setup ratio (11%): 1 asserts vs 8 setup lines
  test_remap_composite_glyph_leaves_simple_glyph_unchanged (line 1392) - Score: 90
    - Test 'test_remap_composite_glyph_leaves_simple_glyph_unchanged' does not call any production code
  test_remap_composite_unmapped_gid_falls_back_to_notdef (line 1400) - Score: 90
    - Test 'test_remap_composite_unmapped_gid_falls_back_to_notdef' does not call any production code
  test_loca_short_format_max_offset_constant (line 1413) - Score: 90
    i Test 'test_loca_short_format_max_offset_constant' asserts against a hardcoded constant instead of a computed expected value
    i Test 'test_loca_short_format_max_offset_constant' has multiple assertions without diagnostic messages
    - Test 'test_loca_short_format_max_offset_constant' does not call any production code
  test_we_have_instructions_constant_has_correct_value (line 1419) - Score: 90
    i Test 'test_we_have_instructions_constant_has_correct_value' asserts against a hardcoded constant instead of a computed expected value
    - Test 'test_we_have_instructions_constant_has_correct_value' does not call any production code
  test_extract_composite_with_x_and_y_scale (line 1473) - Score: 90
    - Test 'test_extract_composite_with_x_and_y_scale' does not call any production code
  test_extract_composite_with_two_by_two (line 1481) - Score: 90
    - Test 'test_extract_composite_with_two_by_two' does not call any production code
  test_extract_composite_with_word_args (line 1489) - Score: 90
    - Test 'test_extract_composite_with_word_args' does not call any production code
  test_extract_composite_with_all_flags_combined (line 1497) - Score: 80
    - Test 'test_extract_composite_with_all_flags_combined' has low assert-to-setup ratio (11%): 1 asserts vs 8 setup lines
    - Test 'test_extract_composite_with_all_flags_combined' does not call any production code
  test_expand_composite_glyphs_transitive (line 1510) - Score: 100
    i Test 'test_expand_composite_glyphs_transitive' asserts against a hardcoded constant instead of a computed expected value
    i Test 'test_expand_composite_glyphs_transitive' has multiple assertions without diagnostic messages
  test_update_hhea_num_h_metrics_is_set_to_num_glyphs (line 1700) - Score: 100
    i Test 'test_update_hhea_num_h_metrics_is_set_to_num_glyphs' asserts against a hardcoded constant instead of a computed expected value
    i Test 'test_update_hhea_num_h_metrics_is_set_to_num_glyphs' uses .unwrap() which silently discards error information
  test_update_hhea_preserves_other_fields (line 1714) - Score: 100
    i Test 'test_update_hhea_preserves_other_fields' asserts against a hardcoded constant instead of a computed expected value
    i Test 'test_update_hhea_preserves_other_fields' uses .unwrap() which silently discards error information
  test_update_hhea_rejects_too_short_table (line 1743) - Score: 100
    i Test 'test_update_hhea_rejects_too_short_table' uses .unwrap() which silently discards error information
  test_build_hmtx_uses_design_units_not_scaled (line 1773) - Score: 100
    i Test 'test_build_hmtx_uses_design_units_not_scaled' asserts against a hardcoded constant instead of a computed expected value
    i Test 'test_build_hmtx_uses_design_units_not_scaled' uses .unwrap() which silently discards error information
  test_ttf_subset_excludes_cmap_os2_name_tables (line 1810) - Score: 80
    - Test 'test_ttf_subset_excludes_cmap_os2_name_tables' has a match arm with empty body, ignoring potential error cases
    - Test 'test_ttf_subset_excludes_cmap_os2_name_tables' only exercises the happy path — no None, Err, or edge-case inputs
    i Test 'test_ttf_subset_excludes_cmap_os2_name_tables' has multiple assertions without diagnostic messages
  test_strip_simple_glyph_instructions_removes_bytecode (line 1860) - Score: 80
    - Test 'test_strip_simple_glyph_instructions_removes_bytecode' only exercises the happy path — no None, Err, or edge-case inputs
    i Test 'test_strip_simple_glyph_instructions_removes_bytecode' asserts against a hardcoded constant instead of a computed expected value
    - Test 'test_strip_simple_glyph_instructions_removes_bytecode' has low assert-to-setup ratio (13%): 4 asserts vs 27 setup lines
  test_strip_simple_glyph_instructions_noop_when_zero_instructions (line 1917) - Score: 90
    - Test 'test_strip_simple_glyph_instructions_noop_when_zero_instructions' has low assert-to-setup ratio (8%): 1 asserts vs 12 setup lines
  test_strip_simple_glyph_instructions_noop_when_too_short (line 1937) - Score: 90
    - Test 'test_strip_simple_glyph_instructions_noop_when_too_short' does not call any production code
  test_strip_composite_glyph_instructions_with_flag_set (line 1945) - Score: 90
    i Test 'test_strip_composite_glyph_instructions_with_flag_set' asserts against a hardcoded constant instead of a computed expected value
    - Test 'test_strip_composite_glyph_instructions_with_flag_set' has low assert-to-setup ratio (17%): 4 asserts vs 19 setup lines
  test_strip_composite_glyph_instructions_noop_when_flag_absent (line 1995) - Score: 90
    - Test 'test_strip_composite_glyph_instructions_noop_when_flag_absent' has low assert-to-setup ratio (8%): 1 asserts vs 12 setup lines
  test_strip_composite_glyph_multi_component_clears_only_last_flag (line 2015) - Score: 90
    i Test 'test_strip_composite_glyph_multi_component_clears_only_last_flag' asserts against a hardcoded constant instead of a computed expected value
    - Test 'test_strip_composite_glyph_multi_component_clears_only_last_flag' has low assert-to-setup ratio (10%): 3 asserts vs 26 setup lines
  test_build_subset_font_strips_instructions_from_real_ttf (line 2158) - Score: 90
    - Test 'test_build_subset_font_strips_instructions_from_real_ttf' has a match arm with empty body, ignoring potential error cases
    i Test 'test_build_subset_font_strips_instructions_from_real_ttf' asserts against a hardcoded constant instead of a computed expected value
  test_strip_simple_glyph_instructions_noop_when_instr_truncated (line 2197) - Score: 90
    - Test 'test_strip_simple_glyph_instructions_noop_when_instr_truncated' has low assert-to-setup ratio (10%): 1 asserts vs 9 setup lines

oxidize-pdf-core/src/text/fonts/truetype_tests.rs:
  test_parse_minimal_ttf (line 182) - Score: 100
    i Test 'test_parse_minimal_ttf' asserts against a hardcoded constant instead of a computed expected value
    i Test 'test_parse_minimal_ttf' has multiple assertions without diagnostic messages
    i Test 'test_parse_minimal_ttf' uses .unwrap() which silently discards error information
  test_parse_cmap (line 192) - Score: 100
    i Test 'test_parse_cmap' asserts against a hardcoded constant instead of a computed expected value
    i Test 'test_parse_cmap' has multiple assertions without diagnostic messages
    i Test 'test_parse_cmap' uses .unwrap() which silently discards error information
  test_glyph_metrics (line 209) - Score: 100
    i Test 'test_glyph_metrics' asserts against a hardcoded constant instead of a computed expected value
    i Test 'test_glyph_metrics' has multiple assertions without diagnostic messages
    i Test 'test_glyph_metrics' uses .unwrap() which silently discards error information
  test_font_name_parsing (line 227) - Score: 100
    i Test 'test_font_name_parsing' asserts against a hardcoded constant instead of a computed expected value
    i Test 'test_font_name_parsing' uses .unwrap() which silently discards error information
  test_subset_creation (line 236) - Score: 90
    - Test 'test_subset_creation' has a match arm with empty body, ignoring potential error cases
    i Test 'test_subset_creation' has multiple assertions without diagnostic messages
    i Test 'test_subset_creation' uses .unwrap() which silently discards error information
  test_cmap_format_0_parsing (line 261) - Score: 60
    - Test 'test_cmap_format_0_parsing' does not call any production code
    - Test 'test_cmap_format_0_parsing' has no assertions
  test_cmap_format_6_parsing (line 266) - Score: 80
    i Test 'test_cmap_format_6_parsing' asserts against a hardcoded constant instead of a computed expected value
    i Test 'test_cmap_format_6_parsing' has multiple assertions without diagnostic messages
    - Test 'test_cmap_format_6_parsing' has low assert-to-setup ratio (18%): 2 asserts vs 9 setup lines
    - Test 'test_cmap_format_6_parsing' does not call any production code
  test_cmap_format_12_parsing (line 281) - Score: 100
    i Test 'test_cmap_format_12_parsing' asserts against a hardcoded constant instead of a computed expected value
    i Test 'test_cmap_format_12_parsing' has multiple assertions without diagnostic messages
  test_invalid_font_data (line 300) - Score: 100
    i Test 'test_invalid_font_data' has multiple assertions without diagnostic messages
  test_missing_required_tables (line 319) - Score: 90
    - Test 'test_missing_required_tables' has low assert-to-setup ratio (7%): 1 asserts vs 14 setup lines
  test_glyph_info_struct (line 338) - Score: 90
    i Test 'test_glyph_info_struct' asserts against a hardcoded constant instead of a computed expected value
    i Test 'test_glyph_info_struct' has multiple assertions without diagnostic messages
    - Test 'test_glyph_info_struct' does not call any production code
  test_empty_glyph_set (line 355) - Score: 90
    - Test 'test_empty_glyph_set' has a match arm with empty body, ignoring potential error cases
    i Test 'test_empty_glyph_set' uses .unwrap() which silently discards error information
  test_all_glyphs_subset (line 375) - Score: 90
    - Test 'test_all_glyphs_subset' has a match arm with empty body, ignoring potential error cases
    i Test 'test_all_glyphs_subset' uses .unwrap() which silently discards error information
  test_font_bbox_calculation (line 398) - Score: 100
    i Test 'test_font_bbox_calculation' asserts against a hardcoded constant instead of a computed expected value
    i Test 'test_font_bbox_calculation' uses .unwrap() which silently discards error information
  test_platform_encoding_combinations (line 407) - Score: 90
    i Test 'test_platform_encoding_combinations' asserts against a hardcoded constant instead of a computed expected value
    i Test 'test_platform_encoding_combinations' has multiple assertions without diagnostic messages
    - Test 'test_platform_encoding_combinations' does not call any production code

oxidize-pdf-core/src/text/graphics_state_stack.rs:
  a_balanced_unwind_past_the_cap_pairs_every_push_with_its_own_pop (line 103) - Score: 90
    - Test 'a_balanced_unwind_past_the_cap_pairs_every_push_with_its_own_pop' only exercises the happy path — no None, Err, or edge-case inputs
    i Test 'a_balanced_unwind_past_the_cap_pairs_every_push_with_its_own_pop' has multiple assertions without diagnostic messages
  extra_pops_are_ignored_and_do_not_corrupt_the_count (line 129) - Score: 90
    - Test 'extra_pops_are_ignored_and_do_not_corrupt_the_count' has low assert-to-setup ratio (14%): 1 asserts vs 6 setup lines
  a_refused_push_never_builds_its_snapshot (line 145) - Score: 80
    - Test 'a_refused_push_never_builds_its_snapshot' only exercises the happy path — no None, Err, or edge-case inputs
    - Test 'a_refused_push_never_builds_its_snapshot' has low assert-to-setup ratio (12%): 1 asserts vs 7 setup lines

oxidize-pdf-core/src/text/header_footer.rs:
  test_header_creation (line 207) - Score: 100
    i Test 'test_header_creation' asserts against a hardcoded constant instead of a computed expected value
    i Test 'test_header_creation' has multiple assertions without diagnostic messages
  test_footer_creation (line 215) - Score: 100
    i Test 'test_footer_creation' asserts against a hardcoded constant instead of a computed expected value
    i Test 'test_footer_creation' has multiple assertions without diagnostic messages
  test_with_options (line 222) - Score: 90
    i Test 'test_with_options' asserts against a hardcoded constant instead of a computed expected value
    i Test 'test_with_options' has multiple assertions without diagnostic messages
    - Test 'test_with_options' has low assert-to-setup ratio (17%): 2 asserts vs 10 setup lines
  test_render_page_numbers (line 238) - Score: 100
    i Test 'test_render_page_numbers' asserts against a hardcoded constant instead of a computed expected value
  test_render_date_placeholders (line 245) - Score: 100
    i Test 'test_render_date_placeholders' has multiple assertions without diagnostic messages
  test_render_custom_values (line 256) - Score: 90
    i Test 'test_render_custom_values' asserts against a hardcoded constant instead of a computed expected value
    - Test 'test_render_custom_values' has low assert-to-setup ratio (14%): 1 asserts vs 6 setup lines
  test_calculate_positions (line 267) - Score: 100
    i Test 'test_calculate_positions' asserts against a hardcoded constant instead of a computed expected value
    i Test 'test_calculate_positions' has multiple assertions without diagnostic messages
  test_alignment_positions (line 276) - Score: 90
    - Test 'test_alignment_positions' only exercises the happy path — no None, Err, or edge-case inputs
    i Test 'test_alignment_positions' has multiple assertions without diagnostic messages
  test_no_placeholders (line 302) - Score: 100
    i Test 'test_no_placeholders' asserts against a hardcoded constant instead of a computed expected value
  test_multiple_placeholders (line 309) - Score: 100
    i Test 'test_multiple_placeholders' has multiple assertions without diagnostic messages

oxidize-pdf-core/src/text/intrinsic_encoding.rs:
  type1_static_array_and_standard_copy_preserve_boundaries (line 335) - Score: 90
    i Test 'type1_static_array_and_standard_copy_preserve_boundaries' asserts against a hardcoded constant instead of a computed expected value
    i Test 'type1_static_array_and_standard_copy_preserve_boundaries' uses .unwrap() which silently discards error information
    - Test 'type1_static_array_and_standard_copy_preserve_boundaries' does not call any production code
  type1_rejects_computed_procedures_and_invalid_codes (line 346) - Score: 100
    i Test 'type1_rejects_computed_procedures_and_invalid_codes' has multiple assertions without diagnostic messages
  cff_custom_formats_and_supplements_use_charset_sids (line 360) - Score: 90
    i Test 'cff_custom_formats_and_supplements_use_charset_sids' asserts against a hardcoded constant instead of a computed expected value
    i Test 'cff_custom_formats_and_supplements_use_charset_sids' uses .unwrap() which silently discards error information
    - Test 'cff_custom_formats_and_supplements_use_charset_sids' does not call any production code
  cff_expert_is_distinct_from_standard_and_macexpert (line 379) - Score: 90
    i Test 'cff_expert_is_distinct_from_standard_and_macexpert' asserts against a hardcoded constant instead of a computed expected value
    i Test 'cff_expert_is_distinct_from_standard_and_macexpert' uses .unwrap() which silently discards error information
    - Test 'cff_expert_is_distinct_from_standard_and_macexpert' does not call any production code
  malformed_cff_ranges_offsets_and_truncation_do_not_panic (line 388) - Score: 100
    i Test 'malformed_cff_ranges_offsets_and_truncation_do_not_panic' has multiple assertions without diagnostic messages
  opentype_directory_bounds_and_cff_table_selection (line 408) - Score: 100
    i Test 'opentype_directory_bounds_and_cff_table_selection' has multiple assertions without diagnostic messages

oxidize-pdf-core/src/text/invoice/error.rs:
  test_no_text_found_error (line 45) - Score: 100
    i Test 'test_no_text_found_error' asserts against a hardcoded constant instead of a computed expected value
  test_no_text_found_page_zero (line 51) - Score: 100
    i Test 'test_no_text_found_page_zero' asserts against a hardcoded constant instead of a computed expected value
  test_pattern_error (line 57) - Score: 100
    i Test 'test_pattern_error' asserts against a hardcoded constant instead of a computed expected value
  test_config_error (line 63) - Score: 100
    i Test 'test_config_error' asserts against a hardcoded constant instead of a computed expected value
  test_unsupported_language (line 72) - Score: 100
    i Test 'test_unsupported_language' asserts against a hardcoded constant instead of a computed expected value
  test_invalid_threshold_negative (line 78) - Score: 100
    i Test 'test_invalid_threshold_negative' asserts against a hardcoded constant instead of a computed expected value
  test_invalid_threshold_too_high (line 87) - Score: 100
    i Test 'test_invalid_threshold_too_high' asserts against a hardcoded constant instead of a computed expected value
  test_regex_error (line 96) - Score: 100
    i Test 'test_regex_error' asserts against a hardcoded constant instead of a computed expected value
  test_generic_error (line 105) - Score: 100
    i Test 'test_generic_error' asserts against a hardcoded constant instead of a computed expected value
  test_error_debug_impl (line 111) - Score: 100
    i Test 'test_error_debug_impl' has multiple assertions without diagnostic messages
  test_error_is_send_sync (line 120) - Score: 65
    - Test 'test_error_is_send_sync' does not call any production code
    - Test 'test_error_is_send_sync' executes production code without asserting on its behaviour
  test_result_type_alias (line 127) - Score: 90
    i Test 'test_result_type_alias' has multiple assertions without diagnostic messages
    - Test 'test_result_type_alias' has low assert-to-setup ratio (18%): 2 asserts vs 9 setup lines

oxidize-pdf-core/src/text/invoice/extractor.rs:
  test_builder_defaults (line 806) - Score: 100
    i Test 'test_builder_defaults' asserts against a hardcoded constant instead of a computed expected value
    i Test 'test_builder_defaults' has multiple assertions without diagnostic messages
  test_builder_confidence_threshold (line 820) - Score: 100
    i Test 'test_builder_confidence_threshold' asserts against a hardcoded constant instead of a computed expected value

oxidize-pdf-core/src/text/invoice/patterns.rs:
  test_pattern_library_new (line 770) - Score: 90
    i Test 'test_pattern_library_new' asserts against a hardcoded constant instead of a computed expected value
    - Test 'test_pattern_library_new' does not call any production code
  test_pattern_matches (line 788) - Score: 100
    i Test 'test_pattern_matches' has multiple assertions without diagnostic messages

oxidize-pdf-core/src/text/invoice/types.rs:
  test_language_from_code (line 399) - Score: 100
    i Test 'test_language_from_code' has multiple assertions without diagnostic messages
  test_language_code (line 413) - Score: 100
    i Test 'test_language_code' asserts against a hardcoded constant instead of a computed expected value
    i Test 'test_language_code' has multiple assertions without diagnostic messages
  test_bounding_box_contains (line 421) - Score: 100
    i Test 'test_bounding_box_contains' has multiple assertions without diagnostic messages
  test_bounding_box_area (line 435) - Score: 100
    i Test 'test_bounding_box_area' asserts against a hardcoded constant instead of a computed expected value
  test_invoice_field_name (line 441) - Score: 100
    i Test 'test_invoice_field_name' asserts against a hardcoded constant instead of a computed expected value
    i Test 'test_invoice_field_name' has multiple assertions without diagnostic messages
  test_invoice_data_get_field (line 450) - Score: 90
    i Test 'test_invoice_data_get_field' asserts against a hardcoded constant instead of a computed expected value
    i Test 'test_invoice_data_get_field' has multiple assertions without diagnostic messages
    - Test 'test_invoice_data_get_field' has low assert-to-setup ratio (19%): 4 asserts vs 17 setup lines
  test_invoice_data_filter_by_confidence (line 475) - Score: 90
    i Test 'test_invoice_data_filter_by_confidence' asserts against a hardcoded constant instead of a computed expected value
    i Test 'test_invoice_data_filter_by_confidence' has multiple assertions without diagnostic messages
    - Test 'test_invoice_data_filter_by_confidence' has low assert-to-setup ratio (14%): 3 asserts vs 18 setup lines

oxidize-pdf-core/src/text/invoice/validators.rs:
  test_validate_date_iso8601 (line 296) - Score: 90
    i Test 'test_validate_date_iso8601' asserts against a hardcoded constant instead of a computed expected value
    i Test 'test_validate_date_iso8601' has multiple assertions without diagnostic messages
    - Test 'test_validate_date_iso8601' does not call any production code
  test_validate_date_invalid (line 304) - Score: 90
    i Test 'test_validate_date_invalid' has multiple assertions without diagnostic messages
    - Test 'test_validate_date_invalid' does not call any production code
  test_validate_date_slash_format (line 313) - Score: 90
    i Test 'test_validate_date_slash_format' asserts against a hardcoded constant instead of a computed expected value
    i Test 'test_validate_date_slash_format' has multiple assertions without diagnostic messages
    - Test 'test_validate_date_slash_format' does not call any production code
  test_validate_amount_valid (line 320) - Score: 90
    i Test 'test_validate_amount_valid' asserts against a hardcoded constant instead of a computed expected value
    i Test 'test_validate_amount_valid' has multiple assertions without diagnostic messages
    - Test 'test_validate_amount_valid' does not call any production code
  test_validate_amount_invalid (line 327) - Score: 90
    i Test 'test_validate_amount_invalid' has multiple assertions without diagnostic messages
    - Test 'test_validate_amount_invalid' does not call any production code
  test_validate_amount_non_standard (line 333) - Score: 90
    i Test 'test_validate_amount_non_standard' asserts against a hardcoded constant instead of a computed expected value
    i Test 'test_validate_amount_non_standard' has multiple assertions without diagnostic messages
    - Test 'test_validate_amount_non_standard' does not call any production code
  test_validate_invoice_number (line 340) - Score: 90
    i Test 'test_validate_invoice_number' asserts against a hardcoded constant instead of a computed expected value
    i Test 'test_validate_invoice_number' has multiple assertions without diagnostic messages
    - Test 'test_validate_invoice_number' does not call any production code
  test_validate_vat_number (line 349) - Score: 90
    i Test 'test_validate_vat_number' asserts against a hardcoded constant instead of a computed expected value
    i Test 'test_validate_vat_number' has multiple assertions without diagnostic messages
    - Test 'test_validate_vat_number' does not call any production code
  test_leap_year (line 359) - Score: 90
    i Test 'test_leap_year' has multiple assertions without diagnostic messages
    - Test 'test_leap_year' does not call any production code
  test_validate_invoice_number_letters_only (line 367) - Score: 90
    i Test 'test_validate_invoice_number_letters_only' asserts against a hardcoded constant instead of a computed expected value
    i Test 'test_validate_invoice_number_letters_only' has multiple assertions without diagnostic messages
    - Test 'test_validate_invoice_number_letters_only' does not call any production code
  test_validate_invoice_number_special_chars (line 374) - Score: 90
    i Test 'test_validate_invoice_number_special_chars' asserts against a hardcoded constant instead of a computed expected value
    i Test 'test_validate_invoice_number_special_chars' has multiple assertions without diagnostic messages
    - Test 'test_validate_invoice_number_special_chars' does not call any production code
  test_validate_vat_unknown_format (line 383) - Score: 90
    i Test 'test_validate_vat_unknown_format' asserts against a hardcoded constant instead of a computed expected value
    i Test 'test_validate_vat_unknown_format' has multiple assertions without diagnostic messages
    - Test 'test_validate_vat_unknown_format' does not call any production code
  test_validate_amount_non_numeric (line 390) - Score: 90
    i Test 'test_validate_amount_non_numeric' has multiple assertions without diagnostic messages
    - Test 'test_validate_amount_non_numeric' does not call any production code
  test_validate_date_year_out_of_range (line 397) - Score: 90
    i Test 'test_validate_date_year_out_of_range' has multiple assertions without diagnostic messages
    - Test 'test_validate_date_year_out_of_range' does not call any production code

oxidize-pdf-core/src/text/layout.rs:
  test_column_layout_creation (line 468) - Score: 100
    i Test 'test_column_layout_creation' asserts against a hardcoded constant instead of a computed expected value
    i Test 'test_column_layout_creation' has multiple assertions without diagnostic messages
  test_custom_column_widths (line 478) - Score: 100
    i Test 'test_custom_column_widths' asserts against a hardcoded constant instead of a computed expected value
    i Test 'test_custom_column_widths' has multiple assertions without diagnostic messages
  test_column_x_positions (line 488) - Score: 100
    i Test 'test_column_x_positions' asserts against a hardcoded constant instead of a computed expected value
    i Test 'test_column_x_positions' has multiple assertions without diagnostic messages
  test_column_options_default (line 496) - Score: 90
    i Test 'test_column_options_default' asserts against a hardcoded constant instead of a computed expected value
    i Test 'test_column_options_default' has multiple assertions without diagnostic messages
    - Test 'test_column_options_default' does not call any production code
  test_column_content (line 506) - Score: 100
    i Test 'test_column_content' asserts against a hardcoded constant instead of a computed expected value
    i Test 'test_column_content' has multiple assertions without diagnostic messages
  test_text_format (line 516) - Score: 100
    i Test 'test_text_format' asserts against a hardcoded constant instead of a computed expected value
    i Test 'test_text_format' has multiple assertions without diagnostic messages
  test_flow_context_creation (line 534) - Score: 100
    i Test 'test_flow_context_creation' asserts against a hardcoded constant instead of a computed expected value
    i Test 'test_flow_context_creation' has multiple assertions without diagnostic messages
  test_column_layout_with_options (line 561) - Score: 100
    i Test 'test_column_layout_with_options' asserts against a hardcoded constant instead of a computed expected value
    i Test 'test_column_layout_with_options' has multiple assertions without diagnostic messages
  test_zero_columns_panic (line 578) - Score: 60
    - Test 'test_zero_columns_panic' does not call any production code
    - Test 'test_zero_columns_panic' has no assertions
  test_empty_custom_widths_panic (line 584) - Score: 75
    - Test 'test_empty_custom_widths_panic' executes production code without asserting on its behaviour

oxidize-pdf-core/src/text/list.rs:
  test_ordered_list_creation (line 738) - Score: 90
    i Test 'test_ordered_list_creation' asserts against a hardcoded constant instead of a computed expected value
    i Test 'test_ordered_list_creation' has multiple assertions without diagnostic messages
    - Test 'test_ordered_list_creation' does not call any production code
  test_unordered_list_creation (line 746) - Score: 90
    i Test 'test_unordered_list_creation' has multiple assertions without diagnostic messages
    - Test 'test_unordered_list_creation' does not call any production code
  test_add_items (line 753) - Score: 100
    i Test 'test_add_items' asserts against a hardcoded constant instead of a computed expected value
  test_marker_generation_decimal (line 763) - Score: 100
    i Test 'test_marker_generation_decimal' asserts against a hardcoded constant instead of a computed expected value
    i Test 'test_marker_generation_decimal' has multiple assertions without diagnostic messages
  test_marker_generation_lower_alpha (line 771) - Score: 100
    i Test 'test_marker_generation_lower_alpha' asserts against a hardcoded constant instead of a computed expected value
    i Test 'test_marker_generation_lower_alpha' has multiple assertions without diagnostic messages
  test_marker_generation_upper_alpha (line 779) - Score: 100
    i Test 'test_marker_generation_upper_alpha' asserts against a hardcoded constant instead of a computed expected value
    i Test 'test_marker_generation_upper_alpha' has multiple assertions without diagnostic messages
  test_marker_generation_roman (line 787) - Score: 100
    i Test 'test_marker_generation_roman' asserts against a hardcoded constant instead of a computed expected value
    i Test 'test_marker_generation_roman' has multiple assertions without diagnostic messages
  test_start_number (line 800) - Score: 100
    i Test 'test_start_number' asserts against a hardcoded constant instead of a computed expected value
    i Test 'test_start_number' has multiple assertions without diagnostic messages
  test_bullet_styles (line 808) - Score: 100
    i Test 'test_bullet_styles' asserts against a hardcoded constant instead of a computed expected value
    i Test 'test_bullet_styles' has multiple assertions without diagnostic messages
  test_custom_bullet (line 823) - Score: 100
    i Test 'test_custom_bullet' asserts against a hardcoded constant instead of a computed expected value
    i Test 'test_custom_bullet' has multiple assertions without diagnostic messages
  test_list_options_default (line 832) - Score: 90
    i Test 'test_list_options_default' asserts against a hardcoded constant instead of a computed expected value
    i Test 'test_list_options_default' has multiple assertions without diagnostic messages
    - Test 'test_list_options_default' does not call any production code
  test_roman_numerals (line 841) - Score: 90
    i Test 'test_roman_numerals' asserts against a hardcoded constant instead of a computed expected value
    i Test 'test_roman_numerals' has multiple assertions without diagnostic messages
    - Test 'test_roman_numerals' does not call any production code
  test_nested_lists (line 859) - Score: 90
    i Test 'test_nested_lists' asserts against a hardcoded constant instead of a computed expected value
    i Test 'test_nested_lists' has multiple assertions without diagnostic messages
    - Test 'test_nested_lists' has low assert-to-setup ratio (15%): 2 asserts vs 11 setup lines
  test_list_height_calculation (line 883) - Score: 90
    - Test 'test_list_height_calculation' has low assert-to-setup ratio (12%): 1 asserts vs 7 setup lines
  test_list_item_structure (line 895) - Score: 90
    i Test 'test_list_item_structure' asserts against a hardcoded constant instead of a computed expected value
    - Test 'test_list_item_structure' does not call any production code
  test_list_element_enum (line 905) - Score: 80
    i Test 'test_list_element_enum' asserts against a hardcoded constant instead of a computed expected value
    - Test 'test_list_element_enum' has low assert-to-setup ratio (11%): 1 asserts vs 8 setup lines
    - Test 'test_list_element_enum' does not call any production code
  test_advanced_numbering_styles (line 926) - Score: 100
    i Test 'test_advanced_numbering_styles' asserts against a hardcoded constant instead of a computed expected value
    i Test 'test_advanced_numbering_styles' has multiple assertions without diagnostic messages
  test_custom_prefix_suffix (line 975) - Score: 100
    i Test 'test_custom_prefix_suffix' asserts against a hardcoded constant instead of a computed expected value
    i Test 'test_custom_prefix_suffix' has multiple assertions without diagnostic messages
  test_text_wrapping (line 997) - Score: 90
    - Test 'test_text_wrapping' only exercises the happy path — no None, Err, or edge-case inputs
    i Test 'test_text_wrapping' asserts against a hardcoded constant instead of a computed expected value
  test_list_options_advanced (line 1023) - Score: 100
    i Test 'test_list_options_advanced' asserts against a hardcoded constant instead of a computed expected value
  test_unordered_list_custom_bullets (line 1050) - Score: 100
    i Test 'test_unordered_list_custom_bullets' asserts against a hardcoded constant instead of a computed expected value
    i Test 'test_unordered_list_custom_bullets' has multiple assertions without diagnostic messages
  test_deeply_nested_lists (line 1077) - Score: 90
    i Test 'test_deeply_nested_lists' asserts against a hardcoded constant instead of a computed expected value
    i Test 'test_deeply_nested_lists' has multiple assertions without diagnostic messages
    - Test 'test_deeply_nested_lists' has low assert-to-setup ratio (15%): 4 asserts vs 23 setup lines
  test_height_calculation_with_nested (line 1114) - Score: 100
    i Test 'test_height_calculation_with_nested' has multiple assertions without diagnostic messages
  test_helper_functions (line 1139) - Score: 90
    i Test 'test_helper_functions' asserts against a hardcoded constant instead of a computed expected value
    i Test 'test_helper_functions' has multiple assertions without diagnostic messages
    - Test 'test_helper_functions' does not call any production code
  test_list_cloning (line 1174) - Score: 100
    i Test 'test_list_cloning' asserts against a hardcoded constant instead of a computed expected value
    i Test 'test_list_cloning' has multiple assertions without diagnostic messages

oxidize-pdf-core/src/text/metrics.rs:
  test_font_metrics_creation (line 505) - Score: 90
    i Test 'test_font_metrics_creation' asserts against a hardcoded constant instead of a computed expected value
    i Test 'test_font_metrics_creation' has multiple assertions without diagnostic messages
    - Test 'test_font_metrics_creation' does not call any production code
  test_font_metrics_with_widths (line 512) - Score: 100
    i Test 'test_font_metrics_with_widths' asserts against a hardcoded constant instead of a computed expected value
    i Test 'test_font_metrics_with_widths' has multiple assertions without diagnostic messages
  test_font_metrics_clone (line 523) - Score: 100
    i Test 'test_font_metrics_clone' has multiple assertions without diagnostic messages
  test_non_ascii_winansi_width_matches_afm_helvetica (line 544) - Score: 90
    i Test 'test_non_ascii_winansi_width_matches_afm_helvetica' asserts against a hardcoded constant instead of a computed expected value
    i Test 'test_non_ascii_winansi_width_matches_afm_helvetica' has multiple assertions without diagnostic messages
    - Test 'test_non_ascii_winansi_width_matches_afm_helvetica' does not call any production code
  test_non_ascii_winansi_width_matches_afm_helvetica_bold (line 566) - Score: 90
    i Test 'test_non_ascii_winansi_width_matches_afm_helvetica_bold' asserts against a hardcoded constant instead of a computed expected value
    i Test 'test_non_ascii_winansi_width_matches_afm_helvetica_bold' has multiple assertions without diagnostic messages
    - Test 'test_non_ascii_winansi_width_matches_afm_helvetica_bold' does not call any production code
  test_non_ascii_winansi_width_matches_afm_times (line 574) - Score: 90
    i Test 'test_non_ascii_winansi_width_matches_afm_times' asserts against a hardcoded constant instead of a computed expected value
    i Test 'test_non_ascii_winansi_width_matches_afm_times' has multiple assertions without diagnostic messages
    - Test 'test_non_ascii_winansi_width_matches_afm_times' does not call any production code
  test_non_ascii_winansi_width_courier_is_monospace (line 584) - Score: 90
    i Test 'test_non_ascii_winansi_width_courier_is_monospace' asserts against a hardcoded constant instead of a computed expected value
    - Test 'test_non_ascii_winansi_width_courier_is_monospace' does not call any production code
  test_measure_text_helvetica (line 599) - Score: 80
    - Test 'test_measure_text_helvetica' only exercises the happy path — no None, Err, or edge-case inputs
    - Test 'test_measure_text_helvetica' has low assert-to-setup ratio (17%): 1 asserts vs 5 setup lines
  test_measure_text_courier (line 609) - Score: 70
    - Test 'test_measure_text_courier' only exercises the happy path — no None, Err, or edge-case inputs
    i Test 'test_measure_text_courier' asserts against a hardcoded constant instead of a computed expected value
    - Test 'test_measure_text_courier' has low assert-to-setup ratio (17%): 1 asserts vs 5 setup lines
    - Test 'test_measure_text_courier' does not call any production code
  test_measure_text_symbolic_fonts (line 619) - Score: 80
    - Test 'test_measure_text_symbolic_fonts' only exercises the happy path — no None, Err, or edge-case inputs
    i Test 'test_measure_text_symbolic_fonts' has multiple assertions without diagnostic messages
    - Test 'test_measure_text_symbolic_fonts' does not call any production code
  test_measure_char_courier (line 639) - Score: 90
    i Test 'test_measure_char_courier' asserts against a hardcoded constant instead of a computed expected value
    - Test 'test_measure_char_courier' does not call any production code
  test_measure_char_symbolic (line 647) - Score: 90
    i Test 'test_measure_char_symbolic' has multiple assertions without diagnostic messages
    - Test 'test_measure_char_symbolic' does not call any production code
  test_split_into_words_simple (line 658) - Score: 80
    - Test 'test_split_into_words_simple' only exercises the happy path — no None, Err, or edge-case inputs
    - Test 'test_split_into_words_simple' does not call any production code
  test_split_into_words_multiple_spaces (line 666) - Score: 80
    - Test 'test_split_into_words_multiple_spaces' only exercises the happy path — no None, Err, or edge-case inputs
    - Test 'test_split_into_words_multiple_spaces' does not call any production code
  test_split_into_words_leading_trailing_spaces (line 674) - Score: 80
    - Test 'test_split_into_words_leading_trailing_spaces' only exercises the happy path — no None, Err, or edge-case inputs
    - Test 'test_split_into_words_leading_trailing_spaces' does not call any production code
  test_split_into_words_tabs_newlines (line 682) - Score: 80
    - Test 'test_split_into_words_tabs_newlines' only exercises the happy path — no None, Err, or edge-case inputs
    - Test 'test_split_into_words_tabs_newlines' does not call any production code
  test_split_into_words_empty (line 690) - Score: 80
    - Test 'test_split_into_words_empty' only exercises the happy path — no None, Err, or edge-case inputs
    - Test 'test_split_into_words_empty' does not call any production code
  test_split_into_words_only_spaces (line 698) - Score: 80
    - Test 'test_split_into_words_only_spaces' only exercises the happy path — no None, Err, or edge-case inputs
    - Test 'test_split_into_words_only_spaces' does not call any production code
  test_split_into_words_single_word (line 706) - Score: 80
    - Test 'test_split_into_words_single_word' only exercises the happy path — no None, Err, or edge-case inputs
    - Test 'test_split_into_words_single_word' does not call any production code
  test_all_font_metrics_exist (line 714) - Score: 65
    - Test 'test_all_font_metrics_exist' does not call any production code
    - Test 'test_all_font_metrics_exist' executes production code without asserting on its behaviour
  test_helvetica_specific_characters (line 737) - Score: 90
    - Test 'test_helvetica_specific_characters' has low assert-to-setup ratio (5%): 1 asserts vs 18 setup lines
  test_times_specific_characters (line 764) - Score: 80
    - Test 'test_times_specific_characters' has low assert-to-setup ratio (5%): 1 asserts vs 18 setup lines
    - Test 'test_times_specific_characters' does not call any production code
  test_courier_monospace_property (line 788) - Score: 80
    i Test 'test_courier_monospace_property' asserts against a hardcoded constant instead of a computed expected value
    - Test 'test_courier_monospace_property' has low assert-to-setup ratio (14%): 1 asserts vs 6 setup lines
    - Test 'test_courier_monospace_property' does not call any production code
  test_font_size_scaling (line 800) - Score: 90
    - Test 'test_font_size_scaling' has low assert-to-setup ratio (17%): 1 asserts vs 5 setup lines
  test_measure_text_empty_string (line 814) - Score: 90
    i Test 'test_measure_text_empty_string' asserts against a hardcoded constant instead of a computed expected value
    - Test 'test_measure_text_empty_string' does not call any production code
  test_measure_text_consistency (line 820) - Score: 80
    - Test 'test_measure_text_consistency' only exercises the happy path — no None, Err, or edge-case inputs
    - Test 'test_measure_text_consistency' has low assert-to-setup ratio (10%): 1 asserts vs 9 setup lines
  test_font_variants_use_base_metrics (line 834) - Score: 90
    i Test 'test_font_variants_use_base_metrics' has multiple assertions without diagnostic messages
    - Test 'test_font_variants_use_base_metrics' does not call any production code
  test_unicode_characters_default_width (line 848) - Score: 90
    i Test 'test_unicode_characters_default_width' has multiple assertions without diagnostic messages
    - Test 'test_unicode_characters_default_width' has low assert-to-setup ratio (14%): 3 asserts vs 18 setup lines
  test_register_custom_font_metrics (line 884) - Score: 100
    i Test 'test_register_custom_font_metrics' asserts against a hardcoded constant instead of a computed expected value
    i Test 'test_register_custom_font_metrics' has multiple assertions without diagnostic messages
    i Test 'test_register_custom_font_metrics' uses .unwrap() which silently discards error information
  test_get_custom_font_metrics_not_found (line 899) - Score: 65
    - Test 'test_get_custom_font_metrics_not_found' does not call any production code
    - Test 'test_get_custom_font_metrics_not_found' executes production code without asserting on its behaviour
  test_measure_text_custom_font (line 908) - Score: 90
    - Test 'test_measure_text_custom_font' has low assert-to-setup ratio (12%): 1 asserts vs 7 setup lines
  test_measure_char_custom_font (line 921) - Score: 90
    - Test 'test_measure_char_custom_font' has low assert-to-setup ratio (14%): 1 asserts vs 6 setup lines
  test_custom_font_no_auto_register_default (line 932) - Score: 100
    i Test 'test_custom_font_no_auto_register_default' has multiple assertions without diagnostic messages
  test_create_default_custom_metrics (line 954) - Score: 100
    i Test 'test_create_default_custom_metrics' asserts against a hardcoded constant instead of a computed expected value
    i Test 'test_create_default_custom_metrics' has multiple assertions without diagnostic messages
  test_create_default_custom_metrics_is_cached (line 966) - Score: 90
    - Test 'test_create_default_custom_metrics_is_cached' has low assert-to-setup ratio (8%): 1 asserts vs 12 setup lines
  test_times_variants_use_their_own_metrics (line 1003) - Score: 100
    i Test 'test_times_variants_use_their_own_metrics' asserts against a hardcoded constant instead of a computed expected value
    i Test 'test_times_variants_use_their_own_metrics' has multiple assertions without diagnostic messages
  test_courier_variants_use_base_metrics (line 1017) - Score: 90
    i Test 'test_courier_variants_use_base_metrics' has multiple assertions without diagnostic messages
    - Test 'test_courier_variants_use_base_metrics' does not call any production code
  test_warn_unknown_font_rate_limited_once_per_name (line 1039) - Score: 100
    i Test 'test_warn_unknown_font_rate_limited_once_per_name' asserts against a hardcoded constant instead of a computed expected value
  test_unknown_custom_font_does_not_register_on_read (line 1062) - Score: 90
    - Test 'test_unknown_custom_font_does_not_register_on_read' has low assert-to-setup ratio (10%): 1 asserts vs 9 setup lines
  test_split_into_words_mixed_whitespace (line 1093) - Score: 90
    - Test 'test_split_into_words_mixed_whitespace' does not call any production code
  test_font_metrics_store_register_and_get (line 1099) - Score: 100
    i Test 'test_font_metrics_store_register_and_get' asserts against a hardcoded constant instead of a computed expected value
    i Test 'test_font_metrics_store_register_and_get' has multiple assertions without diagnostic messages
  test_font_metrics_store_overwrite_same_name (line 1117) - Score: 100
    i Test 'test_font_metrics_store_overwrite_same_name' asserts against a hardcoded constant instead of a computed expected value
    i Test 'test_font_metrics_store_overwrite_same_name' has multiple assertions without diagnostic messages
    i Test 'test_font_metrics_store_overwrite_same_name' uses .unwrap() which silently discards error information
  test_font_metrics_store_clone_shares_state (line 1128) - Score: 100
    i Test 'test_font_metrics_store_clone_shares_state' asserts against a hardcoded constant instead of a computed expected value
    i Test 'test_font_metrics_store_clone_shares_state' has multiple assertions without diagnostic messages
  test_font_metrics_store_get_miss_returns_none_no_side_effects (line 1141) - Score: 100
    i Test 'test_font_metrics_store_get_miss_returns_none_no_side_effects' asserts against a hardcoded constant instead of a computed expected value
    i Test 'test_font_metrics_store_get_miss_returns_none_no_side_effects' has multiple assertions without diagnostic messages
  test_lookup_document_scope_takes_precedence_over_global (line 1151) - Score: 90
    i Test 'test_lookup_document_scope_takes_precedence_over_global' asserts against a hardcoded constant instead of a computed expected value
    - Test 'test_lookup_document_scope_takes_precedence_over_global' has low assert-to-setup ratio (5%): 1 asserts vs 19 setup lines
  test_lookup_falls_through_to_global_when_store_misses (line 1179) - Score: 90
    i Test 'test_lookup_falls_through_to_global_when_store_misses' asserts against a hardcoded constant instead of a computed expected value
    - Test 'test_lookup_falls_through_to_global_when_store_misses' has low assert-to-setup ratio (8%): 1 asserts vs 12 setup lines
  test_lookup_with_none_store_uses_global_then_default (line 1200) - Score: 100
    i Test 'test_lookup_with_none_store_uses_global_then_default' asserts against a hardcoded constant instead of a computed expected value
  test_measure_text_with_uses_document_scope (line 1211) - Score: 90
    - Test 'test_measure_text_with_uses_document_scope' has low assert-to-setup ratio (9%): 1 asserts vs 10 setup lines
  test_measure_char_with_uses_document_scope (line 1235) - Score: 90
    - Test 'test_measure_char_with_uses_document_scope' has low assert-to-setup ratio (11%): 1 asserts vs 8 setup lines

oxidize-pdf-core/src/text/mod.rs:
  test_text_context_new (line 583) - Score: 90
    i Test 'test_text_context_new' asserts against a hardcoded constant instead of a computed expected value
    i Test 'test_text_context_new' has multiple assertions without diagnostic messages
    - Test 'test_text_context_new' does not call any production code
  test_text_context_default (line 592) - Score: 90
    i Test 'test_text_context_default' asserts against a hardcoded constant instead of a computed expected value
    i Test 'test_text_context_default' has multiple assertions without diagnostic messages
    - Test 'test_text_context_default' does not call any production code
  test_set_font (line 599) - Score: 100
    i Test 'test_set_font' asserts against a hardcoded constant instead of a computed expected value
    i Test 'test_set_font' has multiple assertions without diagnostic messages
  test_position (line 607) - Score: 100
    i Test 'test_position' asserts against a hardcoded constant instead of a computed expected value
    i Test 'test_position' has multiple assertions without diagnostic messages
  test_write_simple_text (line 618) - Score: 100
    i Test 'test_write_simple_text' has multiple assertions without diagnostic messages
    i Test 'test_write_simple_text' uses .unwrap() which silently discards error information
  test_write_text_with_escaping (line 630) - Score: 100
    i Test 'test_write_text_with_escaping' uses .unwrap() which silently discards error information
  test_write_line (line 639) - Score: 100
    i Test 'test_write_line' has multiple assertions without diagnostic messages
    i Test 'test_write_line' uses .unwrap() which silently discards error information
  test_clear (line 696) - Score: 100
    i Test 'test_clear' has multiple assertions without diagnostic messages
    i Test 'test_clear' uses .unwrap() which silently discards error information
  test_generate_operations (line 706) - Score: 100
    i Test 'test_generate_operations' uses .unwrap() which silently discards error information
  test_method_chaining (line 716) - Score: 100
    i Test 'test_method_chaining' asserts against a hardcoded constant instead of a computed expected value
    i Test 'test_method_chaining' has multiple assertions without diagnostic messages
  test_special_characters_encoding (line 741) - Score: 100
    i Test 'test_special_characters_encoding' has multiple assertions without diagnostic messages
    i Test 'test_special_characters_encoding' uses .unwrap() which silently discards error information
  test_text_state_parameters_chaining (line 823) - Score: 100
    i Test 'test_text_state_parameters_chaining' has multiple assertions without diagnostic messages
  test_all_text_state_operators_generated (line 843) - Score: 100
    i Test 'test_all_text_state_operators_generated' has multiple assertions without diagnostic messages
  test_text_color_operations (line 875) - Score: 100
    i Test 'test_text_color_operations' has multiple assertions without diagnostic messages
  test_used_characters_tracking_ascii (line 938) - Score: 100
    i Test 'test_used_characters_tracking_ascii' asserts against a hardcoded constant instead of a computed expected value
    i Test 'test_used_characters_tracking_ascii' has multiple assertions without diagnostic messages
    i Test 'test_used_characters_tracking_ascii' uses .unwrap() which silently discards error information
  test_used_characters_tracking_cjk (line 953) - Score: 100
    i Test 'test_used_characters_tracking_cjk' asserts against a hardcoded constant instead of a computed expected value
    i Test 'test_used_characters_tracking_cjk' has multiple assertions without diagnostic messages
    i Test 'test_used_characters_tracking_cjk' uses .unwrap() which silently discards error information
  test_used_characters_multiple_writes (line 975) - Score: 100
    i Test 'test_used_characters_multiple_writes' asserts against a hardcoded constant instead of a computed expected value
    i Test 'test_used_characters_multiple_writes' has multiple assertions without diagnostic messages
    i Test 'test_used_characters_multiple_writes' uses .unwrap() which silently discards error information
  nan_char_spacing_sanitised_at_emission (line 996) - Score: 100
    i Test 'nan_char_spacing_sanitised_at_emission' has multiple assertions without diagnostic messages
    i Test 'nan_char_spacing_sanitised_at_emission' uses .unwrap() which silently discards error information
  pos_inf_word_spacing_sanitised_at_emission (line 1012) - Score: 100
    i Test 'pos_inf_word_spacing_sanitised_at_emission' has multiple assertions without diagnostic messages
    i Test 'pos_inf_word_spacing_sanitised_at_emission' uses .unwrap() which silently discards error information
  nan_horizontal_scaling_sanitised_at_emission (line 1028) - Score: 100
    i Test 'nan_horizontal_scaling_sanitised_at_emission' uses .unwrap() which silently discards error information
  nan_leading_and_text_rise_sanitised_at_emission (line 1040) - Score: 100
    i Test 'nan_leading_and_text_rise_sanitised_at_emission' has multiple assertions without diagnostic messages
    i Test 'nan_leading_and_text_rise_sanitised_at_emission' uses .unwrap() which silently discards error information
  test_text_context_threads_metrics_store (line 1057) - Score: 100
    i Test 'test_text_context_threads_metrics_store' asserts against a hardcoded constant instead of a computed expected value
    i Test 'test_text_context_threads_metrics_store' has multiple assertions without diagnostic messages

oxidize-pdf-core/src/text/ocr/postprocessor_tests.rs:
  test_ocr_region_contains_point (line 7) - Score: 100
    i Test 'test_ocr_region_contains_point' has multiple assertions without diagnostic messages
  test_ocr_region_overlaps_with (line 23) - Score: 100
    i Test 'test_ocr_region_overlaps_with' has multiple assertions without diagnostic messages
  test_word_confidence_average_character_confidence (line 45) - Score: 100
    i Test 'test_word_confidence_average_character_confidence' has multiple assertions without diagnostic messages
    i Test 'test_word_confidence_average_character_confidence' uses .unwrap() which silently discards error information
  test_word_confidence_is_low_confidence (line 65) - Score: 100
    i Test 'test_word_confidence_is_low_confidence' has multiple assertions without diagnostic messages
  test_post_processor_character_substitution (line 74) - Score: 100
    i Test 'test_post_processor_character_substitution' asserts against a hardcoded constant instead of a computed expected value
  test_post_processor_with_dictionary (line 141) - Score: 90
    i Test 'test_post_processor_with_dictionary' asserts against a hardcoded constant instead of a computed expected value
    - Test 'test_post_processor_with_dictionary' has low assert-to-setup ratio (13%): 2 asserts vs 13 setup lines
  test_post_processor_edit_distance (line 171) - Score: 100
    i Test 'test_post_processor_edit_distance' asserts against a hardcoded constant instead of a computed expected value
  test_post_processor_process_fragment (line 192) - Score: 90
    i Test 'test_post_processor_process_fragment' asserts against a hardcoded constant instead of a computed expected value
    - Test 'test_post_processor_process_fragment' has low assert-to-setup ratio (14%): 4 asserts vs 24 setup lines
  test_fragment_get_low_confidence_words (line 228) - Score: 90
    i Test 'test_fragment_get_low_confidence_words' asserts against a hardcoded constant instead of a computed expected value
    - Test 'test_fragment_get_low_confidence_words' has low assert-to-setup ratio (10%): 2 asserts vs 19 setup lines
  test_fragment_has_low_confidence_words (line 253) - Score: 90
    i Test 'test_fragment_has_low_confidence_words' has multiple assertions without diagnostic messages
    - Test 'test_fragment_has_low_confidence_words' has low assert-to-setup ratio (11%): 2 asserts vs 17 setup lines
  test_fragment_confidence_report (line 276) - Score: 90
    i Test 'test_fragment_confidence_report' has multiple assertions without diagnostic messages
    - Test 'test_fragment_confidence_report' has low assert-to-setup ratio (18%): 6 asserts vs 27 setup lines
  test_fragment_get_correction_candidates (line 321) - Score: 100
    i Test 'test_fragment_get_correction_candidates' asserts against a hardcoded constant instead of a computed expected value
  test_fragment_words_by_confidence (line 354) - Score: 90
    i Test 'test_fragment_words_by_confidence' asserts against a hardcoded constant instead of a computed expected value
    - Test 'test_fragment_words_by_confidence' has low assert-to-setup ratio (16%): 4 asserts vs 21 setup lines
  test_fragment_average_word_confidence (line 383) - Score: 90
    i Test 'test_fragment_average_word_confidence' has multiple assertions without diagnostic messages
    i Test 'test_fragment_average_word_confidence' uses .unwrap() which silently discards error information
    - Test 'test_fragment_average_word_confidence' has low assert-to-setup ratio (14%): 3 asserts vs 18 setup lines
  test_ocr_region_with_label (line 421) - Score: 100
    i Test 'test_ocr_region_with_label' asserts against a hardcoded constant instead of a computed expected value
    i Test 'test_ocr_region_with_label' has multiple assertions without diagnostic messages
  test_post_processor_suggestion_limit (line 436) - Score: 90
    - Test 'test_post_processor_suggestion_limit' has low assert-to-setup ratio (9%): 1 asserts vs 10 setup lines
  test_correction_types (line 451) - Score: 100
    i Test 'test_correction_types' asserts against a hardcoded constant instead of a computed expected value
    i Test 'test_correction_types' has multiple assertions without diagnostic messages

oxidize-pdf-core/src/text/ocr/rigorous_tests.rs:
  test_character_substitution_single_character (line 17) - Score: 100
    i Test 'test_character_substitution_single_character' asserts against a hardcoded constant instead of a computed expected value
  test_character_substitution_multiple_instances (line 54) - Score: 90
    - Test 'test_character_substitution_multiple_instances' has low assert-to-setup ratio (8%): 1 asserts vs 12 setup lines
  test_character_substitution_no_confusables (line 78) - Score: 90
    - Test 'test_character_substitution_no_confusables' has low assert-to-setup ratio (8%): 1 asserts vs 11 setup lines
  test_pattern_correction_rn_to_m (line 102) - Score: 100
    i Test 'test_pattern_correction_rn_to_m' asserts against a hardcoded constant instead of a computed expected value
  test_pattern_correction_cl_to_d (line 132) - Score: 90
    - Test 'test_pattern_correction_cl_to_d' has low assert-to-setup ratio (12%): 1 asserts vs 7 setup lines
  test_pattern_correction_multiple_occurrences (line 151) - Score: 90
    - Test 'test_pattern_correction_multiple_occurrences' has low assert-to-setup ratio (7%): 1 asserts vs 14 setup lines
  test_dictionary_correction_exact_match (line 178) - Score: 90
    - Test 'test_dictionary_correction_exact_match' has low assert-to-setup ratio (8%): 1 asserts vs 12 setup lines
  test_dictionary_correction_edit_distance_2 (line 236) - Score: 90
    - Test 'test_dictionary_correction_edit_distance_2' has low assert-to-setup ratio (8%): 1 asserts vs 11 setup lines
  test_dictionary_correction_exceeds_max_distance (line 259) - Score: 90
    - Test 'test_dictionary_correction_exceeds_max_distance' has low assert-to-setup ratio (9%): 1 asserts vs 10 setup lines
  test_edit_distance_identical (line 285) - Score: 100
    i Test 'test_edit_distance_identical' asserts against a hardcoded constant instead of a computed expected value
  test_edit_distance_substitution (line 293) - Score: 90
    - Test 'test_edit_distance_substitution' has identical neighborhood to 'test_edit_distance_deletion'
    i Test 'test_edit_distance_substitution' asserts against a hardcoded constant instead of a computed expected value
  test_edit_distance_insertion (line 300) - Score: 90
    - Test 'test_edit_distance_insertion' has identical neighborhood to 'test_edit_distance_deletion'
    i Test 'test_edit_distance_insertion' asserts against a hardcoded constant instead of a computed expected value
  test_edit_distance_deletion (line 307) - Score: 90
    - Test 'test_edit_distance_deletion' has identical neighborhood to 'test_edit_distance_insertion'
    i Test 'test_edit_distance_deletion' asserts against a hardcoded constant instead of a computed expected value
  test_edit_distance_empty_strings (line 314) - Score: 100
    i Test 'test_edit_distance_empty_strings' asserts against a hardcoded constant instead of a computed expected value
  test_edit_distance_complex (line 322) - Score: 90
    i Test 'test_edit_distance_complex' asserts against a hardcoded constant instead of a computed expected value
    - Test 'test_edit_distance_complex' has low assert-to-setup ratio (14%): 1 asserts vs 6 setup lines
  test_region_contains_point_boundaries (line 337) - Score: 100
    i Test 'test_region_contains_point_boundaries' has multiple assertions without diagnostic messages
  test_region_zero_dimensions (line 360) - Score: 80
    - Test 'test_region_zero_dimensions' has identical neighborhood to 'test_region_overlaps_edge_touching'
    i Test 'test_region_zero_dimensions' has multiple assertions without diagnostic messages
    - Test 'test_region_zero_dimensions' does not call any production code
  test_region_overlaps_edge_touching (line 370) - Score: 80
    - Test 'test_region_overlaps_edge_touching' has identical neighborhood to 'test_region_zero_dimensions'
    i Test 'test_region_overlaps_edge_touching' has multiple assertions without diagnostic messages
    - Test 'test_region_overlaps_edge_touching' does not call any production code
  test_region_overlaps_single_pixel (line 380) - Score: 100
    i Test 'test_region_overlaps_single_pixel' has multiple assertions without diagnostic messages
  test_word_confidence_boundary_threshold (line 390) - Score: 100
    i Test 'test_word_confidence_boundary_threshold' has multiple assertions without diagnostic messages
  test_fragment_average_confidence_empty_words (line 404) - Score: 90
    - Test 'test_fragment_average_confidence_empty_words' has low assert-to-setup ratio (7%): 1 asserts vs 13 setup lines
  test_fragment_average_confidence_single_word (line 422) - Score: 90
    - Test 'test_fragment_average_confidence_single_word' has low assert-to-setup ratio (6%): 1 asserts vs 15 setup lines
  test_suggestion_limit_enforced (line 446) - Score: 90
    - Test 'test_suggestion_limit_enforced' has low assert-to-setup ratio (9%): 1 asserts vs 10 setup lines
  test_suggestion_sorting_by_confidence (line 465) - Score: 90
    - Test 'test_suggestion_sorting_by_confidence' has low assert-to-setup ratio (10%): 1 asserts vs 9 setup lines
  test_confidence_report_format_without_words (line 491) - Score: 90
    i Test 'test_confidence_report_format_without_words' has multiple assertions without diagnostic messages
    - Test 'test_confidence_report_format_without_words' has low assert-to-setup ratio (18%): 3 asserts vs 14 setup lines
  test_confidence_report_format_with_words (line 524) - Score: 100
    i Test 'test_confidence_report_format_with_words' has multiple assertions without diagnostic messages
  test_confidence_report_with_character_level (line 560) - Score: 90
    i Test 'test_confidence_report_with_character_level' has multiple assertions without diagnostic messages
    - Test 'test_confidence_report_with_character_level' has low assert-to-setup ratio (12%): 4 asserts vs 28 setup lines
  test_words_by_confidence_sorted_ascending (line 606) - Score: 100
    i Test 'test_words_by_confidence_sorted_ascending' asserts against a hardcoded constant instead of a computed expected value
  test_words_by_confidence_equal_confidences (line 638) - Score: 90
    i Test 'test_words_by_confidence_equal_confidences' asserts against a hardcoded constant instead of a computed expected value
    i Test 'test_words_by_confidence_equal_confidences' has multiple assertions without diagnostic messages
    - Test 'test_words_by_confidence_equal_confidences' has low assert-to-setup ratio (9%): 2 asserts vs 21 setup lines
  test_correction_candidates_respects_threshold (line 669) - Score: 100
    i Test 'test_correction_candidates_respects_threshold' asserts against a hardcoded constant instead of a computed expected value
  test_correction_candidates_position_tracking (line 702) - Score: 90
    i Test 'test_correction_candidates_position_tracking' asserts against a hardcoded constant instead of a computed expected value
    - Test 'test_correction_candidates_position_tracking' has low assert-to-setup ratio (8%): 2 asserts vs 22 setup lines

oxidize-pdf-core/src/text/ocr/tests.rs:
  test_ocr_options_default (line 10) - Score: 90
    i Test 'test_ocr_options_default' asserts against a hardcoded constant instead of a computed expected value
    - Test 'test_ocr_options_default' does not call any production code
  test_image_preprocessing_default (line 19) - Score: 90
    i Test 'test_image_preprocessing_default' asserts against a hardcoded constant instead of a computed expected value
    i Test 'test_image_preprocessing_default' has multiple assertions without diagnostic messages
    - Test 'test_image_preprocessing_default' does not call any production code
  test_ocr_engine_name (line 29) - Score: 100
    i Test 'test_ocr_engine_name' asserts against a hardcoded constant instead of a computed expected value
    i Test 'test_ocr_engine_name' has multiple assertions without diagnostic messages
  test_ocr_engine_supports_format (line 36) - Score: 100
    i Test 'test_ocr_engine_supports_format' has multiple assertions without diagnostic messages
  test_fragment_type_equality (line 51) - Score: 75
    i Test 'test_fragment_type_equality' has multiple assertions without diagnostic messages
    - Test 'test_fragment_type_equality' does not call any production code
    - Test 'test_fragment_type_equality' line 52: assert_eq! with identical arguments: FragmentType :: Word 
  test_mock_ocr_provider_creation (line 58) - Score: 90
    - Test 'test_mock_ocr_provider_creation' uses only mock bindings without calling production code
    i Test 'test_mock_ocr_provider_creation' asserts against a hardcoded constant instead of a computed expected value
    i Test 'test_mock_ocr_provider_creation' has multiple assertions without diagnostic messages
  test_mock_ocr_provider_with_custom_text (line 66) - Score: 100
    i Test 'test_mock_ocr_provider_with_custom_text' asserts against a hardcoded constant instead of a computed expected value
    i Test 'test_mock_ocr_provider_with_custom_text' has multiple assertions without diagnostic messages
  test_mock_ocr_provider_process_image (line 74) - Score: 100
    i Test 'test_mock_ocr_provider_process_image' asserts against a hardcoded constant instead of a computed expected value
    i Test 'test_mock_ocr_provider_process_image' uses .unwrap() which silently discards error information
  test_mock_ocr_provider_supported_formats (line 90) - Score: 100
    i Test 'test_mock_ocr_provider_supported_formats' has multiple assertions without diagnostic messages
  test_mock_ocr_provider_engine_info (line 99) - Score: 90
    - Test 'test_mock_ocr_provider_engine_info' uses only mock bindings without calling production code
    i Test 'test_mock_ocr_provider_engine_info' asserts against a hardcoded constant instead of a computed expected value
    i Test 'test_mock_ocr_provider_engine_info' has multiple assertions without diagnostic messages
  test_mock_ocr_provider_supports_format (line 106) - Score: 90
    - Test 'test_mock_ocr_provider_supports_format' uses only mock bindings without calling production code
    i Test 'test_mock_ocr_provider_supports_format' has multiple assertions without diagnostic messages
  test_mock_ocr_provider_validate_image_data (line 114) - Score: 100
    i Test 'test_mock_ocr_provider_validate_image_data' has multiple assertions without diagnostic messages
  test_ocr_processing_result_filter_by_confidence (line 131) - Score: 90
    i Test 'test_ocr_processing_result_filter_by_confidence' asserts against a hardcoded constant instead of a computed expected value
    - Test 'test_ocr_processing_result_filter_by_confidence' has low assert-to-setup ratio (5%): 2 asserts vs 35 setup lines
  test_ocr_processing_result_fragments_in_region (line 172) - Score: 90
    i Test 'test_ocr_processing_result_fragments_in_region' asserts against a hardcoded constant instead of a computed expected value
    - Test 'test_ocr_processing_result_fragments_in_region' has low assert-to-setup ratio (5%): 2 asserts vs 35 setup lines
  test_ocr_processing_result_fragments_of_type (line 213) - Score: 90
    i Test 'test_ocr_processing_result_fragments_of_type' asserts against a hardcoded constant instead of a computed expected value
    - Test 'test_ocr_processing_result_fragments_of_type' has low assert-to-setup ratio (10%): 4 asserts vs 35 setup lines
  test_ocr_processing_result_average_confidence (line 258) - Score: 90
    i Test 'test_ocr_processing_result_average_confidence' asserts against a hardcoded constant instead of a computed expected value
    - Test 'test_ocr_processing_result_average_confidence' has low assert-to-setup ratio (3%): 1 asserts vs 35 setup lines
  test_ocr_processing_result_average_confidence_empty (line 298) - Score: 90
    i Test 'test_ocr_processing_result_average_confidence_empty' asserts against a hardcoded constant instead of a computed expected value
    - Test 'test_ocr_processing_result_average_confidence_empty' has low assert-to-setup ratio (8%): 1 asserts vs 12 setup lines
  test_ocr_error_display (line 321) - Score: 90
    - Test 'test_ocr_error_display' has a match arm with empty body, ignoring potential error cases
    i Test 'test_ocr_error_display' has multiple assertions without diagnostic messages
  test_ocr_error_from_io_error (line 357) - Score: 80
    - Test 'test_ocr_error_from_io_error' has a match arm with empty body, ignoring potential error cases
    - Test 'test_ocr_error_from_io_error' has low assert-to-setup ratio (11%): 1 asserts vs 8 setup lines
  test_ocr_error_debug_format (line 373) - Score: 100
    i Test 'test_ocr_error_debug_format' has multiple assertions without diagnostic messages
  test_ocr_options_custom_language (line 382) - Score: 90
    i Test 'test_ocr_options_custom_language' asserts against a hardcoded constant instead of a computed expected value
    - Test 'test_ocr_options_custom_language' does not call any production code
  test_ocr_options_confidence_threshold (line 394) - Score: 90
    i Test 'test_ocr_options_confidence_threshold' asserts against a hardcoded constant instead of a computed expected value
    i Test 'test_ocr_options_confidence_threshold' has multiple assertions without diagnostic messages
    - Test 'test_ocr_options_confidence_threshold' does not call any production code
  test_ocr_options_engine_specific (line 410) - Score: 100
    i Test 'test_ocr_options_engine_specific' asserts against a hardcoded constant instead of a computed expected value
    i Test 'test_ocr_options_engine_specific' has multiple assertions without diagnostic messages
  test_ocr_options_clone (line 431) - Score: 100
    i Test 'test_ocr_options_clone' has multiple assertions without diagnostic messages
  test_ocr_options_timeout_configuration (line 466) - Score: 90
    i Test 'test_ocr_options_timeout_configuration' asserts against a hardcoded constant instead of a computed expected value
    i Test 'test_ocr_options_timeout_configuration' has multiple assertions without diagnostic messages
    - Test 'test_ocr_options_timeout_configuration' does not call any production code
  test_image_preprocessing_combinations (line 479) - Score: 90
    i Test 'test_image_preprocessing_combinations' has multiple assertions without diagnostic messages
    - Test 'test_image_preprocessing_combinations' does not call any production code
  test_image_preprocessing_scale_factor (line 504) - Score: 90
    i Test 'test_image_preprocessing_scale_factor' asserts against a hardcoded constant instead of a computed expected value
    i Test 'test_image_preprocessing_scale_factor' has multiple assertions without diagnostic messages
    - Test 'test_image_preprocessing_scale_factor' does not call any production code
  test_image_preprocessing_clone (line 520) - Score: 90
    i Test 'test_image_preprocessing_clone' has multiple assertions without diagnostic messages
    - Test 'test_image_preprocessing_clone' does not call any production code
  test_ocr_text_fragment_creation (line 539) - Score: 90
    i Test 'test_ocr_text_fragment_creation' asserts against a hardcoded constant instead of a computed expected value
    - Test 'test_ocr_text_fragment_creation' does not call any production code
  test_ocr_text_fragment_clone (line 563) - Score: 90
    i Test 'test_ocr_text_fragment_clone' has multiple assertions without diagnostic messages
    - Test 'test_ocr_text_fragment_clone' does not call any production code
  test_fragment_type_copy (line 584) - Score: 90
    i Test 'test_fragment_type_copy' has multiple assertions without diagnostic messages
    - Test 'test_fragment_type_copy' does not call any production code
  test_fragment_position_calculations (line 592) - Score: 80
    i Test 'test_fragment_position_calculations' asserts against a hardcoded constant instead of a computed expected value
    i Test 'test_fragment_position_calculations' has multiple assertions without diagnostic messages
    - Test 'test_fragment_position_calculations' has low assert-to-setup ratio (11%): 2 asserts vs 16 setup lines
    - Test 'test_fragment_position_calculations' does not call any production code
  test_ocr_result_complex_region_filtering (line 615) - Score: 90
    i Test 'test_ocr_result_complex_region_filtering' asserts against a hardcoded constant instead of a computed expected value
    i Test 'test_ocr_result_complex_region_filtering' has multiple assertions without diagnostic messages
    - Test 'test_ocr_result_complex_region_filtering' has low assert-to-setup ratio (5%): 3 asserts vs 60 setup lines
  test_ocr_result_confidence_edge_cases (line 688) - Score: 90
    i Test 'test_ocr_result_confidence_edge_cases' asserts against a hardcoded constant instead of a computed expected value
    i Test 'test_ocr_result_confidence_edge_cases' has multiple assertions without diagnostic messages
    - Test 'test_ocr_result_confidence_edge_cases' has low assert-to-setup ratio (8%): 4 asserts vs 48 setup lines
  test_ocr_result_fragment_type_combinations (line 744) - Score: 90
    i Test 'test_ocr_result_fragment_type_combinations' asserts against a hardcoded constant instead of a computed expected value
    i Test 'test_ocr_result_fragment_type_combinations' has multiple assertions without diagnostic messages
    - Test 'test_ocr_result_fragment_type_combinations' has low assert-to-setup ratio (6%): 4 asserts vs 58 setup lines
  test_ocr_result_large_fragment_set (line 810) - Score: 90
    i Test 'test_ocr_result_large_fragment_set' asserts against a hardcoded constant instead of a computed expected value
    i Test 'test_ocr_result_large_fragment_set' has multiple assertions without diagnostic messages
    - Test 'test_ocr_result_large_fragment_set' has low assert-to-setup ratio (11%): 4 asserts vs 33 setup lines
  test_ocr_result_empty_handling (line 857) - Score: 100
    i Test 'test_ocr_result_empty_handling' asserts against a hardcoded constant instead of a computed expected value
    i Test 'test_ocr_result_empty_handling' has multiple assertions without diagnostic messages
  test_mock_provider_configuration_mutations (line 877) - Score: 100
    i Test 'test_mock_provider_configuration_mutations' asserts against a hardcoded constant instead of a computed expected value
    i Test 'test_mock_provider_configuration_mutations' has multiple assertions without diagnostic messages
    i Test 'test_mock_provider_configuration_mutations' uses .unwrap() which silently discards error information
  test_mock_provider_confidence_clamping (line 899) - Score: 90
    - Test 'test_mock_provider_confidence_clamping' uses only mock bindings without calling production code
    i Test 'test_mock_provider_confidence_clamping' asserts against a hardcoded constant instead of a computed expected value
    i Test 'test_mock_provider_confidence_clamping' has multiple assertions without diagnostic messages
  test_mock_provider_validate_png (line 916) - Score: 100
    i Test 'test_mock_provider_validate_png' has multiple assertions without diagnostic messages
  test_mock_provider_validate_tiff (line 929) - Score: 100
    i Test 'test_mock_provider_validate_tiff' has multiple assertions without diagnostic messages
  test_mock_provider_process_page (line 942) - Score: 90
    i Test 'test_mock_provider_process_page' uses .unwrap() which silently discards error information
    - Test 'test_mock_provider_process_page' has low assert-to-setup ratio (9%): 2 asserts vs 20 setup lines
  test_mock_provider_thread_safety (line 968) - Score: 90
    i Test 'test_mock_provider_thread_safety' has multiple assertions without diagnostic messages
    i Test 'test_mock_provider_thread_safety' uses .unwrap() which silently discards error information
    - Test 'test_mock_provider_thread_safety' has low assert-to-setup ratio (18%): 4 asserts vs 18 setup lines
  test_ocr_engine_display (line 1004) - Score: 90
    i Test 'test_ocr_engine_display' asserts against a hardcoded constant instead of a computed expected value
    i Test 'test_ocr_engine_display' has multiple assertions without diagnostic messages
    - Test 'test_ocr_engine_display' does not call any production code
  test_ocr_engine_equality (line 1013) - Score: 75
    i Test 'test_ocr_engine_equality' has multiple assertions without diagnostic messages
    - Test 'test_ocr_engine_equality' does not call any production code
    - Test 'test_ocr_engine_equality' line 1014: assert_eq! with identical arguments: OcrEngine :: Mock 
  test_ocr_engine_format_support_matrix (line 1024) - Score: 90
    - Test 'test_ocr_engine_format_support_matrix' has low assert-to-setup ratio (4%): 1 asserts vs 22 setup lines
  test_validate_image_data_all_formats (line 1058) - Score: 90
    - Test 'test_validate_image_data_all_formats' has low assert-to-setup ratio (4%): 1 asserts vs 26 setup lines
  test_ocr_options_with_all_preprocessing (line 1095) - Score: 100
    i Test 'test_ocr_options_with_all_preprocessing' asserts against a hardcoded constant instead of a computed expected value
  test_fragment_boundary_calculations (line 1132) - Score: 90
    i Test 'test_fragment_boundary_calculations' asserts against a hardcoded constant instead of a computed expected value
    i Test 'test_fragment_boundary_calculations' has multiple assertions without diagnostic messages
    - Test 'test_fragment_boundary_calculations' has low assert-to-setup ratio (10%): 4 asserts vs 37 setup lines
  test_error_chain_context (line 1177) - Score: 100
    i Test 'test_error_chain_context' has multiple assertions without diagnostic messages
  test_concurrent_result_processing (line 1197) - Score: 90
    i Test 'test_concurrent_result_processing' asserts against a hardcoded constant instead of a computed expected value
    i Test 'test_concurrent_result_processing' uses .unwrap() which silently discards error information
    - Test 'test_concurrent_result_processing' has low assert-to-setup ratio (5%): 3 asserts vs 52 setup lines

oxidize-pdf-core/src/text/plaintext/extractor.rs:
  test_new (line 763) - Score: 90
    i Test 'test_new' asserts against a hardcoded constant instead of a computed expected value
    - Test 'test_new' does not call any production code
  test_default (line 776) - Score: 90
    - Test 'test_default' does not call any production code
  test_normalize_line_breaks_hyphenated (line 782) - Score: 90
    - Test 'test_normalize_line_breaks_hyphenated' only exercises the happy path — no None, Err, or edge-case inputs
    i Test 'test_normalize_line_breaks_hyphenated' asserts against a hardcoded constant instead of a computed expected value
  test_normalize_line_breaks_no_hyphen (line 790) - Score: 90
    - Test 'test_normalize_line_breaks_no_hyphen' only exercises the happy path — no None, Err, or edge-case inputs
    i Test 'test_normalize_line_breaks_no_hyphen' asserts against a hardcoded constant instead of a computed expected value
  test_auto_line_breaks_punctuation (line 798) - Score: 90
    - Test 'test_auto_line_breaks_punctuation' only exercises the happy path — no None, Err, or edge-case inputs
    i Test 'test_auto_line_breaks_punctuation' asserts against a hardcoded constant instead of a computed expected value
  test_auto_line_breaks_wrapped (line 809) - Score: 90
    - Test 'test_auto_line_breaks_wrapped' only exercises the happy path — no None, Err, or edge-case inputs
    i Test 'test_auto_line_breaks_wrapped' has multiple assertions without diagnostic messages
  test_auto_line_breaks_empty_lines (line 818) - Score: 90
    - Test 'test_auto_line_breaks_empty_lines' only exercises the happy path — no None, Err, or edge-case inputs
  test_apply_line_break_mode_preserve_all (line 826) - Score: 80
    - Test 'test_apply_line_break_mode_preserve_all' only exercises the happy path — no None, Err, or edge-case inputs
    - Test 'test_apply_line_break_mode_preserve_all' has low assert-to-setup ratio (14%): 1 asserts vs 6 setup lines
  test_apply_line_break_mode_normalize (line 837) - Score: 80
    - Test 'test_apply_line_break_mode_normalize' only exercises the happy path — no None, Err, or edge-case inputs
    i Test 'test_apply_line_break_mode_normalize' asserts against a hardcoded constant instead of a computed expected value
    - Test 'test_apply_line_break_mode_normalize' has low assert-to-setup ratio (14%): 1 asserts vs 6 setup lines
  test_apply_line_break_mode_auto (line 848) - Score: 80
    - Test 'test_apply_line_break_mode_auto' only exercises the happy path — no None, Err, or edge-case inputs
    - Test 'test_apply_line_break_mode_auto' has low assert-to-setup ratio (14%): 1 asserts vs 6 setup lines
  test_multiply_matrix (line 866) - Score: 80
    - Setup helper 'multiply_matrix' is duplicated in 1 other file(s)
    - Test 'test_multiply_matrix' does not call any production code
  test_transform_point (line 874) - Score: 80
    - Setup helper 'transform_point' is duplicated in 1 other file(s)
    i Test 'test_transform_point' asserts against a hardcoded constant instead of a computed expected value
    i Test 'test_transform_point' has multiple assertions without diagnostic messages
    - Test 'test_transform_point' does not call any production code

oxidize-pdf-core/src/text/plaintext/types.rs:
  test_config_default (line 338) - Score: 90
    i Test 'test_config_default' asserts against a hardcoded constant instead of a computed expected value
    i Test 'test_config_default' has multiple assertions without diagnostic messages
    - Test 'test_config_default' does not call any production code
  test_config_new (line 347) - Score: 90
    - Test 'test_config_new' does not call any production code
  test_config_dense (line 353) - Score: 100
    i Test 'test_config_dense' asserts against a hardcoded constant instead of a computed expected value
    i Test 'test_config_dense' has multiple assertions without diagnostic messages
  test_config_loose (line 361) - Score: 100
    i Test 'test_config_loose' asserts against a hardcoded constant instead of a computed expected value
    i Test 'test_config_loose' has multiple assertions without diagnostic messages
  test_config_preserve_layout (line 369) - Score: 100
    i Test 'test_config_preserve_layout' has multiple assertions without diagnostic messages
  test_line_break_mode_equality (line 376) - Score: 75
    i Test 'test_line_break_mode_equality' has multiple assertions without diagnostic messages
    - Test 'test_line_break_mode_equality' does not call any production code
    - Test 'test_line_break_mode_equality' line 377: assert_eq! with identical arguments: LineBreakMode :: Auto 
  test_plain_text_result_new (line 382) - Score: 90
    i Test 'test_plain_text_result_new' asserts against a hardcoded constant instead of a computed expected value
    - Test 'test_plain_text_result_new' does not call any production code
  test_plain_text_result_empty (line 390) - Score: 100
    i Test 'test_plain_text_result_empty' asserts against a hardcoded constant instead of a computed expected value
  test_plain_text_result_is_empty (line 399) - Score: 100
    i Test 'test_plain_text_result_is_empty' has multiple assertions without diagnostic messages
  test_plain_text_result_line_count (line 408) - Score: 90
    i Test 'test_plain_text_result_line_count' asserts against a hardcoded constant instead of a computed expected value
    i Test 'test_plain_text_result_line_count' has multiple assertions without diagnostic messages
    - Test 'test_plain_text_result_line_count' does not call any production code

oxidize-pdf-core/src/text/structured/detector.rs:
  test_detector_creation (line 114) - Score: 100
    i Test 'test_detector_creation' has multiple assertions without diagnostic messages
  test_detector_empty_input (line 122) - Score: 100
    i Test 'test_detector_empty_input' asserts against a hardcoded constant instead of a computed expected value
    i Test 'test_detector_empty_input' has multiple assertions without diagnostic messages
  test_detector_config_update (line 134) - Score: 90
    - Test 'test_detector_config_update' has low assert-to-setup ratio (12%): 1 asserts vs 7 setup lines
  test_detector_selective_detection (line 146) - Score: 90
    i Test 'test_detector_selective_detection' asserts against a hardcoded constant instead of a computed expected value
    i Test 'test_detector_selective_detection' has multiple assertions without diagnostic messages
    - Test 'test_detector_selective_detection' has low assert-to-setup ratio (10%): 3 asserts vs 27 setup lines

oxidize-pdf-core/src/text/structured/keyvalue.rs:
  test_detect_colon_simple (line 199) - Score: 90
    i Test 'test_detect_colon_simple' asserts against a hardcoded constant instead of a computed expected value
    - Test 'test_detect_colon_simple' does not call any production code
  test_detect_colon_multiple (line 212) - Score: 90
    i Test 'test_detect_colon_multiple' asserts against a hardcoded constant instead of a computed expected value
    - Test 'test_detect_colon_multiple' does not call any production code
  test_detect_colon_no_match (line 228) - Score: 80
    i Test 'test_detect_colon_no_match' asserts against a hardcoded constant instead of a computed expected value
    - Test 'test_detect_colon_no_match' has low assert-to-setup ratio (12%): 1 asserts vs 7 setup lines
    - Test 'test_detect_colon_no_match' does not call any production code
  test_detect_spatial_alignment (line 240) - Score: 90
    i Test 'test_detect_spatial_alignment' asserts against a hardcoded constant instead of a computed expected value
    - Test 'test_detect_spatial_alignment' does not call any production code
  test_detect_spatial_no_gap (line 256) - Score: 80
    i Test 'test_detect_spatial_no_gap' asserts against a hardcoded constant instead of a computed expected value
    - Test 'test_detect_spatial_no_gap' has low assert-to-setup ratio (12%): 1 asserts vs 7 setup lines
    - Test 'test_detect_spatial_no_gap' does not call any production code
  test_detect_tabular (line 268) - Score: 90
    i Test 'test_detect_tabular' asserts against a hardcoded constant instead of a computed expected value
    - Test 'test_detect_tabular' does not call any production code
  test_detect_tabular_multiple_tabs (line 281) - Score: 80
    i Test 'test_detect_tabular_multiple_tabs' asserts against a hardcoded constant instead of a computed expected value
    - Test 'test_detect_tabular_multiple_tabs' has low assert-to-setup ratio (17%): 1 asserts vs 5 setup lines
    - Test 'test_detect_tabular_multiple_tabs' does not call any production code
  test_group_by_y_position (line 291) - Score: 90
    i Test 'test_group_by_y_position' asserts against a hardcoded constant instead of a computed expected value
    i Test 'test_group_by_y_position' has multiple assertions without diagnostic messages
    - Test 'test_group_by_y_position' does not call any production code
  test_calculate_kv_confidence (line 306) - Score: 90
    i Test 'test_calculate_kv_confidence' asserts against a hardcoded constant instead of a computed expected value
    - Test 'test_calculate_kv_confidence' does not call any production code
  test_detect_key_value_pairs_integrated (line 328) - Score: 100
    i Test 'test_detect_key_value_pairs_integrated' asserts against a hardcoded constant instead of a computed expected value
    i Test 'test_detect_key_value_pairs_integrated' has multiple assertions without diagnostic messages

oxidize-pdf-core/src/text/structured/layout.rs:
  test_detect_no_boundaries (line 182) - Score: 80
    i Test 'test_detect_no_boundaries' asserts against a hardcoded constant instead of a computed expected value
    - Test 'test_detect_no_boundaries' has low assert-to-setup ratio (12%): 1 asserts vs 7 setup lines
    - Test 'test_detect_no_boundaries' does not call any production code
  test_detect_two_columns (line 194) - Score: 100
    i Test 'test_detect_two_columns' asserts against a hardcoded constant instead of a computed expected value
    i Test 'test_detect_two_columns' has multiple assertions without diagnostic messages
  test_detect_three_columns (line 212) - Score: 80
    i Test 'test_detect_three_columns' asserts against a hardcoded constant instead of a computed expected value
    - Test 'test_detect_three_columns' has low assert-to-setup ratio (11%): 1 asserts vs 8 setup lines
    - Test 'test_detect_three_columns' does not call any production code
  test_find_column_index (line 225) - Score: 90
    i Test 'test_find_column_index' asserts against a hardcoded constant instead of a computed expected value
    i Test 'test_find_column_index' has multiple assertions without diagnostic messages
    - Test 'test_find_column_index' does not call any production code
  test_assign_to_columns_two_columns (line 237) - Score: 100
    i Test 'test_assign_to_columns_two_columns' asserts against a hardcoded constant instead of a computed expected value
    i Test 'test_assign_to_columns_two_columns' has multiple assertions without diagnostic messages
  test_column_layout_single_column (line 260) - Score: 100
    i Test 'test_column_layout_single_column' asserts against a hardcoded constant instead of a computed expected value
    i Test 'test_column_layout_single_column' has multiple assertions without diagnostic messages
  test_column_layout_two_columns (line 276) - Score: 100
    i Test 'test_column_layout_two_columns' asserts against a hardcoded constant instead of a computed expected value
    i Test 'test_column_layout_two_columns' has multiple assertions without diagnostic messages
  test_column_layout_empty (line 295) - Score: 90
    i Test 'test_column_layout_empty' asserts against a hardcoded constant instead of a computed expected value
    - Test 'test_column_layout_empty' does not call any production code
  test_calculate_column_bbox (line 303) - Score: 90
    i Test 'test_calculate_column_bbox' asserts against a hardcoded constant instead of a computed expected value
    i Test 'test_calculate_column_bbox' has multiple assertions without diagnostic messages
    - Test 'test_calculate_column_bbox' does not call any production code
  test_column_sorting_reading_order (line 319) - Score: 100
    i Test 'test_column_sorting_reading_order' asserts against a hardcoded constant instead of a computed expected value

oxidize-pdf-core/src/text/structured/table.rs:
  test_cluster_columns_simple (line 287) - Score: 100
    i Test 'test_cluster_columns_simple' asserts against a hardcoded constant instead of a computed expected value
    i Test 'test_cluster_columns_simple' has multiple assertions without diagnostic messages
  test_cluster_columns_single (line 297) - Score: 90
    i Test 'test_cluster_columns_single' asserts against a hardcoded constant instead of a computed expected value
    i Test 'test_cluster_columns_single' has multiple assertions without diagnostic messages
    - Test 'test_cluster_columns_single' does not call any production code
  test_cluster_rows_descending (line 306) - Score: 100
    i Test 'test_cluster_rows_descending' asserts against a hardcoded constant instead of a computed expected value
    i Test 'test_cluster_rows_descending' has multiple assertions without diagnostic messages
  test_detect_simple_table (line 316) - Score: 100
    i Test 'test_detect_simple_table' asserts against a hardcoded constant instead of a computed expected value
    i Test 'test_detect_simple_table' has multiple assertions without diagnostic messages
  test_detect_table_with_threshold (line 334) - Score: 80
    i Test 'test_detect_table_with_threshold' asserts against a hardcoded constant instead of a computed expected value
    - Test 'test_detect_table_with_threshold' has low assert-to-setup ratio (9%): 1 asserts vs 10 setup lines
    - Test 'test_detect_table_with_threshold' does not call any production code
  test_table_cell_assignment (line 349) - Score: 100
    i Test 'test_table_cell_assignment' asserts against a hardcoded constant instead of a computed expected value
    i Test 'test_table_cell_assignment' has multiple assertions without diagnostic messages
  test_table_confidence_full (line 395) - Score: 80
    i Test 'test_table_confidence_full' asserts against a hardcoded constant instead of a computed expected value
    i Test 'test_table_confidence_full' has multiple assertions without diagnostic messages
    - Test 'test_table_confidence_full' has low assert-to-setup ratio (17%): 2 asserts vs 10 setup lines
    - Test 'test_table_confidence_full' does not call any production code
  test_table_confidence_sparse (line 411) - Score: 80
    i Test 'test_table_confidence_sparse' asserts against a hardcoded constant instead of a computed expected value
    i Test 'test_table_confidence_sparse' has multiple assertions without diagnostic messages
    - Test 'test_table_confidence_sparse' has low assert-to-setup ratio (17%): 2 asserts vs 10 setup lines
    - Test 'test_table_confidence_sparse' does not call any production code
  test_detect_empty_input (line 427) - Score: 90
    i Test 'test_detect_empty_input' asserts against a hardcoded constant instead of a computed expected value
    - Test 'test_detect_empty_input' does not call any production code
  test_detect_irregular_table (line 436) - Score: 100
    i Test 'test_detect_irregular_table' asserts against a hardcoded constant instead of a computed expected value
    i Test 'test_detect_irregular_table' has multiple assertions without diagnostic messages

oxidize-pdf-core/src/text/structured/types.rs:
  test_bounding_box_basic (line 404) - Score: 100
    i Test 'test_bounding_box_basic' asserts against a hardcoded constant instead of a computed expected value
    i Test 'test_bounding_box_basic' has multiple assertions without diagnostic messages
  test_bounding_box_contains (line 415) - Score: 100
    i Test 'test_bounding_box_contains' has multiple assertions without diagnostic messages
  test_cell_operations (line 425) - Score: 100
    i Test 'test_cell_operations' asserts against a hardcoded constant instead of a computed expected value
  test_column_edges (line 440) - Score: 100
    i Test 'test_column_edges' asserts against a hardcoded constant instead of a computed expected value
    i Test 'test_column_edges' has multiple assertions without diagnostic messages
  test_table_accessors (line 447) - Score: 100
    i Test 'test_table_accessors' asserts against a hardcoded constant instead of a computed expected value
    i Test 'test_table_accessors' has multiple assertions without diagnostic messages
  test_config_builder (line 462) - Score: 100
    i Test 'test_config_builder' asserts against a hardcoded constant instead of a computed expected value
    i Test 'test_config_builder' has multiple assertions without diagnostic messages
  test_alignment_default (line 476) - Score: 90
    - Test 'test_alignment_default' does not call any production code

oxidize-pdf-core/src/text/table.rs:
  test_table_creation (line 807) - Score: 90
    i Test 'test_table_creation' asserts against a hardcoded constant instead of a computed expected value
    i Test 'test_table_creation' has multiple assertions without diagnostic messages
    - Test 'test_table_creation' does not call any production code
  test_table_equal_columns (line 814) - Score: 100
    i Test 'test_table_equal_columns' asserts against a hardcoded constant instead of a computed expected value
    i Test 'test_table_equal_columns' has multiple assertions without diagnostic messages
  test_add_header_row (line 822) - Score: 100
    i Test 'test_add_header_row' asserts against a hardcoded constant instead of a computed expected value
    i Test 'test_add_header_row' has multiple assertions without diagnostic messages
  test_add_row_mismatch (line 835) - Score: 90
    - Test 'test_add_row_mismatch' has low assert-to-setup ratio (14%): 1 asserts vs 6 setup lines
  test_table_cell_creation (line 846) - Score: 90
    i Test 'test_table_cell_creation' asserts against a hardcoded constant instead of a computed expected value
    - Test 'test_table_cell_creation' does not call any production code
  test_table_cell_with_colspan (line 854) - Score: 100
    i Test 'test_table_cell_with_colspan' asserts against a hardcoded constant instead of a computed expected value
  test_custom_row_colspan_validation (line 861) - Score: 100
    i Test 'test_custom_row_colspan_validation' asserts against a hardcoded constant instead of a computed expected value
    i Test 'test_custom_row_colspan_validation' has multiple assertions without diagnostic messages
  test_custom_row_invalid_colspan (line 873) - Score: 90
    - Test 'test_custom_row_invalid_colspan' has low assert-to-setup ratio (14%): 1 asserts vs 6 setup lines
  test_table_options_default (line 884) - Score: 100
    i Test 'test_table_options_default' asserts against a hardcoded constant instead of a computed expected value
    i Test 'test_table_options_default' has multiple assertions without diagnostic messages
  test_header_style (line 896) - Score: 100
    i Test 'test_header_style' has multiple assertions without diagnostic messages
  test_table_dimensions (line 908) - Score: 100
    i Test 'test_table_dimensions' asserts against a hardcoded constant instead of a computed expected value
    i Test 'test_table_dimensions' has multiple assertions without diagnostic messages
    i Test 'test_table_dimensions' uses .unwrap() which silently discards error information
  test_row_with_alignment (line 931) - Score: 100
    i Test 'test_row_with_alignment' has multiple assertions without diagnostic messages
  test_table_cell_setters (line 942) - Score: 100
    i Test 'test_table_cell_setters' asserts against a hardcoded constant instead of a computed expected value
    i Test 'test_table_cell_setters' has multiple assertions without diagnostic messages
  test_auto_row_height (line 950) - Score: 100
    i Test 'test_auto_row_height' asserts against a hardcoded constant instead of a computed expected value
  test_fixed_row_height (line 958) - Score: 100
    i Test 'test_fixed_row_height' asserts against a hardcoded constant instead of a computed expected value
  test_grid_styles (line 967) - Score: 90
    i Test 'test_grid_styles' has multiple assertions without diagnostic messages
    - Test 'test_grid_styles' does not call any production code
  test_cell_border_style (line 984) - Score: 100
    i Test 'test_cell_border_style' asserts against a hardcoded constant instead of a computed expected value
    i Test 'test_cell_border_style' has multiple assertions without diagnostic messages
  test_table_with_alternating_colors (line 1000) - Score: 100
    i Test 'test_table_with_alternating_colors' asserts against a hardcoded constant instead of a computed expected value
    i Test 'test_table_with_alternating_colors' has multiple assertions without diagnostic messages
    i Test 'test_table_with_alternating_colors' uses .unwrap() which silently discards error information
  test_cell_with_background (line 1016) - Score: 100
    i Test 'test_cell_with_background' has multiple assertions without diagnostic messages
  test_cell_with_custom_border (line 1025) - Score: 100
    i Test 'test_cell_with_custom_border' asserts against a hardcoded constant instead of a computed expected value
    i Test 'test_cell_with_custom_border' has multiple assertions without diagnostic messages
    i Test 'test_cell_with_custom_border' uses .unwrap() which silently discards error information

oxidize-pdf-core/src/text/table_detection.rs:
  test_bounding_box_contains_point (line 734) - Score: 100
    i Test 'test_bounding_box_contains_point' has multiple assertions without diagnostic messages
  test_table_cell_new (line 753) - Score: 90
    i Test 'test_table_cell_new' asserts against a hardcoded constant instead of a computed expected value
    i Test 'test_table_cell_new' has multiple assertions without diagnostic messages
    - Test 'test_table_cell_new' does not call any production code
  test_table_cell_set_text (line 764) - Score: 100
    i Test 'test_table_cell_set_text' asserts against a hardcoded constant instead of a computed expected value
  test_detected_table_get_cell (line 774) - Score: 100
    i Test 'test_detected_table_get_cell' asserts against a hardcoded constant instead of a computed expected value
    i Test 'test_detected_table_get_cell' has multiple assertions without diagnostic messages
  test_table_detection_config_default (line 797) - Score: 90
    i Test 'test_table_detection_config_default' asserts against a hardcoded constant instead of a computed expected value
    i Test 'test_table_detection_config_default' has multiple assertions without diagnostic messages
    - Test 'test_table_detection_config_default' does not call any production code

oxidize-pdf-core/src/text/template.rs:
  test_template_value_display (line 465) - Score: 100
    i Test 'test_template_value_display' asserts against a hardcoded constant instead of a computed expected value
    i Test 'test_template_value_display' has multiple assertions without diagnostic messages
  test_template_value_from (line 477) - Score: 100
    i Test 'test_template_value_from' has multiple assertions without diagnostic messages
  test_template_context (line 489) - Score: 100
    i Test 'test_template_context' has multiple assertions without diagnostic messages
  test_template_context_is_truthy (line 506) - Score: 100
    i Test 'test_template_context_is_truthy' has multiple assertions without diagnostic messages
  test_simple_template_engine (line 530) - Score: 100
    i Test 'test_simple_template_engine' asserts against a hardcoded constant instead of a computed expected value
    i Test 'test_simple_template_engine' uses .unwrap() which silently discards error information
  test_template_with_missing_variable (line 540) - Score: 100
    i Test 'test_template_with_missing_variable' asserts against a hardcoded constant instead of a computed expected value
    i Test 'test_template_with_missing_variable' uses .unwrap() which silently discards error information
  test_template_with_helpers (line 550) - Score: 100
    i Test 'test_template_with_helpers' has multiple assertions without diagnostic messages
    i Test 'test_template_with_helpers' uses .unwrap() which silently discards error information
  test_advanced_template_tokenizer (line 560) - Score: 100
    i Test 'test_advanced_template_tokenizer' asserts against a hardcoded constant instead of a computed expected value
    i Test 'test_advanced_template_tokenizer' uses .unwrap() which silently discards error information
  test_advanced_template_conditional (line 580) - Score: 100
    i Test 'test_advanced_template_conditional' asserts against a hardcoded constant instead of a computed expected value
    i Test 'test_advanced_template_conditional' uses .unwrap() which silently discards error information
  test_advanced_template_loop (line 594) - Score: 90
    i Test 'test_advanced_template_loop' asserts against a hardcoded constant instead of a computed expected value
    i Test 'test_advanced_template_loop' uses .unwrap() which silently discards error information
    - Test 'test_advanced_template_loop' has low assert-to-setup ratio (15%): 2 asserts vs 11 setup lines
  test_template_array_access (line 611) - Score: 100
    i Test 'test_template_array_access' asserts against a hardcoded constant instead of a computed expected value
    i Test 'test_template_array_access' has multiple assertions without diagnostic messages
  test_nested_templates (line 629) - Score: 90
    i Test 'test_nested_templates' asserts against a hardcoded constant instead of a computed expected value
    i Test 'test_nested_templates' uses .unwrap() which silently discards error information
    - Test 'test_nested_templates' has low assert-to-setup ratio (18%): 2 asserts vs 9 setup lines
  test_template_value_array_display (line 644) - Score: 90
    i Test 'test_template_value_array_display' asserts against a hardcoded constant instead of a computed expected value
    - Test 'test_template_value_array_display' has low assert-to-setup ratio (14%): 1 asserts vs 6 setup lines
  test_template_context_default (line 655) - Score: 90
    - Test 'test_template_context_default' does not call any production code
  test_malformed_template (line 661) - Score: 100
    i Test 'test_malformed_template' asserts against a hardcoded constant instead of a computed expected value
    i Test 'test_malformed_template' uses .unwrap() which silently discards error information

oxidize-pdf-core/src/text/tesseract_provider.rs:
  test_config_default (line 343) - Score: 90
    i Test 'test_config_default' asserts against a hardcoded constant instead of a computed expected value
    - Test 'test_config_default' does not call any production code
  test_provider_creation (line 353) - Score: 60
    - Test 'test_provider_creation' does not call any production code
    - Test 'test_provider_creation' has no assertions
  test_confidence_estimation (line 360) - Score: 80
    - Test 'test_confidence_estimation' only exercises the happy path — no None, Err, or edge-case inputs
    i Test 'test_confidence_estimation' asserts against a hardcoded constant instead of a computed expected value
    i Test 'test_confidence_estimation' has multiple assertions without diagnostic messages
    - Test 'test_confidence_estimation' does not call any production code
  test_engine_info (line 374) - Score: 100
    i Test 'test_engine_info' asserts against a hardcoded constant instead of a computed expected value
    i Test 'test_engine_info' has multiple assertions without diagnostic messages

oxidize-pdf-core/src/text/text_block.rs:
  test_compute_line_widths_empty (line 145) - Score: 90
    - Test 'test_compute_line_widths_empty' does not call any production code
  test_compute_line_widths_single_word (line 151) - Score: 90
    i Test 'test_compute_line_widths_single_word' asserts against a hardcoded constant instead of a computed expected value
    i Test 'test_compute_line_widths_single_word' has multiple assertions without diagnostic messages
    - Test 'test_compute_line_widths_single_word' does not call any production code
  test_measure_text_block_empty (line 158) - Score: 90
    i Test 'test_measure_text_block_empty' asserts against a hardcoded constant instead of a computed expected value
    i Test 'test_measure_text_block_empty' has multiple assertions without diagnostic messages
    - Test 'test_measure_text_block_empty' does not call any production code
  test_measure_text_block_with_uses_document_scope (line 166) - Score: 90
    - Test 'test_measure_text_block_with_uses_document_scope' has low assert-to-setup ratio (5%): 1 asserts vs 18 setup lines
  test_measure_text_block_with_uses_store_across_wrap (line 193) - Score: 90
    i Test 'test_measure_text_block_with_uses_store_across_wrap' asserts against a hardcoded constant instead of a computed expected value
    - Test 'test_measure_text_block_with_uses_store_across_wrap' has low assert-to-setup ratio (6%): 2 asserts vs 31 setup lines

oxidize-pdf-core/src/text/ttf_parser.rs:
  test_truetype_signature (line 425) - Score: 100
    i Test 'test_truetype_signature' has multiple assertions without diagnostic messages
  test_invalid_signature (line 438) - Score: 100
    i Test 'test_invalid_signature' has multiple assertions without diagnostic messages
  test_font_flags (line 449) - Score: 90
    i Test 'test_font_flags' has multiple assertions without diagnostic messages
    - Test 'test_font_flags' has low assert-to-setup ratio (8%): 2 asserts vs 23 setup lines
  test_font_metrics_conversion (line 478) - Score: 100
    i Test 'test_font_metrics_conversion' asserts against a hardcoded constant instead of a computed expected value
    i Test 'test_font_metrics_conversion' has multiple assertions without diagnostic messages

oxidize-pdf-core/src/text/usecmap_resolution_tests.rs:
  child_range_overrides_parent_single_and_retains_other_parent_codes (line 45) - Score: 100
    i Test 'child_range_overrides_parent_single_and_retains_other_parent_codes' has multiple assertions without diagnostic messages
    i Test 'child_range_overrides_parent_single_and_retains_other_parent_codes' uses .unwrap() which silently discards error information
  dictionary_parent_takes_precedence_over_named_operator (line 58) - Score: 90
    i Test 'dictionary_parent_takes_precedence_over_named_operator' has multiple assertions without diagnostic messages
    i Test 'dictionary_parent_takes_precedence_over_named_operator' uses .unwrap() which silently discards error information
    - Test 'dictionary_parent_takes_precedence_over_named_operator' does not call any production code
  named_identity_dictionary_supplies_unicode_codespace (line 81) - Score: 100
    i Test 'named_identity_dictionary_supplies_unicode_codespace' has multiple assertions without diagnostic messages
    i Test 'named_identity_dictionary_supplies_unicode_codespace' uses .unwrap() which silently discards error information
  inherited_writing_mode_allows_explicit_horizontal_override (line 98) - Score: 90
    i Test 'inherited_writing_mode_allows_explicit_horizontal_override' uses .unwrap() which silently discards error information
    - Test 'inherited_writing_mode_allows_explicit_horizontal_override' does not call any production code
  self_and_two_stream_cycles_fail_strict_but_keep_explicit_child_in_recovery (line 117) - Score: 100
    i Test 'self_and_two_stream_cycles_fail_strict_but_keep_explicit_child_in_recovery' has multiple assertions without diagnostic messages
    i Test 'self_and_two_stream_cycles_fail_strict_but_keep_explicit_child_in_recovery' uses .unwrap() which silently discards error information
  parent_chain_limit_accepts_sixteen_streams_and_rejects_seventeen (line 144) - Score: 100
    i Test 'parent_chain_limit_accepts_sixteen_streams_and_rejects_seventeen' has multiple assertions without diagnostic messages
  invalid_parent_type_and_missing_reference_preserve_recovery_child (line 172) - Score: 100
    i Test 'invalid_parent_type_and_missing_reference_preserve_recovery_child' has multiple assertions without diagnostic messages
  encoding_child_range_overrides_parent_single_and_inherits_other_width_codes (line 191) - Score: 100
    i Test 'encoding_child_range_overrides_parent_single_and_inherits_other_width_codes' asserts against a hardcoded constant instead of a computed expected value
    i Test 'encoding_child_range_overrides_parent_single_and_inherits_other_width_codes' has multiple assertions without diagnostic messages
    i Test 'encoding_child_range_overrides_parent_single_and_inherits_other_width_codes' uses .unwrap() which silently discards error information
  encoding_dictionary_wmode_overrides_inherited_vertical_mode (line 209) - Score: 100
    i Test 'encoding_dictionary_wmode_overrides_inherited_vertical_mode' asserts against a hardcoded constant instead of a computed expected value
    i Test 'encoding_dictionary_wmode_overrides_inherited_vertical_mode' has multiple assertions without diagnostic messages
    i Test 'encoding_dictionary_wmode_overrides_inherited_vertical_mode' uses .unwrap() which silently discards error information
  reverse_unicode_lookup_does_not_return_parent_code_shadowed_by_child_range (line 228) - Score: 100
    i Test 'reverse_unicode_lookup_does_not_return_parent_code_shadowed_by_child_range' has multiple assertions without diagnostic messages
    i Test 'reverse_unicode_lookup_does_not_return_parent_code_shadowed_by_child_range' uses .unwrap() which silently discards error information
  dictionary_name_is_not_reparsed_as_postscript_source (line 250) - Score: 90
    i Test 'dictionary_name_is_not_reparsed_as_postscript_source' uses .unwrap() which silently discards error information
    - Test 'dictionary_name_is_not_reparsed_as_postscript_source' does not call any production code

oxidize-pdf-core/src/text/validation.rs:
  test_date_validation (line 298) - Score: 90
    - Test 'test_date_validation' only exercises the happy path — no None, Err, or edge-case inputs
    i Test 'test_date_validation' has multiple assertions without diagnostic messages
  test_target_search (line 316) - Score: 90
    - Test 'test_target_search' only exercises the happy path — no None, Err, or edge-case inputs
    i Test 'test_target_search' asserts against a hardcoded constant instead of a computed expected value
  test_key_info_extraction (line 327) - Score: 90
    - Test 'test_key_info_extraction' only exercises the happy path — no None, Err, or edge-case inputs
    i Test 'test_key_info_extraction' has multiple assertions without diagnostic messages
  test_string_similarity_identical (line 340) - Score: 90
    i Test 'test_string_similarity_identical' asserts against a hardcoded constant instead of a computed expected value
    - Test 'test_string_similarity_identical' does not call any production code
  test_string_similarity_empty (line 346) - Score: 90
    i Test 'test_string_similarity_empty' asserts against a hardcoded constant instead of a computed expected value
    - Test 'test_string_similarity_empty' does not call any production code
  test_string_similarity_partial (line 354) - Score: 90
    i Test 'test_string_similarity_partial' has multiple assertions without diagnostic messages
    - Test 'test_string_similarity_partial' does not call any production code
  test_string_similarity_different_lengths (line 361) - Score: 90
    - Test 'test_string_similarity_different_lengths' does not call any production code
  test_target_search_not_found (line 367) - Score: 90
    - Test 'test_target_search_not_found' only exercises the happy path — no None, Err, or edge-case inputs
    i Test 'test_target_search_not_found' asserts against a hardcoded constant instead of a computed expected value
    i Test 'test_target_search_not_found' has multiple assertions without diagnostic messages
  test_target_search_multiple_occurrences (line 378) - Score: 90
    - Test 'test_target_search_multiple_occurrences' only exercises the happy path — no None, Err, or edge-case inputs
    i Test 'test_target_search_multiple_occurrences' asserts against a hardcoded constant instead of a computed expected value
    i Test 'test_target_search_multiple_occurrences' has multiple assertions without diagnostic messages
  test_target_search_case_insensitive (line 388) - Score: 90
    - Test 'test_target_search_case_insensitive' only exercises the happy path — no None, Err, or edge-case inputs
    i Test 'test_target_search_case_insensitive' asserts against a hardcoded constant instead of a computed expected value
    i Test 'test_target_search_case_insensitive' has multiple assertions without diagnostic messages
  test_validate_contract_no_matches (line 398) - Score: 90
    - Test 'test_validate_contract_no_matches' only exercises the happy path — no None, Err, or edge-case inputs
    i Test 'test_validate_contract_no_matches' asserts against a hardcoded constant instead of a computed expected value
    i Test 'test_validate_contract_no_matches' has multiple assertions without diagnostic messages
  test_match_type_variants (line 410) - Score: 70
    i Test 'test_match_type_variants' has multiple assertions without diagnostic messages
    - Test 'test_match_type_variants' line 411: assert_eq! with identical arguments: MatchType :: Date 
    - Test 'test_match_type_variants' line 412: assert_eq! with identical arguments: MatchType :: ContractNumber 
    - Test 'test_match_type_variants' line 413: assert_eq! with identical arguments: MatchType :: PartyName 
    - Test 'test_match_type_variants' line 414: assert_eq! with identical arguments: MatchType :: MonetaryAmount 
    - Test 'test_match_type_variants' line 415: assert_eq! with identical arguments: MatchType :: Location 
    - Test 'test_match_type_variants' line 416: assert_eq! with identical arguments: MatchType :: Custom ("test" . to_string ()) 
  test_monetary_amount_match_type (line 432) - Score: 80
    - Test 'test_monetary_amount_match_type' only exercises the happy path — no None, Err, or edge-case inputs
    - Test 'test_monetary_amount_match_type' has low assert-to-setup ratio (10%): 1 asserts vs 9 setup lines
  test_extract_key_info_no_matches (line 446) - Score: 90
    - Test 'test_extract_key_info_no_matches' only exercises the happy path — no None, Err, or edge-case inputs
    i Test 'test_extract_key_info_no_matches' has multiple assertions without diagnostic messages
  test_validation_metadata (line 457) - Score: 90
    - Test 'test_validation_metadata' only exercises the happy path — no None, Err, or edge-case inputs
    i Test 'test_validation_metadata' has multiple assertions without diagnostic messages

oxidize-pdf-core/src/text/vertical_metrics_tests.rs:
  vertical_defaults_and_indirect_dw2_are_resolved (line 29) - Score: 100
    i Test 'vertical_defaults_and_indirect_dw2_are_resolved' has multiple assertions without diagnostic messages
  full_cid_range_stays_compact_and_does_not_expand (line 41) - Score: 100
    i Test 'full_cid_range_stays_compact_and_does_not_expand' asserts against a hardcoded constant instead of a computed expected value
    i Test 'full_cid_range_stays_compact_and_does_not_expand' has multiple assertions without diagnostic messages
  array_triples_stop_at_cid_limit_and_ignore_incomplete_tuple (line 50) - Score: 100
    i Test 'array_triples_stop_at_cid_limit_and_ignore_incomplete_tuple' asserts against a hardcoded constant instead of a computed expected value
    i Test 'array_triples_stop_at_cid_limit_and_ignore_incomplete_tuple' has multiple assertions without diagnostic messages
  malformed_or_reversed_ranges_do_not_create_advances (line 57) - Score: 100
    i Test 'malformed_or_reversed_ranges_do_not_create_advances' has multiple assertions without diagnostic messages
  indirect_w2_array_and_individual_numbers_are_resolved (line 72) - Score: 100
    i Test 'indirect_w2_array_and_individual_numbers_are_resolved' has multiple assertions without diagnostic messages


## Analisis de Seguridad (Kripteia Security)

=== Kripteia Security Analysis ===

No security issues found.
