   Compiling oxidize-pdf v5.1.3 (/home/santi/repos/BelowZero/oxidizePdf/oxidize-pdf/oxidize-pdf-core)
    Finished `test` profile [unoptimized] target(s) in 2.04s
     Running tests/differential_fusion_test.rs (target/debug/deps/differential_fusion_test-a04a28d1bd6e051d)

running 34 tests

=== Corpus Report: test ===
  Total: 0  Parsed: 0 (0.0%)  Panics: 0  Timeouts: 0
  Text extracted: 0  Graceful failures: 0
  Duration: 0.0s

=== Corpus Report: test ===
  Total: 1  Parsed: 1 (100.0%)  Panics: 0  Timeouts: 0
  Text extracted: 0  Graceful failures: 0
  Duration: 1.0s
  By PDF version:
    1.7      1/1 (100.0%)
test corpus_support::tests::test_corpus_report_generation_empty ... ok
test corpus_support::tests::test_corpus_report_generation_mixed ... ok
test corpus_support::tests::test_corpus_report_print_summary_no_panic ... ok
test corpus_support::tests::test_failure_entry_serialization ... ok
test corpus_support::tests::test_corpus_report_performance_percentiles ... ok
test corpus_support::tests::test_find_pdfs_nonexistent_dir ... ok
test corpus_support::tests::test_format_failures ... ok
test corpus_support::tests::test_manifest_entry_defaults ... ok
test corpus_support::tests::test_find_pdfs_empty_dir ... ok
test corpus_support::tests::test_percentile_calculation ... ok
test corpus_support::tests::test_corpus_report_save_and_load ... ok

thread 'corpus_support::tests::test_run_corpus_test_with_panics' (394) panicked at oxidize-pdf-core/tests/corpus_support.rs:1398:17:
Intentional test panic
note: run with `RUST_BACKTRACE=1` environment variable to display a backtrace
test corpus_support::tests::test_test_result_default ... ok
test corpus_support::tests::test_manifest_roundtrip ... ok
test corpus_support::tests::test_tier_available_nonexistent ... ok
test corpus_support::tests::test_performance_baseline_roundtrip ... ok
test corpus_support::tests::test_manifest_save_and_load ... ok
test corpus_support::tests::test_find_pdfs_with_files ... ok
test corpus_support::tests::test_run_corpus_test_with_panics ... ok
test ratchet::tests::a_falling_count_over_a_faster_falling_denominator_is_a_rate_regression ... ok
test fusion_details_reports_the_actual_poppler_word_pair ... ok
test ratchet::tests::a_genuine_improvement_passes_every_axis ... ok
test ratchet::tests::a_baseline_with_one_bad_field_is_unusable ... ok
test ratchet::tests::emitting_less_text_from_the_same_files_is_a_regression ... ok
test ratchet::tests::losing_two_percent_of_the_files_is_not_an_improvement ... ok
test ratchet::tests::noise_within_slack_passes ... ok
test ratchet::tests::a_pre_policy_baseline_is_unusable_not_missing ... ok
test ratchet::tests::the_policy_applies_unchanged_to_the_order_gate_numbers ... ok
test ratchet::tests::a_recorded_baseline_reads_back_identically ... ok
test ratchet::tests::the_rate_slack_is_a_defect_budget_not_a_flat_rate_offset ... ok
test the_committed_baseline_is_loadable ... ok
test ratchet::tests::an_absent_file_is_missing ... ok
test ratchet::tests::more_defects_over_the_same_corpus_is_a_rate_regression ... ok
test ratchet::tests::recording_one_key_preserves_the_others ... ok
test flat_extraction_does_not_fuse_more_words_than_poppler has been running for over 60 seconds
differential fusion gate [t3-stress]: compared=1695 skipped=107 fusions=278 candidates=211815 rate=0.001312 content_coverage=0.9731
IMPROVEMENT [t3-stress]: fusion rate 0.001312 < baseline 0.001412. Re-record the baseline to ratchet the gain in.
test flat_extraction_does_not_fuse_more_words_than_poppler ... ok

test result: ok. 34 passed; 0 failed; 0 ignored; 0 measured; 0 filtered out; finished in 96.22s

     Running tests/differential_order_test.rs (target/debug/deps/differential_order_test-0b2e001aaa9a177d)

running 38 tests

=== Corpus Report: test ===
  Total: 0  Parsed: 0 (0.0%)  Panics: 0  Timeouts: 0
  Text extracted: 0  Graceful failures: 0
  Duration: 0.0s

=== Corpus Report: test ===
  Total: 1  Parsed: 1 (100.0%)  Panics: 0  Timeouts: 0
  Text extracted: 0  Graceful failures: 0
  Duration: 1.0s
  By PDF version:
    1.7      1/1 (100.0%)
test corpus_support::tests::test_corpus_report_generation_empty ... ok
test corpus_support::tests::test_corpus_report_generation_mixed ... ok
test corpus_support::tests::test_corpus_report_print_summary_no_panic ... ok
test corpus_support::tests::test_failure_entry_serialization ... ok
test corpus_support::tests::test_corpus_report_performance_percentiles ... ok
test corpus_support::tests::test_find_pdfs_nonexistent_dir ... ok
test corpus_support::tests::test_format_failures ... ok
test corpus_support::tests::test_manifest_entry_defaults ... ok
test corpus_support::tests::test_find_pdfs_empty_dir ... ok
test corpus_support::tests::test_percentile_calculation ... ok
test corpus_support::tests::test_manifest_roundtrip ... ok
test corpus_support::tests::test_corpus_report_save_and_load ... ok

thread 'corpus_support::tests::test_run_corpus_test_with_panics' (5836) panicked at oxidize-pdf-core/tests/corpus_support.rs:1398:17:
Intentional test panic
note: run with `RUST_BACKTRACE=1` environment variable to display a backtrace
test corpus_support::tests::test_tier_available_nonexistent ... ok
test corpus_support::tests::test_test_result_default ... ok
test corpus_support::tests::test_manifest_save_and_load ... ok
test corpus_support::tests::test_find_pdfs_with_files ... ok
test corpus_support::tests::test_performance_baseline_roundtrip ... ok
test order_metric_tests::dropping_words_counts_against_us_instead_of_flattering_the_rate ... ok
test corpus_support::tests::test_run_corpus_test_with_panics ... ok
test order_metric_tests::extra_words_of_ours_do_not_change_the_denominator ... ok
test order_metric_tests::identical_text_has_no_misplaced_words ... ok
test order_metric_tests::permuted_text_is_misplaced ... ok
test ratchet::tests::a_falling_count_over_a_faster_falling_denominator_is_a_rate_regression ... ok
test ratchet::tests::a_genuine_improvement_passes_every_axis ... ok
test ratchet::tests::a_baseline_with_one_bad_field_is_unusable ... ok
test ratchet::tests::emitting_less_text_from_the_same_files_is_a_regression ... ok
test ratchet::tests::an_absent_file_is_missing ... ok
test ratchet::tests::a_pre_policy_baseline_is_unusable_not_missing ... ok
test ratchet::tests::more_defects_over_the_same_corpus_is_a_rate_regression ... ok
test ratchet::tests::noise_within_slack_passes ... ok
test ratchet::tests::the_policy_applies_unchanged_to_the_order_gate_numbers ... ok
test ratchet::tests::a_recorded_baseline_reads_back_identically ... ok
test ratchet::tests::the_rate_slack_is_a_defect_budget_not_a_flat_rate_offset ... ok
test ratchet::tests::losing_two_percent_of_the_files_is_not_an_improvement ... ok
test the_committed_baseline_is_loadable ... ok
test ratchet::tests::recording_one_key_preserves_the_others ... ok
ORDER_RECOVERY /home/santi/repos/BelowZero/oxidizePdf/oxidize-pdf/test-corpus/t3-stress/format-corpus/preserve_020747.pdf page=1 diagnostics=[TextRecoveryDiagnostic { location: PageContents(0), action: Recovered(FilterRecovery { filter_index: 0, kind: Unverified, error: "Stream decode error: FlateDecode failed: deflate decompression error" }) }]
ORDER_RECOVERY /home/santi/repos/BelowZero/oxidizePdf/oxidize-pdf/test-corpus/t3-stress/format-corpus/preserve_020747.pdf page=1 diagnostics=[TextRecoveryDiagnostic { location: PageContents(0), action: Recovered(FilterRecovery { filter_index: 0, kind: Unverified, error: "Stream decode error: FlateDecode failed: deflate decompression error" }) }]
ORDER_RECOVERY /home/santi/repos/BelowZero/oxidizePdf/oxidize-pdf/test-corpus/t3-stress/format-corpus/preserve_020747.pdf page=3 diagnostics=[TextRecoveryDiagnostic { location: PageContents(0), action: Recovered(FilterRecovery { filter_index: 0, kind: Unverified, error: "Stream decode error: FlateDecode failed: deflate decompression error" }) }]
ORDER_RECOVERY /home/santi/repos/BelowZero/oxidizePdf/oxidize-pdf/test-corpus/t3-stress/format-corpus/preserve_020747.pdf page=3 diagnostics=[TextRecoveryDiagnostic { location: PageContents(0), action: Recovered(FilterRecovery { filter_index: 0, kind: Unverified, error: "Stream decode error: FlateDecode failed: deflate decompression error" }) }]
ORDER_RECOVERY /home/santi/repos/BelowZero/oxidizePdf/oxidize-pdf/test-corpus/t3-stress/format-corpus/preserve_020747.pdf page=6 diagnostics=[TextRecoveryDiagnostic { location: PageContents(0), action: Recovered(FilterRecovery { filter_index: 0, kind: Unverified, error: "Stream decode error: FlateDecode failed: deflate decompression error" }) }]
ORDER_RECOVERY /home/santi/repos/BelowZero/oxidizePdf/oxidize-pdf/test-corpus/t3-stress/format-corpus/preserve_020747.pdf page=6 diagnostics=[TextRecoveryDiagnostic { location: PageContents(0), action: Recovered(FilterRecovery { filter_index: 0, kind: Unverified, error: "Stream decode error: FlateDecode failed: deflate decompression error" }) }]
ORDER_RECOVERY /home/santi/repos/BelowZero/oxidizePdf/oxidize-pdf/test-corpus/t3-stress/format-corpus/preserve_020747.pdf page=7 diagnostics=[TextRecoveryDiagnostic { location: PageContents(0), action: Recovered(FilterRecovery { filter_index: 0, kind: Unverified, error: "Stream decode error: FlateDecode failed: deflate decompression error" }) }]
ORDER_RECOVERY /home/santi/repos/BelowZero/oxidizePdf/oxidize-pdf/test-corpus/t3-stress/format-corpus/preserve_020747.pdf page=7 diagnostics=[TextRecoveryDiagnostic { location: PageContents(0), action: Recovered(FilterRecovery { filter_index: 0, kind: Unverified, error: "Stream decode error: FlateDecode failed: deflate decompression error" }) }]
ORDER_RECOVERY /home/santi/repos/BelowZero/oxidizePdf/oxidize-pdf/test-corpus/t3-stress/format-corpus/preserve_020747.pdf page=8 diagnostics=[TextRecoveryDiagnostic { location: PageContents(0), action: Recovered(FilterRecovery { filter_index: 0, kind: Unverified, error: "Stream decode error: FlateDecode failed: deflate decompression error" }) }]
ORDER_RECOVERY /home/santi/repos/BelowZero/oxidizePdf/oxidize-pdf/test-corpus/t3-stress/format-corpus/preserve_020747.pdf page=8 diagnostics=[TextRecoveryDiagnostic { location: PageContents(0), action: Recovered(FilterRecovery { filter_index: 0, kind: Unverified, error: "Stream decode error: FlateDecode failed: deflate decompression error" }) }]
ORDER_RECOVERY /home/santi/repos/BelowZero/oxidizePdf/oxidize-pdf/test-corpus/t3-stress/format-corpus/preserve_020747.pdf page=9 diagnostics=[TextRecoveryDiagnostic { location: PageContents(0), action: Recovered(FilterRecovery { filter_index: 0, kind: Unverified, error: "Stream decode error: FlateDecode failed: deflate decompression error" }) }]
ORDER_RECOVERY /home/santi/repos/BelowZero/oxidizePdf/oxidize-pdf/test-corpus/t3-stress/format-corpus/preserve_020747.pdf page=9 diagnostics=[TextRecoveryDiagnostic { location: PageContents(0), action: Recovered(FilterRecovery { filter_index: 0, kind: Unverified, error: "Stream decode error: FlateDecode failed: deflate decompression error" }) }]
ORDER_RECOVERY /home/santi/repos/BelowZero/oxidizePdf/oxidize-pdf/test-corpus/t3-stress/format-corpus/preserve_020747.pdf page=10 diagnostics=[TextRecoveryDiagnostic { location: PageContents(0), action: Recovered(FilterRecovery { filter_index: 0, kind: Unverified, error: "Stream decode error: FlateDecode failed: deflate decompression error" }) }]
ORDER_RECOVERY /home/santi/repos/BelowZero/oxidizePdf/oxidize-pdf/test-corpus/t3-stress/format-corpus/preserve_020747.pdf page=10 diagnostics=[TextRecoveryDiagnostic { location: PageContents(0), action: Recovered(FilterRecovery { filter_index: 0, kind: Unverified, error: "Stream decode error: FlateDecode failed: deflate decompression error" }) }]
ORDER_RECOVERY /home/santi/repos/BelowZero/oxidizePdf/oxidize-pdf/test-corpus/t3-stress/format-corpus/preserve_020806.pdf page=3 diagnostics=[TextRecoveryDiagnostic { location: PageContents(0), action: Recovered(FilterRecovery { filter_index: 0, kind: Unverified, error: "Stream decode error: FlateDecode failed: deflate decompression error" }) }]
ORDER_RECOVERY /home/santi/repos/BelowZero/oxidizePdf/oxidize-pdf/test-corpus/t3-stress/format-corpus/preserve_020806.pdf page=3 diagnostics=[TextRecoveryDiagnostic { location: PageContents(0), action: Recovered(FilterRecovery { filter_index: 0, kind: Unverified, error: "Stream decode error: FlateDecode failed: deflate decompression error" }) }]
ORDER_RECOVERY /home/santi/repos/BelowZero/oxidizePdf/oxidize-pdf/test-corpus/t3-stress/format-corpus/preserve_020806.pdf page=4 diagnostics=[TextRecoveryDiagnostic { location: PageContents(0), action: Recovered(FilterRecovery { filter_index: 0, kind: Unverified, error: "Stream decode error: FlateDecode failed: deflate decompression error" }) }]
ORDER_RECOVERY /home/santi/repos/BelowZero/oxidizePdf/oxidize-pdf/test-corpus/t3-stress/format-corpus/preserve_020806.pdf page=4 diagnostics=[TextRecoveryDiagnostic { location: PageContents(0), action: Recovered(FilterRecovery { filter_index: 0, kind: Unverified, error: "Stream decode error: FlateDecode failed: deflate decompression error" }) }]
ORDER_RECOVERY /home/santi/repos/BelowZero/oxidizePdf/oxidize-pdf/test-corpus/t3-stress/format-corpus/preserve_027613.pdf page=6 diagnostics=[TextRecoveryDiagnostic { location: PageContents(0), action: Recovered(FilterRecovery { filter_index: 0, kind: Unverified, error: "Stream decode error: FlateDecode failed: deflate decompression error" }) }]
ORDER_RECOVERY /home/santi/repos/BelowZero/oxidizePdf/oxidize-pdf/test-corpus/t3-stress/format-corpus/preserve_027613.pdf page=6 diagnostics=[TextRecoveryDiagnostic { location: PageContents(0), action: Recovered(FilterRecovery { filter_index: 0, kind: Unverified, error: "Stream decode error: FlateDecode failed: deflate decompression error" }) }]
ORDER_RECOVERY /home/santi/repos/BelowZero/oxidizePdf/oxidize-pdf/test-corpus/t3-stress/format-corpus/preserve_027613.pdf page=24 diagnostics=[TextRecoveryDiagnostic { location: PageContents(0), action: Recovered(FilterRecovery { filter_index: 0, kind: Unverified, error: "Stream decode error: FlateDecode failed: deflate decompression error" }) }]
ORDER_RECOVERY /home/santi/repos/BelowZero/oxidizePdf/oxidize-pdf/test-corpus/t3-stress/format-corpus/preserve_027613.pdf page=24 diagnostics=[TextRecoveryDiagnostic { location: PageContents(0), action: Recovered(FilterRecovery { filter_index: 0, kind: Unverified, error: "Stream decode error: FlateDecode failed: deflate decompression error" }) }]
ORDER_RECOVERY /home/santi/repos/BelowZero/oxidizePdf/oxidize-pdf/test-corpus/t3-stress/format-corpus/preserve_027613.pdf page=32 diagnostics=[TextRecoveryDiagnostic { location: PageContents(0), action: Recovered(FilterRecovery { filter_index: 0, kind: Unverified, error: "Stream decode error: FlateDecode failed: deflate decompression error" }) }]
ORDER_RECOVERY /home/santi/repos/BelowZero/oxidizePdf/oxidize-pdf/test-corpus/t3-stress/format-corpus/preserve_027613.pdf page=32 diagnostics=[TextRecoveryDiagnostic { location: PageContents(0), action: Recovered(FilterRecovery { filter_index: 0, kind: Unverified, error: "Stream decode error: FlateDecode failed: deflate decompression error" }) }]
ORDER_RECOVERY /home/santi/repos/BelowZero/oxidizePdf/oxidize-pdf/test-corpus/t3-stress/format-corpus/preserve_027613.pdf page=64 diagnostics=[TextRecoveryDiagnostic { location: PageContents(0), action: Recovered(FilterRecovery { filter_index: 0, kind: Unverified, error: "Stream decode error: FlateDecode failed: deflate decompression error" }) }]
ORDER_RECOVERY /home/santi/repos/BelowZero/oxidizePdf/oxidize-pdf/test-corpus/t3-stress/format-corpus/preserve_027613.pdf page=64 diagnostics=[TextRecoveryDiagnostic { location: PageContents(0), action: Recovered(FilterRecovery { filter_index: 0, kind: Unverified, error: "Stream decode error: FlateDecode failed: deflate decompression error" }) }]
ORDER_RECOVERY /home/santi/repos/BelowZero/oxidizePdf/oxidize-pdf/test-corpus/t3-stress/format-corpus/preserve_027613.pdf page=73 diagnostics=[TextRecoveryDiagnostic { location: PageContents(0), action: Recovered(FilterRecovery { filter_index: 0, kind: Unverified, error: "Stream decode error: FlateDecode failed: deflate decompression error" }) }]
ORDER_RECOVERY /home/santi/repos/BelowZero/oxidizePdf/oxidize-pdf/test-corpus/t3-stress/format-corpus/preserve_027613.pdf page=73 diagnostics=[TextRecoveryDiagnostic { location: PageContents(0), action: Recovered(FilterRecovery { filter_index: 0, kind: Unverified, error: "Stream decode error: FlateDecode failed: deflate decompression error" }) }]
ORDER_RECOVERY /home/santi/repos/BelowZero/oxidizePdf/oxidize-pdf/test-corpus/t3-stress/format-corpus/preserve_027613.pdf page=123 diagnostics=[TextRecoveryDiagnostic { location: PageContents(0), action: Recovered(FilterRecovery { filter_index: 0, kind: Unverified, error: "Stream decode error: FlateDecode failed: deflate decompression error" }) }]
ORDER_RECOVERY /home/santi/repos/BelowZero/oxidizePdf/oxidize-pdf/test-corpus/t3-stress/format-corpus/preserve_027613.pdf page=123 diagnostics=[TextRecoveryDiagnostic { location: PageContents(0), action: Recovered(FilterRecovery { filter_index: 0, kind: Unverified, error: "Stream decode error: FlateDecode failed: deflate decompression error" }) }]
ORDER_RECOVERY /home/santi/repos/BelowZero/oxidizePdf/oxidize-pdf/test-corpus/t3-stress/format-corpus/preserve_027613.pdf page=158 diagnostics=[TextRecoveryDiagnostic { location: PageContents(0), action: Recovered(FilterRecovery { filter_index: 0, kind: Unverified, error: "Stream decode error: FlateDecode failed: deflate decompression error" }) }]
ORDER_RECOVERY /home/santi/repos/BelowZero/oxidizePdf/oxidize-pdf/test-corpus/t3-stress/format-corpus/preserve_027613.pdf page=158 diagnostics=[TextRecoveryDiagnostic { location: PageContents(0), action: Recovered(FilterRecovery { filter_index: 0, kind: Unverified, error: "Stream decode error: FlateDecode failed: deflate decompression error" }) }]
ORDER_RECOVERY /home/santi/repos/BelowZero/oxidizePdf/oxidize-pdf/test-corpus/t3-stress/format-corpus/preserve_027613.pdf page=177 diagnostics=[TextRecoveryDiagnostic { location: PageContents(0), action: Recovered(FilterRecovery { filter_index: 0, kind: Unverified, error: "Stream decode error: FlateDecode failed: deflate decompression error" }) }]
ORDER_RECOVERY /home/santi/repos/BelowZero/oxidizePdf/oxidize-pdf/test-corpus/t3-stress/format-corpus/preserve_027613.pdf page=186 diagnostics=[TextRecoveryDiagnostic { location: PageContents(0), action: Recovered(FilterRecovery { filter_index: 0, kind: Unverified, error: "Stream decode error: FlateDecode failed: deflate decompression error" }) }]
ORDER_RECOVERY /home/santi/repos/BelowZero/oxidizePdf/oxidize-pdf/test-corpus/t3-stress/format-corpus/preserve_027613.pdf page=177 diagnostics=[TextRecoveryDiagnostic { location: PageContents(0), action: Recovered(FilterRecovery { filter_index: 0, kind: Unverified, error: "Stream decode error: FlateDecode failed: deflate decompression error" }) }]
ORDER_RECOVERY /home/santi/repos/BelowZero/oxidizePdf/oxidize-pdf/test-corpus/t3-stress/format-corpus/preserve_027613.pdf page=186 diagnostics=[TextRecoveryDiagnostic { location: PageContents(0), action: Recovered(FilterRecovery { filter_index: 0, kind: Unverified, error: "Stream decode error: FlateDecode failed: deflate decompression error" }) }]
ORDER_RECOVERY /home/santi/repos/BelowZero/oxidizePdf/oxidize-pdf/test-corpus/t3-stress/format-corpus/preserve_027613.pdf page=336 diagnostics=[TextRecoveryDiagnostic { location: PageContents(0), action: Recovered(FilterRecovery { filter_index: 0, kind: Unverified, error: "Stream decode error: FlateDecode failed: deflate decompression error" }) }]
ORDER_RECOVERY /home/santi/repos/BelowZero/oxidizePdf/oxidize-pdf/test-corpus/t3-stress/format-corpus/preserve_027613.pdf page=347 diagnostics=[TextRecoveryDiagnostic { location: PageContents(0), action: Recovered(FilterRecovery { filter_index: 0, kind: Unverified, error: "Stream decode error: FlateDecode failed: deflate decompression error" }) }]
ORDER_RECOVERY /home/santi/repos/BelowZero/oxidizePdf/oxidize-pdf/test-corpus/t3-stress/format-corpus/preserve_027613.pdf page=336 diagnostics=[TextRecoveryDiagnostic { location: PageContents(0), action: Recovered(FilterRecovery { filter_index: 0, kind: Unverified, error: "Stream decode error: FlateDecode failed: deflate decompression error" }) }]
ORDER_RECOVERY /home/santi/repos/BelowZero/oxidizePdf/oxidize-pdf/test-corpus/t3-stress/format-corpus/preserve_027613.pdf page=347 diagnostics=[TextRecoveryDiagnostic { location: PageContents(0), action: Recovered(FilterRecovery { filter_index: 0, kind: Unverified, error: "Stream decode error: FlateDecode failed: deflate decompression error" }) }]
ORDER_RECOVERY /home/santi/repos/BelowZero/oxidizePdf/oxidize-pdf/test-corpus/t3-stress/format-corpus/preserve_033689.pdf page=2 diagnostics=[TextRecoveryDiagnostic { location: PageContents(1), action: Recovered(FilterRecovery { filter_index: 0, kind: Unverified, error: "Stream decode error: FlateDecode failed: deflate decompression error" }) }, TextRecoveryDiagnostic { location: PageContents(7), action: Recovered(FilterRecovery { filter_index: 0, kind: Unverified, error: "Stream decode error: FlateDecode failed: deflate decompression error" }) }]
ORDER_RECOVERY /home/santi/repos/BelowZero/oxidizePdf/oxidize-pdf/test-corpus/t3-stress/format-corpus/preserve_033689.pdf page=2 diagnostics=[TextRecoveryDiagnostic { location: PageContents(1), action: Recovered(FilterRecovery { filter_index: 0, kind: Unverified, error: "Stream decode error: FlateDecode failed: deflate decompression error" }) }, TextRecoveryDiagnostic { location: PageContents(7), action: Recovered(FilterRecovery { filter_index: 0, kind: Unverified, error: "Stream decode error: FlateDecode failed: deflate decompression error" }) }]
ORDER_RECOVERY /home/santi/repos/BelowZero/oxidizePdf/oxidize-pdf/test-corpus/t3-stress/format-corpus/preserve_040669.pdf page=24 diagnostics=[TextRecoveryDiagnostic { location: PageContents(0), action: Recovered(FilterRecovery { filter_index: 0, kind: Unverified, error: "Stream decode error: FlateDecode failed: deflate decompression error" }) }]
ORDER_RECOVERY /home/santi/repos/BelowZero/oxidizePdf/oxidize-pdf/test-corpus/t3-stress/format-corpus/preserve_040669.pdf page=25 diagnostics=[TextRecoveryDiagnostic { location: PageContents(0), action: Recovered(FilterRecovery { filter_index: 0, kind: Unverified, error: "Stream decode error: FlateDecode failed: deflate decompression error" }) }]
ORDER_RECOVERY /home/santi/repos/BelowZero/oxidizePdf/oxidize-pdf/test-corpus/t3-stress/format-corpus/preserve_040669.pdf page=24 diagnostics=[TextRecoveryDiagnostic { location: PageContents(0), action: Recovered(FilterRecovery { filter_index: 0, kind: Unverified, error: "Stream decode error: FlateDecode failed: deflate decompression error" }) }]
ORDER_RECOVERY /home/santi/repos/BelowZero/oxidizePdf/oxidize-pdf/test-corpus/t3-stress/format-corpus/preserve_040669.pdf page=25 diagnostics=[TextRecoveryDiagnostic { location: PageContents(0), action: Recovered(FilterRecovery { filter_index: 0, kind: Unverified, error: "Stream decode error: FlateDecode failed: deflate decompression error" }) }]
ORDER_RECOVERY /home/santi/repos/BelowZero/oxidizePdf/oxidize-pdf/test-corpus/t3-stress/format-corpus/preserve_050734.pdf page=7 diagnostics=[TextRecoveryDiagnostic { location: PageContents(0), action: Recovered(FilterRecovery { filter_index: 0, kind: Unverified, error: "Stream decode error: FlateDecode failed: deflate decompression error" }) }]
ORDER_RECOVERY /home/santi/repos/BelowZero/oxidizePdf/oxidize-pdf/test-corpus/t3-stress/format-corpus/preserve_050734.pdf page=7 diagnostics=[TextRecoveryDiagnostic { location: PageContents(0), action: Recovered(FilterRecovery { filter_index: 0, kind: Unverified, error: "Stream decode error: FlateDecode failed: deflate decompression error" }) }]
ORDER_RECOVERY /home/santi/repos/BelowZero/oxidizePdf/oxidize-pdf/test-corpus/t3-stress/format-corpus/preserve_050734.pdf page=18 diagnostics=[TextRecoveryDiagnostic { location: PageContents(0), action: Recovered(FilterRecovery { filter_index: 0, kind: Unverified, error: "Stream decode error: FlateDecode failed: deflate decompression error" }) }]
ORDER_RECOVERY /home/santi/repos/BelowZero/oxidizePdf/oxidize-pdf/test-corpus/t3-stress/format-corpus/preserve_050734.pdf page=20 diagnostics=[TextRecoveryDiagnostic { location: PageContents(0), action: Recovered(FilterRecovery { filter_index: 0, kind: Unverified, error: "Stream decode error: FlateDecode failed: deflate decompression error" }) }]
ORDER_RECOVERY /home/santi/repos/BelowZero/oxidizePdf/oxidize-pdf/test-corpus/t3-stress/format-corpus/preserve_050734.pdf page=18 diagnostics=[TextRecoveryDiagnostic { location: PageContents(0), action: Recovered(FilterRecovery { filter_index: 0, kind: Unverified, error: "Stream decode error: FlateDecode failed: deflate decompression error" }) }]
ORDER_RECOVERY /home/santi/repos/BelowZero/oxidizePdf/oxidize-pdf/test-corpus/t3-stress/format-corpus/preserve_050734.pdf page=20 diagnostics=[TextRecoveryDiagnostic { location: PageContents(0), action: Recovered(FilterRecovery { filter_index: 0, kind: Unverified, error: "Stream decode error: FlateDecode failed: deflate decompression error" }) }]
ORDER_RECOVERY /home/santi/repos/BelowZero/oxidizePdf/oxidize-pdf/test-corpus/t3-stress/format-corpus/preserve_073439.pdf page=3 diagnostics=[TextRecoveryDiagnostic { location: PageContents(0), action: Recovered(FilterRecovery { filter_index: 0, kind: Unverified, error: "Stream decode error: FlateDecode failed: deflate decompression error" }) }]
ORDER_RECOVERY /home/santi/repos/BelowZero/oxidizePdf/oxidize-pdf/test-corpus/t3-stress/format-corpus/preserve_073439.pdf page=3 diagnostics=[TextRecoveryDiagnostic { location: PageContents(0), action: Recovered(FilterRecovery { filter_index: 0, kind: Unverified, error: "Stream decode error: FlateDecode failed: deflate decompression error" }) }]
ORDER_RECOVERY /home/santi/repos/BelowZero/oxidizePdf/oxidize-pdf/test-corpus/t3-stress/format-corpus/preserve_150277.pdf page=15 diagnostics=[TextRecoveryDiagnostic { location: PageContents(5), action: Recovered(FilterRecovery { filter_index: 0, kind: Unverified, error: "Stream decode error: FlateDecode failed: deflate decompression error" }) }]
ORDER_RECOVERY /home/santi/repos/BelowZero/oxidizePdf/oxidize-pdf/test-corpus/t3-stress/format-corpus/preserve_150277.pdf page=24 diagnostics=[TextRecoveryDiagnostic { location: PageContents(0), action: Recovered(FilterRecovery { filter_index: 0, kind: Unverified, error: "Stream decode error: FlateDecode failed: deflate decompression error" }) }]
ORDER_RECOVERY /home/santi/repos/BelowZero/oxidizePdf/oxidize-pdf/test-corpus/t3-stress/format-corpus/preserve_150277.pdf page=38 diagnostics=[TextRecoveryDiagnostic { location: PageContents(2), action: Recovered(FilterRecovery { filter_index: 0, kind: Unverified, error: "Stream decode error: FlateDecode failed: deflate decompression error" }) }]
ORDER_RECOVERY /home/santi/repos/BelowZero/oxidizePdf/oxidize-pdf/test-corpus/t3-stress/format-corpus/preserve_150277.pdf page=15 diagnostics=[TextRecoveryDiagnostic { location: PageContents(5), action: Recovered(FilterRecovery { filter_index: 0, kind: Unverified, error: "Stream decode error: FlateDecode failed: deflate decompression error" }) }]
ORDER_RECOVERY /home/santi/repos/BelowZero/oxidizePdf/oxidize-pdf/test-corpus/t3-stress/format-corpus/preserve_150277.pdf page=24 diagnostics=[TextRecoveryDiagnostic { location: PageContents(0), action: Recovered(FilterRecovery { filter_index: 0, kind: Unverified, error: "Stream decode error: FlateDecode failed: deflate decompression error" }) }]
ORDER_RECOVERY /home/santi/repos/BelowZero/oxidizePdf/oxidize-pdf/test-corpus/t3-stress/format-corpus/preserve_150277.pdf page=56 diagnostics=[TextRecoveryDiagnostic { location: PageContents(0), action: Recovered(FilterRecovery { filter_index: 0, kind: Unverified, error: "Stream decode error: FlateDecode failed: deflate decompression error" }) }]
ORDER_RECOVERY /home/santi/repos/BelowZero/oxidizePdf/oxidize-pdf/test-corpus/t3-stress/format-corpus/preserve_150277.pdf page=38 diagnostics=[TextRecoveryDiagnostic { location: PageContents(2), action: Recovered(FilterRecovery { filter_index: 0, kind: Unverified, error: "Stream decode error: FlateDecode failed: deflate decompression error" }) }]
ORDER_RECOVERY /home/santi/repos/BelowZero/oxidizePdf/oxidize-pdf/test-corpus/t3-stress/format-corpus/preserve_150277.pdf page=56 diagnostics=[TextRecoveryDiagnostic { location: PageContents(0), action: Recovered(FilterRecovery { filter_index: 0, kind: Unverified, error: "Stream decode error: FlateDecode failed: deflate decompression error" }) }]
ORDER_RECOVERY /home/santi/repos/BelowZero/oxidizePdf/oxidize-pdf/test-corpus/t3-stress/format-corpus/preserve_150277.pdf page=98 diagnostics=[TextRecoveryDiagnostic { location: PageContents(0), action: Recovered(FilterRecovery { filter_index: 0, kind: Unverified, error: "Stream decode error: FlateDecode failed: deflate decompression error" }) }]
ORDER_RECOVERY /home/santi/repos/BelowZero/oxidizePdf/oxidize-pdf/test-corpus/t3-stress/format-corpus/preserve_150277.pdf page=104 diagnostics=[TextRecoveryDiagnostic { location: PageContents(0), action: Recovered(FilterRecovery { filter_index: 0, kind: Unverified, error: "Stream decode error: FlateDecode failed: deflate decompression error" }) }]
ORDER_RECOVERY /home/santi/repos/BelowZero/oxidizePdf/oxidize-pdf/test-corpus/t3-stress/format-corpus/preserve_150277.pdf page=105 diagnostics=[TextRecoveryDiagnostic { location: PageContents(0), action: Recovered(FilterRecovery { filter_index: 0, kind: Unverified, error: "Stream decode error: FlateDecode failed: deflate decompression error" }) }]
ORDER_RECOVERY /home/santi/repos/BelowZero/oxidizePdf/oxidize-pdf/test-corpus/t3-stress/format-corpus/preserve_150277.pdf page=107 diagnostics=[TextRecoveryDiagnostic { location: PageContents(0), action: Recovered(FilterRecovery { filter_index: 0, kind: Unverified, error: "Stream decode error: FlateDecode failed: deflate decompression error" }) }]
ORDER_RECOVERY /home/santi/repos/BelowZero/oxidizePdf/oxidize-pdf/test-corpus/t3-stress/format-corpus/preserve_150277.pdf page=116 diagnostics=[TextRecoveryDiagnostic { location: PageContents(0), action: Recovered(FilterRecovery { filter_index: 0, kind: Unverified, error: "Stream decode error: FlateDecode failed: deflate decompression error" }) }]
ORDER_RECOVERY /home/santi/repos/BelowZero/oxidizePdf/oxidize-pdf/test-corpus/t3-stress/format-corpus/preserve_150277.pdf page=98 diagnostics=[TextRecoveryDiagnostic { location: PageContents(0), action: Recovered(FilterRecovery { filter_index: 0, kind: Unverified, error: "Stream decode error: FlateDecode failed: deflate decompression error" }) }]
ORDER_RECOVERY /home/santi/repos/BelowZero/oxidizePdf/oxidize-pdf/test-corpus/t3-stress/format-corpus/preserve_150277.pdf page=104 diagnostics=[TextRecoveryDiagnostic { location: PageContents(0), action: Recovered(FilterRecovery { filter_index: 0, kind: Unverified, error: "Stream decode error: FlateDecode failed: deflate decompression error" }) }]
ORDER_RECOVERY /home/santi/repos/BelowZero/oxidizePdf/oxidize-pdf/test-corpus/t3-stress/format-corpus/preserve_150277.pdf page=105 diagnostics=[TextRecoveryDiagnostic { location: PageContents(0), action: Recovered(FilterRecovery { filter_index: 0, kind: Unverified, error: "Stream decode error: FlateDecode failed: deflate decompression error" }) }]
ORDER_RECOVERY /home/santi/repos/BelowZero/oxidizePdf/oxidize-pdf/test-corpus/t3-stress/format-corpus/preserve_150277.pdf page=107 diagnostics=[TextRecoveryDiagnostic { location: PageContents(0), action: Recovered(FilterRecovery { filter_index: 0, kind: Unverified, error: "Stream decode error: FlateDecode failed: deflate decompression error" }) }]
ORDER_RECOVERY /home/santi/repos/BelowZero/oxidizePdf/oxidize-pdf/test-corpus/t3-stress/format-corpus/preserve_150277.pdf page=116 diagnostics=[TextRecoveryDiagnostic { location: PageContents(0), action: Recovered(FilterRecovery { filter_index: 0, kind: Unverified, error: "Stream decode error: FlateDecode failed: deflate decompression error" }) }]
ORDER_RECOVERY /home/santi/repos/BelowZero/oxidizePdf/oxidize-pdf/test-corpus/t3-stress/format-corpus/preserve_178360.pdf page=23 diagnostics=[TextRecoveryDiagnostic { location: PageContents(1), action: Recovered(FilterRecovery { filter_index: 0, kind: Incomplete, error: "Stream decode error: FlateDecode incomplete or truncated zlib stream" }) }, TextRecoveryDiagnostic { location: PageContents(3), action: Recovered(FilterRecovery { filter_index: 0, kind: Incomplete, error: "Stream decode error: FlateDecode incomplete or truncated zlib stream" }) }, TextRecoveryDiagnostic { location: PageContents(4), action: Recovered(FilterRecovery { filter_index: 0, kind: Incomplete, error: "Stream decode error: FlateDecode incomplete or truncated zlib stream" }) }, TextRecoveryDiagnostic { location: PageContents(5), action: Recovered(FilterRecovery { filter_index: 0, kind: Unverified, error: "Stream decode error: FlateDecode failed: deflate decompression error" }) }, TextRecoveryDiagnostic { location: PageContents(6), action: Recovered(FilterRecovery { filter_index: 0, kind: Unverified, error: "Stream decode error: FlateDecode failed: deflate decompression error" }) }, TextRecoveryDiagnostic { location: PageContents(7), action: Recovered(FilterRecovery { filter_index: 0, kind: Unverified, error: "Stream decode error: FlateDecode failed: deflate decompression error" }) }]
ORDER_RECOVERY /home/santi/repos/BelowZero/oxidizePdf/oxidize-pdf/test-corpus/t3-stress/format-corpus/preserve_178360.pdf page=23 diagnostics=[TextRecoveryDiagnostic { location: PageContents(1), action: Recovered(FilterRecovery { filter_index: 0, kind: Incomplete, error: "Stream decode error: FlateDecode incomplete or truncated zlib stream" }) }, TextRecoveryDiagnostic { location: PageContents(3), action: Recovered(FilterRecovery { filter_index: 0, kind: Incomplete, error: "Stream decode error: FlateDecode incomplete or truncated zlib stream" }) }, TextRecoveryDiagnostic { location: PageContents(4), action: Recovered(FilterRecovery { filter_index: 0, kind: Incomplete, error: "Stream decode error: FlateDecode incomplete or truncated zlib stream" }) }, TextRecoveryDiagnostic { location: PageContents(5), action: Recovered(FilterRecovery { filter_index: 0, kind: Unverified, error: "Stream decode error: FlateDecode failed: deflate decompression error" }) }, TextRecoveryDiagnostic { location: PageContents(6), action: Recovered(FilterRecovery { filter_index: 0, kind: Unverified, error: "Stream decode error: FlateDecode failed: deflate decompression error" }) }, TextRecoveryDiagnostic { location: PageContents(7), action: Recovered(FilterRecovery { filter_index: 0, kind: Unverified, error: "Stream decode error: FlateDecode failed: deflate decompression error" }) }]
ORDER_RECOVERY /home/santi/repos/BelowZero/oxidizePdf/oxidize-pdf/test-corpus/t3-stress/format-corpus/preserve_189478.pdf page=5 diagnostics=[TextRecoveryDiagnostic { location: PageContents(0), action: Recovered(FilterRecovery { filter_index: 0, kind: Unverified, error: "Stream decode error: FlateDecode failed: deflate decompression error" }) }]
ORDER_RECOVERY /home/santi/repos/BelowZero/oxidizePdf/oxidize-pdf/test-corpus/t3-stress/format-corpus/preserve_189478.pdf page=10 diagnostics=[TextRecoveryDiagnostic { location: PageContents(0), action: Recovered(FilterRecovery { filter_index: 0, kind: Unverified, error: "Stream decode error: FlateDecode failed: deflate decompression error" }) }]
ORDER_RECOVERY /home/santi/repos/BelowZero/oxidizePdf/oxidize-pdf/test-corpus/t3-stress/format-corpus/preserve_189478.pdf page=11 diagnostics=[TextRecoveryDiagnostic { location: PageContents(0), action: Recovered(FilterRecovery { filter_index: 0, kind: Unverified, error: "Stream decode error: FlateDecode failed: deflate decompression error" }) }]
ORDER_RECOVERY /home/santi/repos/BelowZero/oxidizePdf/oxidize-pdf/test-corpus/t3-stress/format-corpus/preserve_189478.pdf page=5 diagnostics=[TextRecoveryDiagnostic { location: PageContents(0), action: Recovered(FilterRecovery { filter_index: 0, kind: Unverified, error: "Stream decode error: FlateDecode failed: deflate decompression error" }) }]
ORDER_RECOVERY /home/santi/repos/BelowZero/oxidizePdf/oxidize-pdf/test-corpus/t3-stress/format-corpus/preserve_189478.pdf page=10 diagnostics=[TextRecoveryDiagnostic { location: PageContents(0), action: Recovered(FilterRecovery { filter_index: 0, kind: Unverified, error: "Stream decode error: FlateDecode failed: deflate decompression error" }) }]
ORDER_RECOVERY /home/santi/repos/BelowZero/oxidizePdf/oxidize-pdf/test-corpus/t3-stress/format-corpus/preserve_189478.pdf page=11 diagnostics=[TextRecoveryDiagnostic { location: PageContents(0), action: Recovered(FilterRecovery { filter_index: 0, kind: Unverified, error: "Stream decode error: FlateDecode failed: deflate decompression error" }) }]
ORDER_RECOVERY /home/santi/repos/BelowZero/oxidizePdf/oxidize-pdf/test-corpus/t3-stress/format-corpus/preserve_219789.pdf page=2 diagnostics=[TextRecoveryDiagnostic { location: PageContents(0), action: Recovered(FilterRecovery { filter_index: 0, kind: Unverified, error: "Stream decode error: FlateDecode failed: deflate decompression error" }) }]
ORDER_RECOVERY /home/santi/repos/BelowZero/oxidizePdf/oxidize-pdf/test-corpus/t3-stress/format-corpus/preserve_219789.pdf page=3 diagnostics=[TextRecoveryDiagnostic { location: PageContents(0), action: Recovered(FilterRecovery { filter_index: 0, kind: Unverified, error: "Stream decode error: FlateDecode failed: deflate decompression error" }) }]
ORDER_RECOVERY /home/santi/repos/BelowZero/oxidizePdf/oxidize-pdf/test-corpus/t3-stress/format-corpus/preserve_219789.pdf page=8 diagnostics=[TextRecoveryDiagnostic { location: PageContents(0), action: Recovered(FilterRecovery { filter_index: 0, kind: Unverified, error: "Stream decode error: FlateDecode failed: deflate decompression error" }) }]
ORDER_RECOVERY /home/santi/repos/BelowZero/oxidizePdf/oxidize-pdf/test-corpus/t3-stress/format-corpus/preserve_219789.pdf page=10 diagnostics=[TextRecoveryDiagnostic { location: PageContents(0), action: Recovered(FilterRecovery { filter_index: 0, kind: Unverified, error: "Stream decode error: FlateDecode failed: deflate decompression error" }) }]
ORDER_RECOVERY /home/santi/repos/BelowZero/oxidizePdf/oxidize-pdf/test-corpus/t3-stress/format-corpus/preserve_219789.pdf page=11 diagnostics=[TextRecoveryDiagnostic { location: PageContents(0), action: Recovered(FilterRecovery { filter_index: 0, kind: Unverified, error: "Stream decode error: FlateDecode failed: deflate decompression error" }) }]
ORDER_RECOVERY /home/santi/repos/BelowZero/oxidizePdf/oxidize-pdf/test-corpus/t3-stress/format-corpus/preserve_219789.pdf page=12 diagnostics=[TextRecoveryDiagnostic { location: PageContents(0), action: Recovered(FilterRecovery { filter_index: 0, kind: Unverified, error: "Stream decode error: FlateDecode failed: deflate decompression error" }) }]
ORDER_RECOVERY /home/santi/repos/BelowZero/oxidizePdf/oxidize-pdf/test-corpus/t3-stress/format-corpus/preserve_219789.pdf page=16 diagnostics=[TextRecoveryDiagnostic { location: PageContents(0), action: Recovered(FilterRecovery { filter_index: 0, kind: Unverified, error: "Stream decode error: FlateDecode failed: deflate decompression error" }) }]
ORDER_RECOVERY /home/santi/repos/BelowZero/oxidizePdf/oxidize-pdf/test-corpus/t3-stress/format-corpus/preserve_219789.pdf page=17 diagnostics=[TextRecoveryDiagnostic { location: PageContents(0), action: Recovered(FilterRecovery { filter_index: 0, kind: Unverified, error: "Stream decode error: FlateDecode failed: deflate decompression error" }) }]
ORDER_RECOVERY /home/santi/repos/BelowZero/oxidizePdf/oxidize-pdf/test-corpus/t3-stress/format-corpus/preserve_219789.pdf page=18 diagnostics=[TextRecoveryDiagnostic { location: PageContents(0), action: Recovered(FilterRecovery { filter_index: 0, kind: Unverified, error: "Stream decode error: FlateDecode failed: deflate decompression error" }) }]
ORDER_RECOVERY /home/santi/repos/BelowZero/oxidizePdf/oxidize-pdf/test-corpus/t3-stress/format-corpus/preserve_219789.pdf page=20 diagnostics=[TextRecoveryDiagnostic { location: PageContents(0), action: Recovered(FilterRecovery { filter_index: 0, kind: Unverified, error: "Stream decode error: FlateDecode failed: deflate decompression error" }) }]
ORDER_RECOVERY /home/santi/repos/BelowZero/oxidizePdf/oxidize-pdf/test-corpus/t3-stress/format-corpus/preserve_219789.pdf page=22 diagnostics=[TextRecoveryDiagnostic { location: PageContents(0), action: Recovered(FilterRecovery { filter_index: 0, kind: Unverified, error: "Stream decode error: FlateDecode failed: deflate decompression error" }) }]
ORDER_RECOVERY /home/santi/repos/BelowZero/oxidizePdf/oxidize-pdf/test-corpus/t3-stress/format-corpus/preserve_219789.pdf page=23 diagnostics=[TextRecoveryDiagnostic { location: PageContents(0), action: Recovered(FilterRecovery { filter_index: 0, kind: Incomplete, error: "Stream decode error: FlateDecode failed: deflate decompression error" }) }]
ORDER_RECOVERY /home/santi/repos/BelowZero/oxidizePdf/oxidize-pdf/test-corpus/t3-stress/format-corpus/preserve_219789.pdf page=24 diagnostics=[TextRecoveryDiagnostic { location: PageContents(0), action: Recovered(FilterRecovery { filter_index: 0, kind: Unverified, error: "Stream decode error: FlateDecode failed: deflate decompression error" }) }]
ORDER_RECOVERY /home/santi/repos/BelowZero/oxidizePdf/oxidize-pdf/test-corpus/t3-stress/format-corpus/preserve_219789.pdf page=29 diagnostics=[TextRecoveryDiagnostic { location: PageContents(0), action: Recovered(FilterRecovery { filter_index: 0, kind: Unverified, error: "Stream decode error: FlateDecode failed: deflate decompression error" }) }]
ORDER_RECOVERY /home/santi/repos/BelowZero/oxidizePdf/oxidize-pdf/test-corpus/t3-stress/format-corpus/preserve_219789.pdf page=31 diagnostics=[TextRecoveryDiagnostic { location: PageContents(0), action: Recovered(FilterRecovery { filter_index: 0, kind: Unverified, error: "Stream decode error: FlateDecode failed: deflate decompression error" }) }]
ORDER_RECOVERY /home/santi/repos/BelowZero/oxidizePdf/oxidize-pdf/test-corpus/t3-stress/format-corpus/preserve_219789.pdf page=35 diagnostics=[TextRecoveryDiagnostic { location: PageContents(0), action: Recovered(FilterRecovery { filter_index: 0, kind: Unverified, error: "Stream decode error: FlateDecode failed: deflate decompression error" }) }]
ORDER_RECOVERY /home/santi/repos/BelowZero/oxidizePdf/oxidize-pdf/test-corpus/t3-stress/format-corpus/preserve_219789.pdf page=36 diagnostics=[TextRecoveryDiagnostic { location: PageContents(0), action: Recovered(FilterRecovery { filter_index: 0, kind: Unverified, error: "Stream decode error: FlateDecode failed: deflate decompression error" }) }]
ORDER_RECOVERY /home/santi/repos/BelowZero/oxidizePdf/oxidize-pdf/test-corpus/t3-stress/format-corpus/preserve_219789.pdf page=46 diagnostics=[TextRecoveryDiagnostic { location: PageContents(0), action: Recovered(FilterRecovery { filter_index: 0, kind: Unverified, error: "Stream decode error: FlateDecode failed: deflate decompression error" }) }]
ORDER_RECOVERY /home/santi/repos/BelowZero/oxidizePdf/oxidize-pdf/test-corpus/t3-stress/format-corpus/preserve_219789.pdf page=47 diagnostics=[TextRecoveryDiagnostic { location: PageContents(0), action: Recovered(FilterRecovery { filter_index: 0, kind: Unverified, error: "Stream decode error: FlateDecode failed: deflate decompression error" }) }]
ORDER_RECOVERY /home/santi/repos/BelowZero/oxidizePdf/oxidize-pdf/test-corpus/t3-stress/format-corpus/preserve_219789.pdf page=48 diagnostics=[TextRecoveryDiagnostic { location: PageContents(0), action: Recovered(FilterRecovery { filter_index: 0, kind: Unverified, error: "Stream decode error: FlateDecode failed: deflate decompression error" }) }]
ORDER_RECOVERY /home/santi/repos/BelowZero/oxidizePdf/oxidize-pdf/test-corpus/t3-stress/format-corpus/preserve_219789.pdf page=50 diagnostics=[TextRecoveryDiagnostic { location: PageContents(0), action: Recovered(FilterRecovery { filter_index: 0, kind: Unverified, error: "Stream decode error: FlateDecode failed: deflate decompression error" }) }]
ORDER_RECOVERY /home/santi/repos/BelowZero/oxidizePdf/oxidize-pdf/test-corpus/t3-stress/format-corpus/preserve_219789.pdf page=51 diagnostics=[TextRecoveryDiagnostic { location: PageContents(0), action: Recovered(FilterRecovery { filter_index: 0, kind: Unverified, error: "Stream decode error: FlateDecode failed: deflate decompression error" }) }]
ORDER_RECOVERY /home/santi/repos/BelowZero/oxidizePdf/oxidize-pdf/test-corpus/t3-stress/format-corpus/preserve_219789.pdf page=52 diagnostics=[TextRecoveryDiagnostic { location: PageContents(0), action: Recovered(FilterRecovery { filter_index: 0, kind: Unverified, error: "Stream decode error: FlateDecode failed: deflate decompression error" }) }]
ORDER_RECOVERY /home/santi/repos/BelowZero/oxidizePdf/oxidize-pdf/test-corpus/t3-stress/format-corpus/preserve_219789.pdf page=2 diagnostics=[TextRecoveryDiagnostic { location: PageContents(0), action: Recovered(FilterRecovery { filter_index: 0, kind: Unverified, error: "Stream decode error: FlateDecode failed: deflate decompression error" }) }]
ORDER_RECOVERY /home/santi/repos/BelowZero/oxidizePdf/oxidize-pdf/test-corpus/t3-stress/format-corpus/preserve_219789.pdf page=3 diagnostics=[TextRecoveryDiagnostic { location: PageContents(0), action: Recovered(FilterRecovery { filter_index: 0, kind: Unverified, error: "Stream decode error: FlateDecode failed: deflate decompression error" }) }]
ORDER_RECOVERY /home/santi/repos/BelowZero/oxidizePdf/oxidize-pdf/test-corpus/t3-stress/format-corpus/preserve_219789.pdf page=8 diagnostics=[TextRecoveryDiagnostic { location: PageContents(0), action: Recovered(FilterRecovery { filter_index: 0, kind: Unverified, error: "Stream decode error: FlateDecode failed: deflate decompression error" }) }]
ORDER_RECOVERY /home/santi/repos/BelowZero/oxidizePdf/oxidize-pdf/test-corpus/t3-stress/format-corpus/preserve_219789.pdf page=10 diagnostics=[TextRecoveryDiagnostic { location: PageContents(0), action: Recovered(FilterRecovery { filter_index: 0, kind: Unverified, error: "Stream decode error: FlateDecode failed: deflate decompression error" }) }]
ORDER_RECOVERY /home/santi/repos/BelowZero/oxidizePdf/oxidize-pdf/test-corpus/t3-stress/format-corpus/preserve_219789.pdf page=11 diagnostics=[TextRecoveryDiagnostic { location: PageContents(0), action: Recovered(FilterRecovery { filter_index: 0, kind: Unverified, error: "Stream decode error: FlateDecode failed: deflate decompression error" }) }]
ORDER_RECOVERY /home/santi/repos/BelowZero/oxidizePdf/oxidize-pdf/test-corpus/t3-stress/format-corpus/preserve_219789.pdf page=12 diagnostics=[TextRecoveryDiagnostic { location: PageContents(0), action: Recovered(FilterRecovery { filter_index: 0, kind: Unverified, error: "Stream decode error: FlateDecode failed: deflate decompression error" }) }]
ORDER_RECOVERY /home/santi/repos/BelowZero/oxidizePdf/oxidize-pdf/test-corpus/t3-stress/format-corpus/preserve_219789.pdf page=16 diagnostics=[TextRecoveryDiagnostic { location: PageContents(0), action: Recovered(FilterRecovery { filter_index: 0, kind: Unverified, error: "Stream decode error: FlateDecode failed: deflate decompression error" }) }]
ORDER_RECOVERY /home/santi/repos/BelowZero/oxidizePdf/oxidize-pdf/test-corpus/t3-stress/format-corpus/preserve_219789.pdf page=17 diagnostics=[TextRecoveryDiagnostic { location: PageContents(0), action: Recovered(FilterRecovery { filter_index: 0, kind: Unverified, error: "Stream decode error: FlateDecode failed: deflate decompression error" }) }]
ORDER_RECOVERY /home/santi/repos/BelowZero/oxidizePdf/oxidize-pdf/test-corpus/t3-stress/format-corpus/preserve_219789.pdf page=18 diagnostics=[TextRecoveryDiagnostic { location: PageContents(0), action: Recovered(FilterRecovery { filter_index: 0, kind: Unverified, error: "Stream decode error: FlateDecode failed: deflate decompression error" }) }]
ORDER_RECOVERY /home/santi/repos/BelowZero/oxidizePdf/oxidize-pdf/test-corpus/t3-stress/format-corpus/preserve_219789.pdf page=20 diagnostics=[TextRecoveryDiagnostic { location: PageContents(0), action: Recovered(FilterRecovery { filter_index: 0, kind: Unverified, error: "Stream decode error: FlateDecode failed: deflate decompression error" }) }]
ORDER_RECOVERY /home/santi/repos/BelowZero/oxidizePdf/oxidize-pdf/test-corpus/t3-stress/format-corpus/preserve_219789.pdf page=22 diagnostics=[TextRecoveryDiagnostic { location: PageContents(0), action: Recovered(FilterRecovery { filter_index: 0, kind: Unverified, error: "Stream decode error: FlateDecode failed: deflate decompression error" }) }]
ORDER_RECOVERY /home/santi/repos/BelowZero/oxidizePdf/oxidize-pdf/test-corpus/t3-stress/format-corpus/preserve_219789.pdf page=23 diagnostics=[TextRecoveryDiagnostic { location: PageContents(0), action: Recovered(FilterRecovery { filter_index: 0, kind: Incomplete, error: "Stream decode error: FlateDecode failed: deflate decompression error" }) }]
ORDER_RECOVERY /home/santi/repos/BelowZero/oxidizePdf/oxidize-pdf/test-corpus/t3-stress/format-corpus/preserve_219789.pdf page=24 diagnostics=[TextRecoveryDiagnostic { location: PageContents(0), action: Recovered(FilterRecovery { filter_index: 0, kind: Unverified, error: "Stream decode error: FlateDecode failed: deflate decompression error" }) }]
ORDER_RECOVERY /home/santi/repos/BelowZero/oxidizePdf/oxidize-pdf/test-corpus/t3-stress/format-corpus/preserve_219789.pdf page=29 diagnostics=[TextRecoveryDiagnostic { location: PageContents(0), action: Recovered(FilterRecovery { filter_index: 0, kind: Unverified, error: "Stream decode error: FlateDecode failed: deflate decompression error" }) }]
ORDER_RECOVERY /home/santi/repos/BelowZero/oxidizePdf/oxidize-pdf/test-corpus/t3-stress/format-corpus/preserve_226387.pdf page=5 diagnostics=[TextRecoveryDiagnostic { location: PageContents(0), action: Recovered(FilterRecovery { filter_index: 0, kind: Unverified, error: "Stream decode error: FlateDecode failed: deflate decompression error" }) }]
ORDER_RECOVERY /home/santi/repos/BelowZero/oxidizePdf/oxidize-pdf/test-corpus/t3-stress/format-corpus/preserve_219789.pdf page=31 diagnostics=[TextRecoveryDiagnostic { location: PageContents(0), action: Recovered(FilterRecovery { filter_index: 0, kind: Unverified, error: "Stream decode error: FlateDecode failed: deflate decompression error" }) }]
ORDER_RECOVERY /home/santi/repos/BelowZero/oxidizePdf/oxidize-pdf/test-corpus/t3-stress/format-corpus/preserve_219789.pdf page=35 diagnostics=[TextRecoveryDiagnostic { location: PageContents(0), action: Recovered(FilterRecovery { filter_index: 0, kind: Unverified, error: "Stream decode error: FlateDecode failed: deflate decompression error" }) }]
ORDER_RECOVERY /home/santi/repos/BelowZero/oxidizePdf/oxidize-pdf/test-corpus/t3-stress/format-corpus/preserve_219789.pdf page=36 diagnostics=[TextRecoveryDiagnostic { location: PageContents(0), action: Recovered(FilterRecovery { filter_index: 0, kind: Unverified, error: "Stream decode error: FlateDecode failed: deflate decompression error" }) }]
ORDER_RECOVERY /home/santi/repos/BelowZero/oxidizePdf/oxidize-pdf/test-corpus/t3-stress/format-corpus/preserve_219789.pdf page=46 diagnostics=[TextRecoveryDiagnostic { location: PageContents(0), action: Recovered(FilterRecovery { filter_index: 0, kind: Unverified, error: "Stream decode error: FlateDecode failed: deflate decompression error" }) }]
ORDER_RECOVERY /home/santi/repos/BelowZero/oxidizePdf/oxidize-pdf/test-corpus/t3-stress/format-corpus/preserve_219789.pdf page=47 diagnostics=[TextRecoveryDiagnostic { location: PageContents(0), action: Recovered(FilterRecovery { filter_index: 0, kind: Unverified, error: "Stream decode error: FlateDecode failed: deflate decompression error" }) }]
ORDER_RECOVERY /home/santi/repos/BelowZero/oxidizePdf/oxidize-pdf/test-corpus/t3-stress/format-corpus/preserve_219789.pdf page=48 diagnostics=[TextRecoveryDiagnostic { location: PageContents(0), action: Recovered(FilterRecovery { filter_index: 0, kind: Unverified, error: "Stream decode error: FlateDecode failed: deflate decompression error" }) }]
ORDER_RECOVERY /home/santi/repos/BelowZero/oxidizePdf/oxidize-pdf/test-corpus/t3-stress/format-corpus/preserve_219789.pdf page=50 diagnostics=[TextRecoveryDiagnostic { location: PageContents(0), action: Recovered(FilterRecovery { filter_index: 0, kind: Unverified, error: "Stream decode error: FlateDecode failed: deflate decompression error" }) }]
ORDER_RECOVERY /home/santi/repos/BelowZero/oxidizePdf/oxidize-pdf/test-corpus/t3-stress/format-corpus/preserve_219789.pdf page=51 diagnostics=[TextRecoveryDiagnostic { location: PageContents(0), action: Recovered(FilterRecovery { filter_index: 0, kind: Unverified, error: "Stream decode error: FlateDecode failed: deflate decompression error" }) }]
ORDER_RECOVERY /home/santi/repos/BelowZero/oxidizePdf/oxidize-pdf/test-corpus/t3-stress/format-corpus/preserve_219789.pdf page=52 diagnostics=[TextRecoveryDiagnostic { location: PageContents(0), action: Recovered(FilterRecovery { filter_index: 0, kind: Unverified, error: "Stream decode error: FlateDecode failed: deflate decompression error" }) }]
ORDER_RECOVERY /home/santi/repos/BelowZero/oxidizePdf/oxidize-pdf/test-corpus/t3-stress/format-corpus/preserve_226387.pdf page=5 diagnostics=[TextRecoveryDiagnostic { location: PageContents(0), action: Recovered(FilterRecovery { filter_index: 0, kind: Unverified, error: "Stream decode error: FlateDecode failed: deflate decompression error" }) }]
ORDER_RECOVERY /home/santi/repos/BelowZero/oxidizePdf/oxidize-pdf/test-corpus/t3-stress/format-corpus/preserve_268346.pdf page=19 diagnostics=[TextRecoveryDiagnostic { location: PageContents(0), action: Recovered(FilterRecovery { filter_index: 0, kind: Unverified, error: "Stream decode error: FlateDecode failed: deflate decompression error" }) }]
ORDER_RECOVERY /home/santi/repos/BelowZero/oxidizePdf/oxidize-pdf/test-corpus/t3-stress/format-corpus/preserve_268346.pdf page=19 diagnostics=[TextRecoveryDiagnostic { location: PageContents(0), action: Recovered(FilterRecovery { filter_index: 0, kind: Unverified, error: "Stream decode error: FlateDecode failed: deflate decompression error" }) }]
ORDER_RECOVERY /home/santi/repos/BelowZero/oxidizePdf/oxidize-pdf/test-corpus/t3-stress/format-corpus/preserve_303226.pdf page=1 diagnostics=[TextRecoveryDiagnostic { location: PageContents(0), action: Recovered(FilterRecovery { filter_index: 0, kind: Unverified, error: "Stream decode error: FlateDecode failed: deflate decompression error" }) }]
ORDER_RECOVERY /home/santi/repos/BelowZero/oxidizePdf/oxidize-pdf/test-corpus/t3-stress/format-corpus/preserve_303226.pdf page=11 diagnostics=[TextRecoveryDiagnostic { location: PageContents(0), action: Recovered(FilterRecovery { filter_index: 0, kind: Unverified, error: "Stream decode error: FlateDecode failed: deflate decompression error" }) }]
ORDER_RECOVERY /home/santi/repos/BelowZero/oxidizePdf/oxidize-pdf/test-corpus/t3-stress/format-corpus/preserve_303226.pdf page=12 diagnostics=[TextRecoveryDiagnostic { location: PageContents(0), action: Recovered(FilterRecovery { filter_index: 0, kind: Unverified, error: "Stream decode error: FlateDecode failed: deflate decompression error" }) }]
ORDER_RECOVERY /home/santi/repos/BelowZero/oxidizePdf/oxidize-pdf/test-corpus/t3-stress/format-corpus/preserve_303226.pdf page=1 diagnostics=[TextRecoveryDiagnostic { location: PageContents(0), action: Recovered(FilterRecovery { filter_index: 0, kind: Unverified, error: "Stream decode error: FlateDecode failed: deflate decompression error" }) }]
ORDER_RECOVERY /home/santi/repos/BelowZero/oxidizePdf/oxidize-pdf/test-corpus/t3-stress/format-corpus/preserve_303226.pdf page=11 diagnostics=[TextRecoveryDiagnostic { location: PageContents(0), action: Recovered(FilterRecovery { filter_index: 0, kind: Unverified, error: "Stream decode error: FlateDecode failed: deflate decompression error" }) }]
ORDER_RECOVERY /home/santi/repos/BelowZero/oxidizePdf/oxidize-pdf/test-corpus/t3-stress/format-corpus/preserve_303226.pdf page=12 diagnostics=[TextRecoveryDiagnostic { location: PageContents(0), action: Recovered(FilterRecovery { filter_index: 0, kind: Unverified, error: "Stream decode error: FlateDecode failed: deflate decompression error" }) }]
ORDER_RECOVERY /home/santi/repos/BelowZero/oxidizePdf/oxidize-pdf/test-corpus/t3-stress/format-corpus/preserve_367594.pdf page=6 diagnostics=[TextRecoveryDiagnostic { location: PageContents(0), action: Recovered(FilterRecovery { filter_index: 0, kind: Unverified, error: "Stream decode error: FlateDecode failed: deflate decompression error" }) }]
ORDER_RECOVERY /home/santi/repos/BelowZero/oxidizePdf/oxidize-pdf/test-corpus/t3-stress/format-corpus/preserve_367594.pdf page=6 diagnostics=[TextRecoveryDiagnostic { location: PageContents(0), action: Recovered(FilterRecovery { filter_index: 0, kind: Unverified, error: "Stream decode error: FlateDecode failed: deflate decompression error" }) }]
ORDER_RECOVERY /home/santi/repos/BelowZero/oxidizePdf/oxidize-pdf/test-corpus/t3-stress/format-corpus/preserve_379049.pdf page=100 diagnostics=[TextRecoveryDiagnostic { location: PageContents(0), action: Recovered(FilterRecovery { filter_index: 0, kind: Unverified, error: "Stream decode error: FlateDecode failed: deflate decompression error" }) }]
ORDER_RECOVERY /home/santi/repos/BelowZero/oxidizePdf/oxidize-pdf/test-corpus/t3-stress/format-corpus/preserve_379049.pdf page=100 diagnostics=[TextRecoveryDiagnostic { location: PageContents(0), action: Recovered(FilterRecovery { filter_index: 0, kind: Unverified, error: "Stream decode error: FlateDecode failed: deflate decompression error" }) }]
ORDER_RECOVERY /home/santi/repos/BelowZero/oxidizePdf/oxidize-pdf/test-corpus/t3-stress/format-corpus/preserve_392154.pdf page=19 diagnostics=[TextRecoveryDiagnostic { location: PageContents(0), action: Recovered(FilterRecovery { filter_index: 0, kind: Unverified, error: "Stream decode error: FlateDecode failed: deflate decompression error" }) }]
ORDER_RECOVERY /home/santi/repos/BelowZero/oxidizePdf/oxidize-pdf/test-corpus/t3-stress/format-corpus/preserve_427669.pdf page=16 diagnostics=[TextRecoveryDiagnostic { location: PageContents(2), action: Recovered(FilterRecovery { filter_index: 0, kind: Unverified, error: "Stream decode error: FlateDecode failed: deflate decompression error" }) }]
ORDER_RECOVERY /home/santi/repos/BelowZero/oxidizePdf/oxidize-pdf/test-corpus/t3-stress/format-corpus/preserve_427669.pdf page=17 diagnostics=[TextRecoveryDiagnostic { location: PageContents(1), action: Recovered(FilterRecovery { filter_index: 0, kind: Unverified, error: "Stream decode error: FlateDecode failed: deflate decompression error" }) }, TextRecoveryDiagnostic { location: PageContents(2), action: Recovered(FilterRecovery { filter_index: 0, kind: Unverified, error: "Stream decode error: FlateDecode failed: deflate decompression error" }) }]
ORDER_RECOVERY /home/santi/repos/BelowZero/oxidizePdf/oxidize-pdf/test-corpus/t3-stress/format-corpus/preserve_392154.pdf page=19 diagnostics=[TextRecoveryDiagnostic { location: PageContents(0), action: Recovered(FilterRecovery { filter_index: 0, kind: Unverified, error: "Stream decode error: FlateDecode failed: deflate decompression error" }) }]
ORDER_RECOVERY /home/santi/repos/BelowZero/oxidizePdf/oxidize-pdf/test-corpus/t3-stress/format-corpus/preserve_435321.pdf page=5 diagnostics=[TextRecoveryDiagnostic { location: PageContents(0), action: Recovered(FilterRecovery { filter_index: 0, kind: Unverified, error: "Stream decode error: FlateDecode failed: deflate decompression error" }) }]
ORDER_RECOVERY /home/santi/repos/BelowZero/oxidizePdf/oxidize-pdf/test-corpus/t3-stress/format-corpus/preserve_435321.pdf page=12 diagnostics=[TextRecoveryDiagnostic { location: PageContents(0), action: Recovered(FilterRecovery { filter_index: 0, kind: Unverified, error: "Stream decode error: FlateDecode failed: deflate decompression error" }) }]
ORDER_RECOVERY /home/santi/repos/BelowZero/oxidizePdf/oxidize-pdf/test-corpus/t3-stress/format-corpus/preserve_435321.pdf page=16 diagnostics=[TextRecoveryDiagnostic { location: PageContents(0), action: Recovered(FilterRecovery { filter_index: 0, kind: Unverified, error: "Stream decode error: FlateDecode failed: deflate decompression error" }) }]
ORDER_RECOVERY /home/santi/repos/BelowZero/oxidizePdf/oxidize-pdf/test-corpus/t3-stress/format-corpus/preserve_427669.pdf page=16 diagnostics=[TextRecoveryDiagnostic { location: PageContents(2), action: Recovered(FilterRecovery { filter_index: 0, kind: Unverified, error: "Stream decode error: FlateDecode failed: deflate decompression error" }) }]
ORDER_RECOVERY /home/santi/repos/BelowZero/oxidizePdf/oxidize-pdf/test-corpus/t3-stress/format-corpus/preserve_427669.pdf page=17 diagnostics=[TextRecoveryDiagnostic { location: PageContents(1), action: Recovered(FilterRecovery { filter_index: 0, kind: Unverified, error: "Stream decode error: FlateDecode failed: deflate decompression error" }) }, TextRecoveryDiagnostic { location: PageContents(2), action: Recovered(FilterRecovery { filter_index: 0, kind: Unverified, error: "Stream decode error: FlateDecode failed: deflate decompression error" }) }]
ORDER_RECOVERY /home/santi/repos/BelowZero/oxidizePdf/oxidize-pdf/test-corpus/t3-stress/format-corpus/preserve_443752.pdf page=26 diagnostics=[TextRecoveryDiagnostic { location: PageContents(0), action: Recovered(FilterRecovery { filter_index: 0, kind: Unverified, error: "Stream decode error: FlateDecode failed: deflate decompression error" }) }]
ORDER_RECOVERY /home/santi/repos/BelowZero/oxidizePdf/oxidize-pdf/test-corpus/t3-stress/format-corpus/preserve_435321.pdf page=5 diagnostics=[TextRecoveryDiagnostic { location: PageContents(0), action: Recovered(FilterRecovery { filter_index: 0, kind: Unverified, error: "Stream decode error: FlateDecode failed: deflate decompression error" }) }]
ORDER_RECOVERY /home/santi/repos/BelowZero/oxidizePdf/oxidize-pdf/test-corpus/t3-stress/format-corpus/preserve_435321.pdf page=12 diagnostics=[TextRecoveryDiagnostic { location: PageContents(0), action: Recovered(FilterRecovery { filter_index: 0, kind: Unverified, error: "Stream decode error: FlateDecode failed: deflate decompression error" }) }]
ORDER_RECOVERY /home/santi/repos/BelowZero/oxidizePdf/oxidize-pdf/test-corpus/t3-stress/format-corpus/preserve_435321.pdf page=16 diagnostics=[TextRecoveryDiagnostic { location: PageContents(0), action: Recovered(FilterRecovery { filter_index: 0, kind: Unverified, error: "Stream decode error: FlateDecode failed: deflate decompression error" }) }]
ORDER_RECOVERY /home/santi/repos/BelowZero/oxidizePdf/oxidize-pdf/test-corpus/t3-stress/format-corpus/preserve_443752.pdf page=26 diagnostics=[TextRecoveryDiagnostic { location: PageContents(0), action: Recovered(FilterRecovery { filter_index: 0, kind: Unverified, error: "Stream decode error: FlateDecode failed: deflate decompression error" }) }]
ORDER_RECOVERY /home/santi/repos/BelowZero/oxidizePdf/oxidize-pdf/test-corpus/t3-stress/format-corpus/preserve_455746.pdf page=4 diagnostics=[TextRecoveryDiagnostic { location: PageContents(0), action: Recovered(FilterRecovery { filter_index: 0, kind: Unverified, error: "Stream decode error: FlateDecode failed: deflate decompression error" }) }]
ORDER_RECOVERY /home/santi/repos/BelowZero/oxidizePdf/oxidize-pdf/test-corpus/t3-stress/format-corpus/preserve_455746.pdf page=18 diagnostics=[TextRecoveryDiagnostic { location: PageContents(0), action: Recovered(FilterRecovery { filter_index: 0, kind: Unverified, error: "Stream decode error: FlateDecode failed: deflate decompression error" }) }]
ORDER_RECOVERY /home/santi/repos/BelowZero/oxidizePdf/oxidize-pdf/test-corpus/t3-stress/format-corpus/preserve_455746.pdf page=22 diagnostics=[TextRecoveryDiagnostic { location: PageContents(0), action: Recovered(FilterRecovery { filter_index: 0, kind: Unverified, error: "Stream decode error: FlateDecode failed: deflate decompression error" }) }]
ORDER_RECOVERY /home/santi/repos/BelowZero/oxidizePdf/oxidize-pdf/test-corpus/t3-stress/format-corpus/preserve_455746.pdf page=71 diagnostics=[TextRecoveryDiagnostic { location: PageContents(0), action: Recovered(FilterRecovery { filter_index: 0, kind: Unverified, error: "Stream decode error: FlateDecode failed: deflate decompression error" }) }]
ORDER_RECOVERY /home/santi/repos/BelowZero/oxidizePdf/oxidize-pdf/test-corpus/t3-stress/format-corpus/preserve_455746.pdf page=77 diagnostics=[TextRecoveryDiagnostic { location: PageContents(0), action: Recovered(FilterRecovery { filter_index: 0, kind: Unverified, error: "Stream decode error: FlateDecode failed: deflate decompression error" }) }]
ORDER_RECOVERY /home/santi/repos/BelowZero/oxidizePdf/oxidize-pdf/test-corpus/t3-stress/format-corpus/preserve_455746.pdf page=80 diagnostics=[TextRecoveryDiagnostic { location: PageContents(0), action: Recovered(FilterRecovery { filter_index: 0, kind: Unverified, error: "Stream decode error: FlateDecode failed: deflate decompression error" }) }]
ORDER_RECOVERY /home/santi/repos/BelowZero/oxidizePdf/oxidize-pdf/test-corpus/t3-stress/format-corpus/preserve_455746.pdf page=4 diagnostics=[TextRecoveryDiagnostic { location: PageContents(0), action: Recovered(FilterRecovery { filter_index: 0, kind: Unverified, error: "Stream decode error: FlateDecode failed: deflate decompression error" }) }]
ORDER_RECOVERY /home/santi/repos/BelowZero/oxidizePdf/oxidize-pdf/test-corpus/t3-stress/format-corpus/preserve_455746.pdf page=18 diagnostics=[TextRecoveryDiagnostic { location: PageContents(0), action: Recovered(FilterRecovery { filter_index: 0, kind: Unverified, error: "Stream decode error: FlateDecode failed: deflate decompression error" }) }]
ORDER_RECOVERY /home/santi/repos/BelowZero/oxidizePdf/oxidize-pdf/test-corpus/t3-stress/format-corpus/preserve_455746.pdf page=22 diagnostics=[TextRecoveryDiagnostic { location: PageContents(0), action: Recovered(FilterRecovery { filter_index: 0, kind: Unverified, error: "Stream decode error: FlateDecode failed: deflate decompression error" }) }]
ORDER_RECOVERY /home/santi/repos/BelowZero/oxidizePdf/oxidize-pdf/test-corpus/t3-stress/format-corpus/preserve_455746.pdf page=71 diagnostics=[TextRecoveryDiagnostic { location: PageContents(0), action: Recovered(FilterRecovery { filter_index: 0, kind: Unverified, error: "Stream decode error: FlateDecode failed: deflate decompression error" }) }]
ORDER_RECOVERY /home/santi/repos/BelowZero/oxidizePdf/oxidize-pdf/test-corpus/t3-stress/format-corpus/preserve_455746.pdf page=77 diagnostics=[TextRecoveryDiagnostic { location: PageContents(0), action: Recovered(FilterRecovery { filter_index: 0, kind: Unverified, error: "Stream decode error: FlateDecode failed: deflate decompression error" }) }]
ORDER_RECOVERY /home/santi/repos/BelowZero/oxidizePdf/oxidize-pdf/test-corpus/t3-stress/format-corpus/preserve_455746.pdf page=80 diagnostics=[TextRecoveryDiagnostic { location: PageContents(0), action: Recovered(FilterRecovery { filter_index: 0, kind: Unverified, error: "Stream decode error: FlateDecode failed: deflate decompression error" }) }]
ORDER_RECOVERY /home/santi/repos/BelowZero/oxidizePdf/oxidize-pdf/test-corpus/t3-stress/format-corpus/preserve_477139.pdf page=10 diagnostics=[TextRecoveryDiagnostic { location: PageContents(0), action: Recovered(FilterRecovery { filter_index: 0, kind: Unverified, error: "Stream decode error: FlateDecode failed: deflate decompression error" }) }]
ORDER_RECOVERY /home/santi/repos/BelowZero/oxidizePdf/oxidize-pdf/test-corpus/t3-stress/format-corpus/preserve_492484.pdf page=1 diagnostics=[TextRecoveryDiagnostic { location: PageContents(1), action: Recovered(FilterRecovery { filter_index: 0, kind: Unverified, error: "Stream decode error: FlateDecode failed: deflate decompression error" }) }]
ORDER_RECOVERY /home/santi/repos/BelowZero/oxidizePdf/oxidize-pdf/test-corpus/t3-stress/format-corpus/preserve_477139.pdf page=10 diagnostics=[TextRecoveryDiagnostic { location: PageContents(0), action: Recovered(FilterRecovery { filter_index: 0, kind: Unverified, error: "Stream decode error: FlateDecode failed: deflate decompression error" }) }]
ORDER_RECOVERY /home/santi/repos/BelowZero/oxidizePdf/oxidize-pdf/test-corpus/t3-stress/format-corpus/preserve_492484.pdf page=7 diagnostics=[TextRecoveryDiagnostic { location: PageContents(1), action: Recovered(FilterRecovery { filter_index: 0, kind: Unverified, error: "Stream decode error: FlateDecode failed: deflate decompression error" }) }]
ORDER_RECOVERY /home/santi/repos/BelowZero/oxidizePdf/oxidize-pdf/test-corpus/t3-stress/format-corpus/preserve_492484.pdf page=13 diagnostics=[TextRecoveryDiagnostic { location: PageContents(1), action: Recovered(FilterRecovery { filter_index: 0, kind: Unverified, error: "Stream decode error: FlateDecode failed: deflate decompression error" }) }]
ORDER_RECOVERY /home/santi/repos/BelowZero/oxidizePdf/oxidize-pdf/test-corpus/t3-stress/format-corpus/preserve_492484.pdf page=1 diagnostics=[TextRecoveryDiagnostic { location: PageContents(1), action: Recovered(FilterRecovery { filter_index: 0, kind: Unverified, error: "Stream decode error: FlateDecode failed: deflate decompression error" }) }]
ORDER_RECOVERY /home/santi/repos/BelowZero/oxidizePdf/oxidize-pdf/test-corpus/t3-stress/format-corpus/preserve_492484.pdf page=30 diagnostics=[TextRecoveryDiagnostic { location: PageContents(1), action: Recovered(FilterRecovery { filter_index: 0, kind: Unverified, error: "Stream decode error: FlateDecode failed: deflate decompression error" }) }]
ORDER_RECOVERY /home/santi/repos/BelowZero/oxidizePdf/oxidize-pdf/test-corpus/t3-stress/format-corpus/preserve_492484.pdf page=7 diagnostics=[TextRecoveryDiagnostic { location: PageContents(1), action: Recovered(FilterRecovery { filter_index: 0, kind: Unverified, error: "Stream decode error: FlateDecode failed: deflate decompression error" }) }]
ORDER_RECOVERY /home/santi/repos/BelowZero/oxidizePdf/oxidize-pdf/test-corpus/t3-stress/format-corpus/preserve_492484.pdf page=13 diagnostics=[TextRecoveryDiagnostic { location: PageContents(1), action: Recovered(FilterRecovery { filter_index: 0, kind: Unverified, error: "Stream decode error: FlateDecode failed: deflate decompression error" }) }]
ORDER_RECOVERY /home/santi/repos/BelowZero/oxidizePdf/oxidize-pdf/test-corpus/t3-stress/format-corpus/preserve_498264.pdf page=0 diagnostics=[TextRecoveryDiagnostic { location: PageContents(0), action: Recovered(FilterRecovery { filter_index: 0, kind: Unverified, error: "Stream decode error: FlateDecode failed: deflate decompression error" }) }]
ORDER_RECOVERY /home/santi/repos/BelowZero/oxidizePdf/oxidize-pdf/test-corpus/t3-stress/format-corpus/preserve_498264.pdf page=1 diagnostics=[TextRecoveryDiagnostic { location: PageContents(0), action: Recovered(FilterRecovery { filter_index: 0, kind: Unverified, error: "Stream decode error: FlateDecode failed: deflate decompression error" }) }]
ORDER_RECOVERY /home/santi/repos/BelowZero/oxidizePdf/oxidize-pdf/test-corpus/t3-stress/format-corpus/preserve_498264.pdf page=2 diagnostics=[TextRecoveryDiagnostic { location: PageContents(0), action: Recovered(FilterRecovery { filter_index: 0, kind: Unverified, error: "Stream decode error: FlateDecode failed: deflate decompression error" }) }]
ORDER_RECOVERY /home/santi/repos/BelowZero/oxidizePdf/oxidize-pdf/test-corpus/t3-stress/format-corpus/preserve_492484.pdf page=30 diagnostics=[TextRecoveryDiagnostic { location: PageContents(1), action: Recovered(FilterRecovery { filter_index: 0, kind: Unverified, error: "Stream decode error: FlateDecode failed: deflate decompression error" }) }]
ORDER_RECOVERY /home/santi/repos/BelowZero/oxidizePdf/oxidize-pdf/test-corpus/t3-stress/format-corpus/preserve_498264.pdf page=0 diagnostics=[TextRecoveryDiagnostic { location: PageContents(0), action: Recovered(FilterRecovery { filter_index: 0, kind: Unverified, error: "Stream decode error: FlateDecode failed: deflate decompression error" }) }]
ORDER_RECOVERY /home/santi/repos/BelowZero/oxidizePdf/oxidize-pdf/test-corpus/t3-stress/format-corpus/preserve_498264.pdf page=1 diagnostics=[TextRecoveryDiagnostic { location: PageContents(0), action: Recovered(FilterRecovery { filter_index: 0, kind: Unverified, error: "Stream decode error: FlateDecode failed: deflate decompression error" }) }]
ORDER_RECOVERY /home/santi/repos/BelowZero/oxidizePdf/oxidize-pdf/test-corpus/t3-stress/format-corpus/preserve_498264.pdf page=2 diagnostics=[TextRecoveryDiagnostic { location: PageContents(0), action: Recovered(FilterRecovery { filter_index: 0, kind: Unverified, error: "Stream decode error: FlateDecode failed: deflate decompression error" }) }]
ORDER_RECOVERY /home/santi/repos/BelowZero/oxidizePdf/oxidize-pdf/test-corpus/t3-stress/format-corpus/preserve_504076.pdf page=3 diagnostics=[TextRecoveryDiagnostic { location: PageContents(0), action: Recovered(FilterRecovery { filter_index: 0, kind: Unverified, error: "Stream decode error: FlateDecode failed: deflate decompression error" }) }]
ORDER_RECOVERY /home/santi/repos/BelowZero/oxidizePdf/oxidize-pdf/test-corpus/t3-stress/format-corpus/preserve_504076.pdf page=11 diagnostics=[TextRecoveryDiagnostic { location: PageContents(0), action: Recovered(FilterRecovery { filter_index: 0, kind: Unverified, error: "Stream decode error: FlateDecode failed: deflate decompression error" }) }]
ORDER_RECOVERY /home/santi/repos/BelowZero/oxidizePdf/oxidize-pdf/test-corpus/t3-stress/format-corpus/preserve_504076.pdf page=31 diagnostics=[TextRecoveryDiagnostic { location: PageContents(0), action: Recovered(FilterRecovery { filter_index: 0, kind: Unverified, error: "Stream decode error: FlateDecode failed: deflate decompression error" }) }]
ORDER_RECOVERY /home/santi/repos/BelowZero/oxidizePdf/oxidize-pdf/test-corpus/t3-stress/format-corpus/preserve_507618.pdf page=21 diagnostics=[TextRecoveryDiagnostic { location: PageContents(0), action: Recovered(FilterRecovery { filter_index: 0, kind: Unverified, error: "Stream decode error: FlateDecode failed: deflate decompression error" }) }]
ORDER_RECOVERY /home/santi/repos/BelowZero/oxidizePdf/oxidize-pdf/test-corpus/t3-stress/format-corpus/preserve_504076.pdf page=3 diagnostics=[TextRecoveryDiagnostic { location: PageContents(0), action: Recovered(FilterRecovery { filter_index: 0, kind: Unverified, error: "Stream decode error: FlateDecode failed: deflate decompression error" }) }]
ORDER_RECOVERY /home/santi/repos/BelowZero/oxidizePdf/oxidize-pdf/test-corpus/t3-stress/format-corpus/preserve_507676.pdf page=0 diagnostics=[TextRecoveryDiagnostic { location: PageContents(0), action: Recovered(FilterRecovery { filter_index: 0, kind: Unverified, error: "Stream decode error: FlateDecode failed: deflate decompression error" }) }]
ORDER_RECOVERY /home/santi/repos/BelowZero/oxidizePdf/oxidize-pdf/test-corpus/t3-stress/format-corpus/preserve_504076.pdf page=11 diagnostics=[TextRecoveryDiagnostic { location: PageContents(0), action: Recovered(FilterRecovery { filter_index: 0, kind: Unverified, error: "Stream decode error: FlateDecode failed: deflate decompression error" }) }]
ORDER_RECOVERY /home/santi/repos/BelowZero/oxidizePdf/oxidize-pdf/test-corpus/t3-stress/format-corpus/preserve_507676.pdf page=2 diagnostics=[TextRecoveryDiagnostic { location: PageContents(0), action: Recovered(FilterRecovery { filter_index: 0, kind: Unverified, error: "Stream decode error: FlateDecode failed: deflate decompression error" }) }]
ORDER_RECOVERY /home/santi/repos/BelowZero/oxidizePdf/oxidize-pdf/test-corpus/t3-stress/format-corpus/preserve_507676.pdf page=3 diagnostics=[TextRecoveryDiagnostic { location: PageContents(0), action: Recovered(FilterRecovery { filter_index: 0, kind: Unverified, error: "Stream decode error: FlateDecode failed: deflate decompression error" }) }]
ORDER_RECOVERY /home/santi/repos/BelowZero/oxidizePdf/oxidize-pdf/test-corpus/t3-stress/format-corpus/preserve_504076.pdf page=31 diagnostics=[TextRecoveryDiagnostic { location: PageContents(0), action: Recovered(FilterRecovery { filter_index: 0, kind: Unverified, error: "Stream decode error: FlateDecode failed: deflate decompression error" }) }]
ORDER_RECOVERY /home/santi/repos/BelowZero/oxidizePdf/oxidize-pdf/test-corpus/t3-stress/format-corpus/preserve_509284.pdf page=1 diagnostics=[TextRecoveryDiagnostic { location: PageContents(0), action: Recovered(FilterRecovery { filter_index: 0, kind: Unverified, error: "Stream decode error: FlateDecode failed: deflate decompression error" }) }]
ORDER_RECOVERY /home/santi/repos/BelowZero/oxidizePdf/oxidize-pdf/test-corpus/t3-stress/format-corpus/preserve_509284.pdf page=3 diagnostics=[TextRecoveryDiagnostic { location: PageContents(0), action: Recovered(FilterRecovery { filter_index: 0, kind: Unverified, error: "Stream decode error: FlateDecode failed: deflate decompression error" }) }]
ORDER_RECOVERY /home/santi/repos/BelowZero/oxidizePdf/oxidize-pdf/test-corpus/t3-stress/format-corpus/preserve_509284.pdf page=8 diagnostics=[TextRecoveryDiagnostic { location: PageContents(0), action: Recovered(FilterRecovery { filter_index: 0, kind: Incomplete, error: "Stream decode error: FlateDecode incomplete or truncated zlib stream" }) }]
ORDER_RECOVERY /home/santi/repos/BelowZero/oxidizePdf/oxidize-pdf/test-corpus/t3-stress/format-corpus/preserve_509284.pdf page=13 diagnostics=[TextRecoveryDiagnostic { location: PageContents(0), action: Recovered(FilterRecovery { filter_index: 0, kind: Unverified, error: "Stream decode error: FlateDecode failed: deflate decompression error" }) }]
ORDER_RECOVERY /home/santi/repos/BelowZero/oxidizePdf/oxidize-pdf/test-corpus/t3-stress/format-corpus/preserve_509284.pdf page=17 diagnostics=[TextRecoveryDiagnostic { location: PageContents(0), action: Recovered(FilterRecovery { filter_index: 0, kind: Unverified, error: "Stream decode error: FlateDecode failed: deflate decompression error" }) }]
ORDER_RECOVERY /home/santi/repos/BelowZero/oxidizePdf/oxidize-pdf/test-corpus/t3-stress/format-corpus/preserve_507618.pdf page=21 diagnostics=[TextRecoveryDiagnostic { location: PageContents(0), action: Recovered(FilterRecovery { filter_index: 0, kind: Unverified, error: "Stream decode error: FlateDecode failed: deflate decompression error" }) }]
ORDER_RECOVERY /home/santi/repos/BelowZero/oxidizePdf/oxidize-pdf/test-corpus/t3-stress/format-corpus/preserve_507676.pdf page=0 diagnostics=[TextRecoveryDiagnostic { location: PageContents(0), action: Recovered(FilterRecovery { filter_index: 0, kind: Unverified, error: "Stream decode error: FlateDecode failed: deflate decompression error" }) }]
ORDER_RECOVERY /home/santi/repos/BelowZero/oxidizePdf/oxidize-pdf/test-corpus/t3-stress/format-corpus/preserve_507676.pdf page=2 diagnostics=[TextRecoveryDiagnostic { location: PageContents(0), action: Recovered(FilterRecovery { filter_index: 0, kind: Unverified, error: "Stream decode error: FlateDecode failed: deflate decompression error" }) }]
ORDER_RECOVERY /home/santi/repos/BelowZero/oxidizePdf/oxidize-pdf/test-corpus/t3-stress/format-corpus/preserve_507676.pdf page=3 diagnostics=[TextRecoveryDiagnostic { location: PageContents(0), action: Recovered(FilterRecovery { filter_index: 0, kind: Unverified, error: "Stream decode error: FlateDecode failed: deflate decompression error" }) }]
ORDER_RECOVERY /home/santi/repos/BelowZero/oxidizePdf/oxidize-pdf/test-corpus/t3-stress/format-corpus/preserve_509284.pdf page=1 diagnostics=[TextRecoveryDiagnostic { location: PageContents(0), action: Recovered(FilterRecovery { filter_index: 0, kind: Unverified, error: "Stream decode error: FlateDecode failed: deflate decompression error" }) }]
ORDER_RECOVERY /home/santi/repos/BelowZero/oxidizePdf/oxidize-pdf/test-corpus/t3-stress/format-corpus/preserve_509284.pdf page=3 diagnostics=[TextRecoveryDiagnostic { location: PageContents(0), action: Recovered(FilterRecovery { filter_index: 0, kind: Unverified, error: "Stream decode error: FlateDecode failed: deflate decompression error" }) }]
ORDER_RECOVERY /home/santi/repos/BelowZero/oxidizePdf/oxidize-pdf/test-corpus/t3-stress/format-corpus/preserve_509284.pdf page=8 diagnostics=[TextRecoveryDiagnostic { location: PageContents(0), action: Recovered(FilterRecovery { filter_index: 0, kind: Incomplete, error: "Stream decode error: FlateDecode incomplete or truncated zlib stream" }) }]
ORDER_RECOVERY /home/santi/repos/BelowZero/oxidizePdf/oxidize-pdf/test-corpus/t3-stress/format-corpus/preserve_509284.pdf page=13 diagnostics=[TextRecoveryDiagnostic { location: PageContents(0), action: Recovered(FilterRecovery { filter_index: 0, kind: Unverified, error: "Stream decode error: FlateDecode failed: deflate decompression error" }) }]
ORDER_RECOVERY /home/santi/repos/BelowZero/oxidizePdf/oxidize-pdf/test-corpus/t3-stress/format-corpus/preserve_509284.pdf page=17 diagnostics=[TextRecoveryDiagnostic { location: PageContents(0), action: Recovered(FilterRecovery { filter_index: 0, kind: Unverified, error: "Stream decode error: FlateDecode failed: deflate decompression error" }) }]
ORDER_PAGE_ERROR /home/santi/repos/BelowZero/oxidizePdf/oxidize-pdf/test-corpus/t3-stress/format-corpus/preserve_T02-03_009_page-object-mediabox-not-rectangle.pdf page=0: Syntax error at position 0: MediaBox must have 4 elements
ORDER_PAGE_ERROR /home/santi/repos/BelowZero/oxidizePdf/oxidize-pdf/test-corpus/t3-stress/format-corpus/preserve_T04_006_premature-EOF.pdf page=0: Syntax error at position 4: Unknown keyword: dobj
ORDER_PAGE_ERROR /home/santi/repos/BelowZero/oxidizePdf/oxidize-pdf/test-corpus/t3-stress/format-corpus/preserve_T04_007_premature-EOF-only.pdf page=0: Syntax error at position 4: Unknown keyword: dobj
ORDER_PAGE_ERROR /home/santi/repos/BelowZero/oxidizePdf/oxidize-pdf/test-corpus/t3-stress/format-corpus/preserve_T02-03_009_page-object-mediabox-not-rectangle.pdf page=0: Syntax error at position 0: MediaBox must have 4 elements
ORDER_PAGE_ERROR /home/santi/repos/BelowZero/oxidizePdf/oxidize-pdf/test-corpus/t3-stress/format-corpus/preserve_T04_006_premature-EOF.pdf page=0: Syntax error at position 4: Unknown keyword: dobj
ORDER_PAGE_ERROR /home/santi/repos/BelowZero/oxidizePdf/oxidize-pdf/test-corpus/t3-stress/format-corpus/preserve_T04_007_premature-EOF-only.pdf page=0: Syntax error at position 4: Unknown keyword: dobj
ORDER_RECOVERY /home/santi/repos/BelowZero/oxidizePdf/oxidize-pdf/test-corpus/t3-stress/pdfium/pdfium_FRC_10_8.2.2__T8.3_original_file.pdf page=0 diagnostics=[TextRecoveryDiagnostic { location: FormXObject { name: "F", object: (49, 0) }, action: Omitted { error: "Stream decode error: FlateDecode incomplete or truncated zlib stream" } }]
ORDER_RECOVERY /home/santi/repos/BelowZero/oxidizePdf/oxidize-pdf/test-corpus/t3-stress/pdfium/pdfium_FRC_11_8.2.2__T8.3_first_last_exchange.pdf page=0 diagnostics=[TextRecoveryDiagnostic { location: FormXObject { name: "F", object: (37, 0) }, action: Omitted { error: "Stream decode error: FlateDecode incomplete or truncated zlib stream" } }]
ORDER_RECOVERY /home/santi/repos/BelowZero/oxidizePdf/oxidize-pdf/test-corpus/t3-stress/pdfium/pdfium_FRC_10_8.2.2__T8.3_original_file.pdf page=0 diagnostics=[TextRecoveryDiagnostic { location: FormXObject { name: "F", object: (49, 0) }, action: Omitted { error: "Stream decode error: FlateDecode incomplete or truncated zlib stream" } }]
ORDER_RECOVERY /home/santi/repos/BelowZero/oxidizePdf/oxidize-pdf/test-corpus/t3-stress/pdfium/pdfium_FRC_12_8.2.2__T8.3_first_outline_obj_ID.pdf page=0 diagnostics=[TextRecoveryDiagnostic { location: FormXObject { name: "F", object: (31, 0) }, action: Omitted { error: "Stream decode error: FlateDecode incomplete or truncated zlib stream" } }]
ORDER_RECOVERY /home/santi/repos/BelowZero/oxidizePdf/oxidize-pdf/test-corpus/t3-stress/pdfium/pdfium_FRC_11_8.2.2__T8.3_first_last_exchange.pdf page=0 diagnostics=[TextRecoveryDiagnostic { location: FormXObject { name: "F", object: (37, 0) }, action: Omitted { error: "Stream decode error: FlateDecode incomplete or truncated zlib stream" } }]
ORDER_RECOVERY /home/santi/repos/BelowZero/oxidizePdf/oxidize-pdf/test-corpus/t3-stress/pdfium/pdfium_FRC_13_8.2.2__T8.3_Count_edit300.pdf page=0 diagnostics=[TextRecoveryDiagnostic { location: FormXObject { name: "F", object: (35, 0) }, action: Omitted { error: "Stream decode error: FlateDecode incomplete or truncated zlib stream" } }]
ORDER_RECOVERY /home/santi/repos/BelowZero/oxidizePdf/oxidize-pdf/test-corpus/t3-stress/pdfium/pdfium_FRC_12_8.2.2__T8.3_first_outline_obj_ID.pdf page=0 diagnostics=[TextRecoveryDiagnostic { location: FormXObject { name: "F", object: (31, 0) }, action: Omitted { error: "Stream decode error: FlateDecode incomplete or truncated zlib stream" } }]
ORDER_RECOVERY /home/santi/repos/BelowZero/oxidizePdf/oxidize-pdf/test-corpus/t3-stress/pdfium/pdfium_FRC_14_8.2.2__T8.3_Count_edit0.pdf page=0 diagnostics=[TextRecoveryDiagnostic { location: FormXObject { name: "F", object: (33, 0) }, action: Omitted { error: "Stream decode error: FlateDecode incomplete or truncated zlib stream" } }]
ORDER_RECOVERY /home/santi/repos/BelowZero/oxidizePdf/oxidize-pdf/test-corpus/t3-stress/pdfium/pdfium_FRC_13_8.2.2__T8.3_Count_edit300.pdf page=0 diagnostics=[TextRecoveryDiagnostic { location: FormXObject { name: "F", object: (35, 0) }, action: Omitted { error: "Stream decode error: FlateDecode incomplete or truncated zlib stream" } }]
ORDER_RECOVERY /home/santi/repos/BelowZero/oxidizePdf/oxidize-pdf/test-corpus/t3-stress/pdfium/pdfium_FRC_15_8.2.2__T8.3_Count_edit1.pdf page=0 diagnostics=[TextRecoveryDiagnostic { location: FormXObject { name: "F", object: (33, 0) }, action: Omitted { error: "Stream decode error: FlateDecode incomplete or truncated zlib stream" } }]
ORDER_RECOVERY /home/santi/repos/BelowZero/oxidizePdf/oxidize-pdf/test-corpus/t3-stress/pdfium/pdfium_FRC_14_8.2.2__T8.3_Count_edit0.pdf page=0 diagnostics=[TextRecoveryDiagnostic { location: FormXObject { name: "F", object: (33, 0) }, action: Omitted { error: "Stream decode error: FlateDecode incomplete or truncated zlib stream" } }]
ORDER_RECOVERY /home/santi/repos/BelowZero/oxidizePdf/oxidize-pdf/test-corpus/t3-stress/pdfium/pdfium_FRC_16_8.2.2__T8.3_Count_edit_1.pdf page=0 diagnostics=[TextRecoveryDiagnostic { location: FormXObject { name: "F", object: (37, 0) }, action: Omitted { error: "Stream decode error: FlateDecode incomplete or truncated zlib stream" } }]
ORDER_RECOVERY /home/santi/repos/BelowZero/oxidizePdf/oxidize-pdf/test-corpus/t3-stress/pdfium/pdfium_FRC_15_8.2.2__T8.3_Count_edit1.pdf page=0 diagnostics=[TextRecoveryDiagnostic { location: FormXObject { name: "F", object: (33, 0) }, action: Omitted { error: "Stream decode error: FlateDecode incomplete or truncated zlib stream" } }]
ORDER_RECOVERY /home/santi/repos/BelowZero/oxidizePdf/oxidize-pdf/test-corpus/t3-stress/pdfium/pdfium_FRC_16_8.2.2__T8.3_Count_edit_1.pdf page=0 diagnostics=[TextRecoveryDiagnostic { location: FormXObject { name: "F", object: (37, 0) }, action: Omitted { error: "Stream decode error: FlateDecode incomplete or truncated zlib stream" } }]
ORDER_RECOVERY /home/santi/repos/BelowZero/oxidizePdf/oxidize-pdf/test-corpus/t3-stress/pdfium/pdfium_FRC_1_8.2.2__T8.3_First_empty.pdf page=0 diagnostics=[TextRecoveryDiagnostic { location: FormXObject { name: "F", object: (50, 0) }, action: Omitted { error: "Stream decode error: FlateDecode incomplete or truncated zlib stream" } }]
ORDER_RECOVERY /home/santi/repos/BelowZero/oxidizePdf/oxidize-pdf/test-corpus/t3-stress/pdfium/pdfium_FRC_1_8.2.2__T8.3_First_empty.pdf page=0 diagnostics=[TextRecoveryDiagnostic { location: FormXObject { name: "F", object: (50, 0) }, action: Omitted { error: "Stream decode error: FlateDecode incomplete or truncated zlib stream" } }]
ORDER_RECOVERY /home/santi/repos/BelowZero/oxidizePdf/oxidize-pdf/test-corpus/t3-stress/pdfium/pdfium_FRC_2_8.2.2__T8.3_Last_empty.pdf page=0 diagnostics=[TextRecoveryDiagnostic { location: FormXObject { name: "F", object: (43, 0) }, action: Omitted { error: "Stream decode error: FlateDecode incomplete or truncated zlib stream" } }]
ORDER_RECOVERY /home/santi/repos/BelowZero/oxidizePdf/oxidize-pdf/test-corpus/t3-stress/pdfium/pdfium_FRC_2_8.2.2__T8.3_Last_empty.pdf page=0 diagnostics=[TextRecoveryDiagnostic { location: FormXObject { name: "F", object: (43, 0) }, action: Omitted { error: "Stream decode error: FlateDecode incomplete or truncated zlib stream" } }]
ORDER_RECOVERY /home/santi/repos/BelowZero/oxidizePdf/oxidize-pdf/test-corpus/t3-stress/pdfium/pdfium_FRC_3_8.2.2_Type_empty.pdf page=0 diagnostics=[TextRecoveryDiagnostic { location: FormXObject { name: "F", object: (31, 0) }, action: Omitted { error: "Stream decode error: FlateDecode incomplete or truncated zlib stream" } }]
ORDER_RECOVERY /home/santi/repos/BelowZero/oxidizePdf/oxidize-pdf/test-corpus/t3-stress/pdfium/pdfium_FRC_3_8.2.2_Type_empty.pdf page=0 diagnostics=[TextRecoveryDiagnostic { location: FormXObject { name: "F", object: (31, 0) }, action: Omitted { error: "Stream decode error: FlateDecode incomplete or truncated zlib stream" } }]
ORDER_RECOVERY /home/santi/repos/BelowZero/oxidizePdf/oxidize-pdf/test-corpus/t3-stress/pdfium/pdfium_FRC_4_8.2.2__T8.3_Count_empty.pdf page=0 diagnostics=[TextRecoveryDiagnostic { location: FormXObject { name: "F", object: (37, 0) }, action: Omitted { error: "Stream decode error: FlateDecode incomplete or truncated zlib stream" } }]
ORDER_RECOVERY /home/santi/repos/BelowZero/oxidizePdf/oxidize-pdf/test-corpus/t3-stress/pdfium/pdfium_FRC_5_8.2.2__T8.3_First_remove.pdf page=0 diagnostics=[TextRecoveryDiagnostic { location: FormXObject { name: "F", object: (40, 0) }, action: Omitted { error: "Stream decode error: FlateDecode incomplete or truncated zlib stream" } }]
ORDER_RECOVERY /home/santi/repos/BelowZero/oxidizePdf/oxidize-pdf/test-corpus/t3-stress/pdfium/pdfium_FRC_4_8.2.2__T8.3_Count_empty.pdf page=0 diagnostics=[TextRecoveryDiagnostic { location: FormXObject { name: "F", object: (37, 0) }, action: Omitted { error: "Stream decode error: FlateDecode incomplete or truncated zlib stream" } }]
ORDER_RECOVERY /home/santi/repos/BelowZero/oxidizePdf/oxidize-pdf/test-corpus/t3-stress/pdfium/pdfium_FRC_6_8.2.2__T8.3_Last_remove.pdf page=0 diagnostics=[TextRecoveryDiagnostic { location: FormXObject { name: "F", object: (41, 0) }, action: Omitted { error: "Stream decode error: FlateDecode incomplete or truncated zlib stream" } }]
ORDER_RECOVERY /home/santi/repos/BelowZero/oxidizePdf/oxidize-pdf/test-corpus/t3-stress/pdfium/pdfium_FRC_7_8.2.2_Type_remove.pdf page=0 diagnostics=[TextRecoveryDiagnostic { location: FormXObject { name: "F", object: (41, 0) }, action: Omitted { error: "Stream decode error: FlateDecode incomplete or truncated zlib stream" } }]
ORDER_RECOVERY /home/santi/repos/BelowZero/oxidizePdf/oxidize-pdf/test-corpus/t3-stress/pdfium/pdfium_FRC_5_8.2.2__T8.3_First_remove.pdf page=0 diagnostics=[TextRecoveryDiagnostic { location: FormXObject { name: "F", object: (40, 0) }, action: Omitted { error: "Stream decode error: FlateDecode incomplete or truncated zlib stream" } }]
ORDER_RECOVERY /home/santi/repos/BelowZero/oxidizePdf/oxidize-pdf/test-corpus/t3-stress/pdfium/pdfium_FRC_6_8.2.2__T8.3_Last_remove.pdf page=0 diagnostics=[TextRecoveryDiagnostic { location: FormXObject { name: "F", object: (41, 0) }, action: Omitted { error: "Stream decode error: FlateDecode incomplete or truncated zlib stream" } }]
ORDER_RECOVERY /home/santi/repos/BelowZero/oxidizePdf/oxidize-pdf/test-corpus/t3-stress/pdfium/pdfium_FRC_7_8.2.2_Type_remove.pdf page=0 diagnostics=[TextRecoveryDiagnostic { location: FormXObject { name: "F", object: (41, 0) }, action: Omitted { error: "Stream decode error: FlateDecode incomplete or truncated zlib stream" } }]
ORDER_RECOVERY /home/santi/repos/BelowZero/oxidizePdf/oxidize-pdf/test-corpus/t3-stress/pdfium/pdfium_FRC_8.5_PO_GoToE_T_R&N.pdf page=1 diagnostics=[TextRecoveryDiagnostic { location: PageContents(0), action: Omitted { error: "Stream decode error: FlateDecode incomplete or truncated zlib stream" } }]
ORDER_RECOVERY /home/santi/repos/BelowZero/oxidizePdf/oxidize-pdf/test-corpus/t3-stress/pdfium/pdfium_FRC_8_8.2.2__T8.3_Count_remove.pdf page=0 diagnostics=[TextRecoveryDiagnostic { location: FormXObject { name: "F", object: (38, 0) }, action: Omitted { error: "Stream decode error: FlateDecode incomplete or truncated zlib stream" } }]
ORDER_RECOVERY /home/santi/repos/BelowZero/oxidizePdf/oxidize-pdf/test-corpus/t3-stress/pdfium/pdfium_FRC_8.5_PO_GoToE_T_R&N.pdf page=1 diagnostics=[TextRecoveryDiagnostic { location: PageContents(0), action: Omitted { error: "Stream decode error: FlateDecode incomplete or truncated zlib stream" } }]
ORDER_RECOVERY /home/santi/repos/BelowZero/oxidizePdf/oxidize-pdf/test-corpus/t3-stress/pdfium/pdfium_FRC_9_8.2.2__T8.3_remove_first_item.pdf page=0 diagnostics=[TextRecoveryDiagnostic { location: FormXObject { name: "F", object: (42, 0) }, action: Omitted { error: "Stream decode error: FlateDecode incomplete or truncated zlib stream" } }]
ORDER_RECOVERY /home/santi/repos/BelowZero/oxidizePdf/oxidize-pdf/test-corpus/t3-stress/pdfium/pdfium_FRC_8_8.2.2__T8.3_Count_remove.pdf page=0 diagnostics=[TextRecoveryDiagnostic { location: FormXObject { name: "F", object: (38, 0) }, action: Omitted { error: "Stream decode error: FlateDecode incomplete or truncated zlib stream" } }]
ORDER_RECOVERY /home/santi/repos/BelowZero/oxidizePdf/oxidize-pdf/test-corpus/t3-stress/pdfium/pdfium_FRC_9_8.2.2__T8.3_remove_first_item.pdf page=0 diagnostics=[TextRecoveryDiagnostic { location: FormXObject { name: "F", object: (42, 0) }, action: Omitted { error: "Stream decode error: FlateDecode incomplete or truncated zlib stream" } }]
test flat_extraction_does_not_transpose_more_words_than_poppler has been running for over 60 seconds
test reading_order_option_does_not_transpose_more_words_than_poppler has been running for over 60 seconds
ORDER_RECOVERY /home/santi/repos/BelowZero/oxidizePdf/oxidize-pdf/test-corpus/t3-stress/pdfium/pdfium_new_pdfsign1.pdf page=0 diagnostics=[TextRecoveryDiagnostic { location: FormXObject { name: "F", object: (16, 0) }, action: Omitted { error: "Stream decode error: FlateDecode incomplete or truncated zlib stream" } }]
ORDER_RECOVERY /home/santi/repos/BelowZero/oxidizePdf/oxidize-pdf/test-corpus/t3-stress/pdfium/pdfium_new_pdfsign2.pdf page=0 diagnostics=[TextRecoveryDiagnostic { location: FormXObject { name: "F", object: (16, 0) }, action: Omitted { error: "Stream decode error: FlateDecode incomplete or truncated zlib stream" } }]
ORDER_RECOVERY /home/santi/repos/BelowZero/oxidizePdf/oxidize-pdf/test-corpus/t3-stress/pdfium/pdfium_new_pdfsign3.pdf page=0 diagnostics=[TextRecoveryDiagnostic { location: FormXObject { name: "F", object: (16, 0) }, action: Omitted { error: "Stream decode error: FlateDecode incomplete or truncated zlib stream" } }]
ORDER_RECOVERY /home/santi/repos/BelowZero/oxidizePdf/oxidize-pdf/test-corpus/t3-stress/pdfium/pdfium_new_pdfsign4.pdf page=0 diagnostics=[TextRecoveryDiagnostic { location: FormXObject { name: "F", object: (43, 0) }, action: Omitted { error: "Stream decode error: FlateDecode incomplete or truncated zlib stream" } }]
ORDER_PAGE_ERROR /home/santi/repos/BelowZero/oxidizePdf/oxidize-pdf/test-corpus/t3-stress/pdfium/pdfium_ocg.pdf page=0: Syntax error at position 0: Contents must be a stream or array of streams
ORDER_RECOVERY /home/santi/repos/BelowZero/oxidizePdf/oxidize-pdf/test-corpus/t3-stress/pdfium/pdfium_new_pdfsign1.pdf page=0 diagnostics=[TextRecoveryDiagnostic { location: FormXObject { name: "F", object: (16, 0) }, action: Omitted { error: "Stream decode error: FlateDecode incomplete or truncated zlib stream" } }]
ORDER_RECOVERY /home/santi/repos/BelowZero/oxidizePdf/oxidize-pdf/test-corpus/t3-stress/pdfium/pdfium_new_pdfsign2.pdf page=0 diagnostics=[TextRecoveryDiagnostic { location: FormXObject { name: "F", object: (16, 0) }, action: Omitted { error: "Stream decode error: FlateDecode incomplete or truncated zlib stream" } }]
ORDER_RECOVERY /home/santi/repos/BelowZero/oxidizePdf/oxidize-pdf/test-corpus/t3-stress/pdfium/pdfium_new_pdfsign3.pdf page=0 diagnostics=[TextRecoveryDiagnostic { location: FormXObject { name: "F", object: (16, 0) }, action: Omitted { error: "Stream decode error: FlateDecode incomplete or truncated zlib stream" } }]
ORDER_RECOVERY /home/santi/repos/BelowZero/oxidizePdf/oxidize-pdf/test-corpus/t3-stress/pdfium/pdfium_new_pdfsign4.pdf page=0 diagnostics=[TextRecoveryDiagnostic { location: FormXObject { name: "F", object: (43, 0) }, action: Omitted { error: "Stream decode error: FlateDecode incomplete or truncated zlib stream" } }]
ORDER_PAGE_ERROR /home/santi/repos/BelowZero/oxidizePdf/oxidize-pdf/test-corpus/t3-stress/pdfium/pdfium_ocg.pdf page=0: Syntax error at position 0: Contents must be a stream or array of streams
ORDER_PAGE_ERROR /home/santi/repos/BelowZero/oxidizePdf/oxidize-pdf/test-corpus/t3-stress/qpdf/qpdf_bad-data-out.pdf page=0: Stream decode error: LZW decode error: invalid code 408
ORDER_PAGE_ERROR /home/santi/repos/BelowZero/oxidizePdf/oxidize-pdf/test-corpus/t3-stress/qpdf/qpdf_bad-data.pdf page=0: Stream decode error: LZW decode error: invalid code 408
ORDER_PAGE_ERROR /home/santi/repos/BelowZero/oxidizePdf/oxidize-pdf/test-corpus/t3-stress/qpdf/qpdf_bad25.pdf page=0: Syntax error at position 1: Unknown keyword: x
ORDER_PAGE_ERROR /home/santi/repos/BelowZero/oxidizePdf/oxidize-pdf/test-corpus/t3-stress/qpdf/qpdf_bad26.pdf page=0: Syntax error at position 3: Unknown keyword: x
ORDER_PAGE_ERROR /home/santi/repos/BelowZero/oxidizePdf/oxidize-pdf/test-corpus/t3-stress/qpdf/qpdf_bad27.pdf page=0: Syntax error at position 7: Unknown keyword: xbj
ORDER_PAGE_ERROR /home/santi/repos/BelowZero/oxidizePdf/oxidize-pdf/test-corpus/t3-stress/qpdf/qpdf_bad28.pdf page=0: Syntax error at position 402: Unknown keyword: enwobj
ORDER_PAGE_ERROR /home/santi/repos/BelowZero/oxidizePdf/oxidize-pdf/test-corpus/t3-stress/qpdf/qpdf_bad-data-out.pdf page=0: Stream decode error: LZW decode error: invalid code 408
ORDER_PAGE_ERROR /home/santi/repos/BelowZero/oxidizePdf/oxidize-pdf/test-corpus/t3-stress/qpdf/qpdf_bad-data.pdf page=0: Stream decode error: LZW decode error: invalid code 408
ORDER_PAGE_ERROR /home/santi/repos/BelowZero/oxidizePdf/oxidize-pdf/test-corpus/t3-stress/qpdf/qpdf_broken-lzw.pdf page=0: Stream decode error: LZW decode error: invalid code 445
ORDER_PAGE_ERROR /home/santi/repos/BelowZero/oxidizePdf/oxidize-pdf/test-corpus/t3-stress/qpdf/qpdf_bad25.pdf page=0: Syntax error at position 1: Unknown keyword: x
ORDER_PAGE_ERROR /home/santi/repos/BelowZero/oxidizePdf/oxidize-pdf/test-corpus/t3-stress/qpdf/qpdf_bad26.pdf page=0: Syntax error at position 3: Unknown keyword: x
ORDER_PAGE_ERROR /home/santi/repos/BelowZero/oxidizePdf/oxidize-pdf/test-corpus/t3-stress/qpdf/qpdf_bad27.pdf page=0: Syntax error at position 7: Unknown keyword: xbj
ORDER_PAGE_ERROR /home/santi/repos/BelowZero/oxidizePdf/oxidize-pdf/test-corpus/t3-stress/qpdf/qpdf_bad28.pdf page=0: Syntax error at position 402: Unknown keyword: enwobj
ORDER_PAGE_ERROR /home/santi/repos/BelowZero/oxidizePdf/oxidize-pdf/test-corpus/t3-stress/qpdf/qpdf_broken-lzw.pdf page=0: Stream decode error: LZW decode error: invalid code 445
ORDER_PAGE_ERROR /home/santi/repos/BelowZero/oxidizePdf/oxidize-pdf/test-corpus/t3-stress/qpdf/qpdf_deterministic-id-in.pdf page=2: Syntax error at position 166790: Could not find 'endstream' within 10485760 bytes
ORDER_PAGE_ERROR /home/santi/repos/BelowZero/oxidizePdf/oxidize-pdf/test-corpus/t3-stress/qpdf/qpdf_deterministic-id-in.pdf page=2: Syntax error at position 166790: Could not find 'endstream' within 10485760 bytes
ORDER_RECOVERY /home/santi/repos/BelowZero/oxidizePdf/oxidize-pdf/test-corpus/t3-stress/qpdf/qpdf_empty-stream-compressed.pdf page=0 diagnostics=[TextRecoveryDiagnostic { location: PageContents(0), action: Omitted { error: "Stream decode error: FlateDecode incomplete or truncated zlib stream" } }]
ORDER_RECOVERY /home/santi/repos/BelowZero/oxidizePdf/oxidize-pdf/test-corpus/t3-stress/qpdf/qpdf_empty-stream-compressed.pdf page=0 diagnostics=[TextRecoveryDiagnostic { location: PageContents(0), action: Omitted { error: "Stream decode error: FlateDecode incomplete or truncated zlib stream" } }]
ORDER_PAGE_ERROR /home/santi/repos/BelowZero/oxidizePdf/oxidize-pdf/test-corpus/t3-stress/qpdf/qpdf_form-xobjects-out.pdf page=15: Syntax error at position 21354: Could not find 'endstream' within 10485760 bytes
ORDER_PAGE_ERROR /home/santi/repos/BelowZero/oxidizePdf/oxidize-pdf/test-corpus/t3-stress/qpdf/qpdf_good19.pdf page=0: Syntax error at position 0: Contents must be a stream or array of streams
ORDER_PAGE_ERROR /home/santi/repos/BelowZero/oxidizePdf/oxidize-pdf/test-corpus/t3-stress/qpdf/qpdf_form-xobjects-out.pdf page=15: Syntax error at position 21354: Could not find 'endstream' within 10485760 bytes
ORDER_PAGE_ERROR /home/santi/repos/BelowZero/oxidizePdf/oxidize-pdf/test-corpus/t3-stress/qpdf/qpdf_incremental-3.pdf page=0: Syntax error at position 0: Contents must be a stream or array of streams
ORDER_PAGE_ERROR /home/santi/repos/BelowZero/oxidizePdf/oxidize-pdf/test-corpus/t3-stress/qpdf/qpdf_good19.pdf page=0: Syntax error at position 0: Contents must be a stream or array of streams
ORDER_PAGE_ERROR /home/santi/repos/BelowZero/oxidizePdf/oxidize-pdf/test-corpus/t3-stress/qpdf/qpdf_incremental-3.pdf page=0: Syntax error at position 0: Contents must be a stream or array of streams
ORDER_PAGE_ERROR /home/santi/repos/BelowZero/oxidizePdf/oxidize-pdf/test-corpus/t3-stress/qpdf/qpdf_issue-117.pdf page=0: Syntax error at position 1131: Unknown keyword: endob Ù¤2
ORDER_PAGE_ERROR /home/santi/repos/BelowZero/oxidizePdf/oxidize-pdf/test-corpus/t3-stress/qpdf/qpdf_issue-99.pdf page=0: Syntax error at position 0: Contents must be a stream or array of streams
ORDER_PAGE_ERROR /home/santi/repos/BelowZero/oxidizePdf/oxidize-pdf/test-corpus/t3-stress/qpdf/qpdf_issue-117.pdf page=0: Syntax error at position 1131: Unknown keyword: endob Ù¤2
ORDER_PAGE_ERROR /home/santi/repos/BelowZero/oxidizePdf/oxidize-pdf/test-corpus/t3-stress/qpdf/qpdf_issue-99.pdf page=0: Syntax error at position 0: Contents must be a stream or array of streams
ORDER_PAGE_ERROR /home/santi/repos/BelowZero/oxidizePdf/oxidize-pdf/test-corpus/t3-stress/qpdf/qpdf_manual-appearances.pdf page=8: Syntax error at position 26905: Could not find 'endstream' within 10485760 bytes
ORDER_PAGE_ERROR /home/santi/repos/BelowZero/oxidizePdf/oxidize-pdf/test-corpus/t3-stress/qpdf/qpdf_manual-appearances.pdf page=8: Syntax error at position 26905: Could not find 'endstream' within 10485760 bytes
ORDER_PAGE_ERROR /home/santi/repos/BelowZero/oxidizePdf/oxidize-pdf/test-corpus/t3-stress/qpdf/qpdf_newline-before-endstream-nl-qdf.pdf page=0: Syntax error at position 1513: Unknown keyword: is
ORDER_PAGE_ERROR /home/santi/repos/BelowZero/oxidizePdf/oxidize-pdf/test-corpus/t3-stress/qpdf/qpdf_newline-before-endstream-qdf.pdf page=0: Syntax error at position 1491: Unknown keyword: is
ORDER_PAGE_ERROR /home/santi/repos/BelowZero/oxidizePdf/oxidize-pdf/test-corpus/t3-stress/qpdf/qpdf_newline-before-endstream-nl-qdf.pdf page=0: Syntax error at position 1513: Unknown keyword: is
ORDER_RECOVERY /home/santi/repos/BelowZero/oxidizePdf/oxidize-pdf/test-corpus/t3-stress/qpdf/qpdf_overlay-no-resources.pdf page=0 diagnostics=[TextRecoveryDiagnostic { location: FormXObject { name: "Fx0", object: (5, 0) }, action: Omitted { error: "Stream decode error: FlateDecode incomplete or truncated zlib stream" } }]
ORDER_PAGE_ERROR /home/santi/repos/BelowZero/oxidizePdf/oxidize-pdf/test-corpus/t3-stress/qpdf/qpdf_newline-before-endstream-qdf.pdf page=0: Syntax error at position 1491: Unknown keyword: is
ORDER_RECOVERY /home/santi/repos/BelowZero/oxidizePdf/oxidize-pdf/test-corpus/t3-stress/qpdf/qpdf_overlay-no-resources.pdf page=0 diagnostics=[TextRecoveryDiagnostic { location: FormXObject { name: "Fx0", object: (5, 0) }, action: Omitted { error: "Stream decode error: FlateDecode incomplete or truncated zlib stream" } }]
ORDER_RECOVERY /home/santi/repos/BelowZero/oxidizePdf/oxidize-pdf/test-corpus/t3-stress/qpdf/qpdf_shared-images-errors-2-out.pdf page=0 diagnostics=[TextRecoveryDiagnostic { location: PageContents(0), action: Recovered(FilterRecovery { filter_index: 0, kind: Incomplete, error: "Stream decode error: FlateDecode failed: deflate decompression error" }) }]
ORDER_RECOVERY /home/santi/repos/BelowZero/oxidizePdf/oxidize-pdf/test-corpus/t3-stress/qpdf/qpdf_shared-images-errors.pdf page=1 diagnostics=[TextRecoveryDiagnostic { location: PageContents(0), action: Recovered(FilterRecovery { filter_index: 0, kind: Incomplete, error: "Stream decode error: FlateDecode failed: deflate decompression error" }) }]
ORDER_PAGE_ERROR /home/santi/repos/BelowZero/oxidizePdf/oxidize-pdf/test-corpus/t3-stress/qpdf/qpdf_split-content-stream-errors.pdf page=0: Stream decode error: LZW decode error: invalid code 336
ORDER_PAGE_ERROR /home/santi/repos/BelowZero/oxidizePdf/oxidize-pdf/test-corpus/t3-stress/qpdf/qpdf_split-exp-1.pdf page=0: Stream decode error: LZW decode error: invalid code 445
ORDER_RECOVERY /home/santi/repos/BelowZero/oxidizePdf/oxidize-pdf/test-corpus/t3-stress/qpdf/qpdf_start.pdf page=0 diagnostics=[TextRecoveryDiagnostic { location: PageContents(0), action: Recovered(FilterRecovery { filter_index: 0, kind: Incomplete, error: "Stream decode error: FlateDecode failed: deflate decompression error" }) }]
ORDER_RECOVERY /home/santi/repos/BelowZero/oxidizePdf/oxidize-pdf/test-corpus/t3-stress/qpdf/qpdf_shared-images-errors-2-out.pdf page=0 diagnostics=[TextRecoveryDiagnostic { location: PageContents(0), action: Recovered(FilterRecovery { filter_index: 0, kind: Incomplete, error: "Stream decode error: FlateDecode failed: deflate decompression error" }) }]
ORDER_RECOVERY /home/santi/repos/BelowZero/oxidizePdf/oxidize-pdf/test-corpus/t3-stress/qpdf/qpdf_shared-images-errors.pdf page=1 diagnostics=[TextRecoveryDiagnostic { location: PageContents(0), action: Recovered(FilterRecovery { filter_index: 0, kind: Incomplete, error: "Stream decode error: FlateDecode failed: deflate decompression error" }) }]
ORDER_PAGE_ERROR /home/santi/repos/BelowZero/oxidizePdf/oxidize-pdf/test-corpus/t3-stress/qpdf/qpdf_split-content-stream-errors.pdf page=0: Stream decode error: LZW decode error: invalid code 336
ORDER_PAGE_ERROR /home/santi/repos/BelowZero/oxidizePdf/oxidize-pdf/test-corpus/t3-stress/qpdf/qpdf_unfilterable.pdf page=0: Syntax error at position 0: Unknown stream filter
ORDER_PAGE_ERROR /home/santi/repos/BelowZero/oxidizePdf/oxidize-pdf/test-corpus/t3-stress/qpdf/qpdf_split-exp-1.pdf page=0: Stream decode error: LZW decode error: invalid code 445
ORDER_RECOVERY /home/santi/repos/BelowZero/oxidizePdf/oxidize-pdf/test-corpus/t3-stress/qpdf/qpdf_start.pdf page=0 diagnostics=[TextRecoveryDiagnostic { location: PageContents(0), action: Recovered(FilterRecovery { filter_index: 0, kind: Incomplete, error: "Stream decode error: FlateDecode failed: deflate decompression error" }) }]
ORDER_PAGE_ERROR /home/santi/repos/BelowZero/oxidizePdf/oxidize-pdf/test-corpus/t3-stress/qpdf/qpdf_unfilterable.pdf page=0: Syntax error at position 0: Unknown stream filter
ORDER_PAGE_ERROR /home/santi/repos/BelowZero/oxidizePdf/oxidize-pdf/test-corpus/t3-stress/safedocs/safedocs_Dialect-StreamIsDict.pdf page=0: Syntax error at position 0: Contents must be a stream or array of streams
differential order gate [t3-stress]: compared=1058 skipped=744 pop_words=594837 common=582126 misplaced=110427 misplaced_rate=0.185642 transposed=97716 transposed_rate=0.167861 fidelity_micro=0.8321 median=1.0000 p10=0.8182 docs_below_0.95=213 alignment_coverage=0.9786 content_coverage=0.9945
IMPROVEMENT [t3-stress]: misplaced rate 0.185642 < baseline 0.248584. Re-record the baseline to ratchet the gain in.
test flat_extraction_does_not_transpose_more_words_than_poppler ... ok
ORDER_PAGE_ERROR /home/santi/repos/BelowZero/oxidizePdf/oxidize-pdf/test-corpus/t3-stress/safedocs/safedocs_Dialect-StreamIsDict.pdf page=0: Syntax error at position 0: Contents must be a stream or array of streams
differential order gate [t3-stress-reading-order]: compared=1058 skipped=744 pop_words=594837 common=582126 misplaced=94887 misplaced_rate=0.159518 transposed=82176 transposed_rate=0.141165 fidelity_micro=0.8588 median=1.0000 p10=0.8654 docs_below_0.95=198 alignment_coverage=0.9786 content_coverage=0.9945
IMPROVEMENT [t3-stress-reading-order]: misplaced rate 0.159518 < baseline 0.225505. Re-record the baseline to ratchet the gain in.
test reading_order_option_does_not_transpose_more_words_than_poppler ... ok

test result: ok. 38 passed; 0 failed; 0 ignored; 0 measured; 0 filtered out; finished in 92.99s

