   Compiling generic-array v0.14.7
   Compiling ff v0.13.1
   Compiling base16ct v0.2.0
   Compiling group v0.13.0
   Compiling powerfmt v0.2.0
   Compiling deranged v0.5.8
   Compiling crypto-common v0.1.7
   Compiling block-buffer v0.10.4
   Compiling digest v0.10.7
   Compiling hmac v0.12.1
   Compiling signature v2.2.0
   Compiling hkdf v0.12.4
   Compiling crypto-bigint v0.5.5
   Compiling sec1 v0.7.3
   Compiling rfc6979 v0.4.0
   Compiling sha2 v0.10.9
   Compiling block-padding v0.3.3
   Compiling elliptic-curve v0.13.8
   Compiling inout v0.1.4
   Compiling cipher v0.4.4
   Compiling primeorder v0.13.6
   Compiling ecdsa v0.16.9
   Compiling ed25519 v2.2.3
   Compiling curve25519-dalek v4.1.3
   Compiling p384 v0.13.1
   Compiling p256 v0.13.2
   Compiling ed25519-dalek v2.2.0
   Compiling rsa v0.9.10
   Compiling num-conv v0.2.2
   Compiling time-core v0.1.8
   Compiling time v0.3.47
   Compiling oxidize-webpki v0.1.0
   Compiling aes v0.8.4
   Compiling cbc v0.1.2
   Compiling sha1 v0.10.6
   Compiling oxidize-pdf v5.1.3 (/tmp/oxidize-641-642/oxidize-pdf-core)
    Finished `test` profile [unoptimized] target(s) in 4m 47s
     Running unittests src/lib.rs (/tmp/oxidize-639-final-target/debug/deps/oxidize_pdf-64ad70c92da1be1b)

running 6804 tests
test actions::action::tests::test_action_constructor_string_conversion ... ok
test actions::action::tests::test_action_dictionary ... ok
test actions::action::tests::test_action_debug_clone ... ok
test actions::action::tests::test_action_object_id_generation_increments ... ok
test actions::action::tests::test_action_dictionary_without_object_id ... ok
test actions::action::tests::test_action_dictionary_to_dict ... ok
test actions::action::tests::test_action_dict_type_field ... ok
test actions::action::tests::test_action_type_names ... ok
test actions::action::tests::test_all_action_type_names ... ok
test actions::action::tests::test_complex_action_chaining ... ok
test actions::action::tests::test_goto_action_destination_handling ... ok
test actions::action::tests::test_goto_action ... ok
test actions::action::tests::test_goto_remote_action_with_new_window ... ok
test actions::action::tests::test_goto_remote_action ... ok
test actions::action::tests::test_launch_action_with_parameters ... ok
test actions::action::tests::test_launch_action ... ok
test actions::action::tests::test_uri_action ... ok
test actions::action::tests::test_named_action ... ok
test actions::action::tests::test_action_pattern_matching ... ok
test actions::action::tests::test_uri_action_with_is_map ... ok
test actions::action::tests::test_uri_action_without_is_map ... ok
test actions::goto_action::tests::test_goto_action_clone ... ok
test actions::goto_action::tests::test_goto_action_coordinate_precision ... ok
test actions::goto_action::tests::test_goto_action_debug ... ok
test actions::action::tests::test_action_type_debug_clone_partial_eq ... ok
test actions::goto_action::tests::test_goto_action_edge_cases ... ok
test actions::goto_action::tests::test_goto_action_from_destination ... ok
test actions::action::tests::test_next_action ... ok
test actions::goto_action::tests::test_goto_action_to_page ... ok
test actions::goto_action::tests::test_goto_action_comprehensive ... ok
test actions::goto_action::tests::test_goto_action_various_destinations ... ok
test actions::goto_action::tests::test_goto_action_page_destinations ... ok
test actions::goto_action::tests::test_goto_action_xyz ... ok
test actions::goto_action::tests::test_remote_goto_action ... ok
test actions::goto_action::tests::test_remote_goto_action_clone_debug ... ok
test actions::goto_action::tests::test_remote_goto_action_creation ... ok
test actions::goto_action::tests::test_remote_goto_action_destination_types ... ok
test actions::goto_action::tests::test_remote_goto_named ... ok
test actions::goto_action::tests::test_remote_goto_action_window_options ... ok
test actions::launch_action::tests::test_launch_action_application ... ok
test actions::launch_action::tests::test_launch_action_dict_type_fields ... ok
test actions::launch_action::tests::test_launch_action_document ... ok
test actions::launch_action::tests::test_launch_action_simple ... ok
test actions::launch_action::tests::test_launch_action_with_false_new_window ... ok
test actions::launch_action::tests::test_launch_action_with_params ... ok
test actions::launch_action::tests::test_launch_action_without_new_window ... ok
test actions::launch_action::tests::test_launch_parameters_simple ... ok
test actions::launch_action::tests::test_launch_parameters_windows ... ok
test actions::launch_action::tests::test_windows_launch_params ... ok
test actions::launch_action::tests::test_windows_params_minimal ... ok
test actions::launch_action::tests::test_windows_params_partial_dict ... ok
test actions::launch_action::tests::test_windows_params_with_directory_only ... ok
test actions::launch_action::tests::test_windows_params_with_operation_only ... ok
test actions::named_action::tests::test_custom_named_action_edge_cases ... ok
test actions::named_action::tests::test_all_standard_named_actions ... ok
test actions::named_action::tests::test_document_actions ... ok
test actions::named_action::tests::test_named_action_clone ... ok
test actions::named_action::tests::test_named_action_custom ... ok
test actions::named_action::tests::test_named_action_debug ... ok
test actions::named_action::tests::test_named_action_dictionary_structure ... ok
test actions::named_action::tests::test_named_action_factory_methods ... ok
test actions::named_action::tests::test_named_action_match_patterns ... ok
test actions::named_action::tests::test_named_action_standard ... ok
test actions::named_action::tests::test_navigation_actions ... ok
test actions::named_action::tests::test_navigation_history_actions ... ok
test actions::named_action::tests::test_standard_named_action_clone ... ok
test actions::named_action::tests::test_standard_named_action_debug ... ok
test actions::named_action::tests::test_standard_named_action_partial_eq ... ok
test actions::named_action::tests::test_standard_named_actions ... ok
test actions::named_action::tests::test_view_actions ... ok
test actions::named_action::tests::test_view_mode_actions ... ok
test actions::uri_action::tests::test_uri_action_clone ... ok
test actions::uri_action::tests::test_uri_action_complete_dictionary ... ok
test actions::uri_action::tests::test_uri_action_debug ... ok
test actions::uri_action::tests::test_uri_action_email_with_subject ... ok
test actions::uri_action::tests::test_uri_action_flags_clone ... ok
test actions::uri_action::tests::test_uri_action_complex_email ... ok
test actions::uri_action::tests::test_uri_action_flags_debug ... ok
test actions::uri_action::tests::test_uri_action_flags_default ... ok
test actions::uri_action::tests::test_uri_action_various_protocols ... ok
test actions::uri_action::tests::test_uri_action_web ... ok
test actions::uri_action::tests::test_uri_action_with_map ... ok
test actions::uri_action::tests::test_uri_action_without_map_flag ... ok
test actions::uri_action::tests::test_uri_action_email ... ok
test actions::uri_action::tests::test_uri_builder ... ok
test actions::uri_action::tests::test_uri_builder_multiple_params ... ok
test actions::uri_action::tests::test_url_encoding ... ok
test advanced_tables::cell_style::tests::test_border_configuration_default ... ok
test advanced_tables::cell_style::tests::test_border_configuration_edges ... ok
test actions::uri_action::tests::test_uri_builder_empty ... ok
test advanced_tables::cell_style::tests::test_border_configuration_new ... ok
test advanced_tables::cell_style::tests::test_border_configuration_none ... ok
test actions::uri_action::tests::test_url_encoding_comprehensive ... ok
test advanced_tables::cell_style::tests::test_border_configuration_uniform ... ok
test advanced_tables::cell_style::tests::test_border_edge_dashed ... ok
test advanced_tables::cell_style::tests::test_border_edge_default ... ok
test advanced_tables::cell_style::tests::test_border_edge_dotted ... ok
test advanced_tables::cell_style::tests::test_border_edge_new ... ok
test advanced_tables::cell_style::tests::test_border_edge_none ... ok
test advanced_tables::cell_style::tests::test_border_edge_solid ... ok
test advanced_tables::cell_style::tests::test_border_style_default ... ok
test advanced_tables::cell_style::tests::test_border_style_variants ... ok
test advanced_tables::cell_style::tests::test_cell_alignment_default ... ok
test advanced_tables::cell_style::tests::test_cell_alignment_variants ... ok
test advanced_tables::cell_style::tests::test_cell_style_alignment ... ok
test advanced_tables::cell_style::tests::test_cell_style_alternating ... ok
test advanced_tables::cell_style::tests::test_cell_style_background_color ... ok
test advanced_tables::cell_style::tests::test_cell_style_border ... ok
test advanced_tables::cell_style::tests::test_cell_style_border_config ... ok
test advanced_tables::cell_style::tests::test_cell_style_data ... ok
test advanced_tables::cell_style::tests::test_cell_style_default ... ok
test advanced_tables::cell_style::tests::test_cell_style_font ... ok
test advanced_tables::cell_style::tests::test_cell_style_font_size ... ok
test advanced_tables::cell_style::tests::test_cell_style_header ... ok
test advanced_tables::cell_style::tests::test_cell_style_max_height ... ok
test advanced_tables::cell_style::tests::test_cell_style_min_height ... ok
test advanced_tables::cell_style::tests::test_cell_style_new ... ok
test advanced_tables::cell_style::tests::test_cell_style_numeric ... ok
test actions::uri_action::tests::test_uri_builder_special_characters ... ok
test advanced_tables::cell_style::tests::test_cell_style_padding ... ok
test advanced_tables::cell_style::tests::test_cell_style_text_color ... ok
test advanced_tables::cell_style::tests::test_cell_style_text_wrap ... ok
test advanced_tables::cell_style::tests::test_pad_horizontally ... ok
test advanced_tables::cell_style::tests::test_pad_vertically ... ok
test advanced_tables::cell_style::tests::test_padding_default ... ok
test advanced_tables::cell_style::tests::test_padding_individual ... ok
test advanced_tables::cell_style::tests::test_padding_symmetric ... ok
test advanced_tables::cell_style::tests::test_padding_totals ... ok
test advanced_tables::cell_style::tests::test_padding_uniform ... ok
test advanced_tables::error::tests::test_all_variants_debug ... ok
test advanced_tables::error::tests::test_column_mismatch_error ... ok
test advanced_tables::error::tests::test_error_clone ... ok
test advanced_tables::error::tests::test_error_debug ... ok
test advanced_tables::error::tests::test_error_is_send_sync ... ok
test advanced_tables::error::tests::test_error_is_std_error ... ok
test advanced_tables::error::tests::test_error_partial_eq ... ok
test advanced_tables::error::tests::test_header_out_of_bounds_error ... ok
test advanced_tables::error::tests::test_header_overlap_error ... ok
test advanced_tables::error::tests::test_invalid_cell_span_colspan ... ok
test advanced_tables::error::tests::test_invalid_cell_span_rowspan ... ok
test advanced_tables::error::tests::test_invalid_column_width_error ... ok
test advanced_tables::error::tests::test_invalid_column_width_zero ... ok
test advanced_tables::error::tests::test_invalid_row_height_error ... ok
test advanced_tables::error::tests::test_large_indices ... ok
test advanced_tables::error::tests::test_no_columns_error ... ok
test advanced_tables::error::tests::test_special_float_values ... ok
test advanced_tables::header_builder::tests::test_add_complex_header ... ok
test advanced_tables::header_builder::tests::test_add_complex_header_on_empty ... ok
test advanced_tables::header_builder::tests::test_add_custom_row ... ok
test advanced_tables::header_builder::tests::test_add_group_single ... ok
test advanced_tables::header_builder::tests::test_add_level_with_preset_columns ... ok
test advanced_tables::header_builder::tests::test_add_level ... ok
test advanced_tables::header_builder::tests::test_calculate_height_empty ... ok
test advanced_tables::header_builder::tests::test_calculate_height_single_row ... ok
test advanced_tables::header_builder::tests::test_calculate_height_multiple_rows ... ok
test advanced_tables::header_builder::tests::test_calculate_next_start_col_empty ... ok
test advanced_tables::header_builder::tests::test_default_style ... ok
test advanced_tables::header_builder::tests::test_get_cells_at_position_empty_builder ... ok
test advanced_tables::header_builder::tests::test_get_cells_at_position_found ... ok
test advanced_tables::header_builder::tests::test_financial_header ... ok
test advanced_tables::header_builder::tests::test_get_cells_at_position_invalid_level ... ok
test advanced_tables::header_builder::tests::test_grouped_header ... ok
test advanced_tables::header_builder::tests::test_header_builder_auto ... ok
test advanced_tables::header_builder::tests::test_header_builder_clone ... ok
test advanced_tables::header_builder::tests::test_header_builder_default ... ok
test advanced_tables::header_builder::tests::test_header_builder_debug ... ok
test advanced_tables::header_builder::tests::test_header_builder_new ... ok
test advanced_tables::header_builder::tests::test_header_cell_builder_chain ... ok
test advanced_tables::header_builder::tests::test_header_cell_clone ... ok
test advanced_tables::header_builder::tests::test_header_cell_colspan ... ok
test advanced_tables::header_builder::tests::test_header_cell_colspan_minimum ... ok
test advanced_tables::header_builder::tests::test_header_cell_debug ... ok
test advanced_tables::header_builder::tests::test_header_cell_new ... ok
test advanced_tables::header_builder::tests::test_header_cell_new_from_string ... ok
test advanced_tables::header_builder::tests::test_header_cell_row_level ... ok
test advanced_tables::header_builder::tests::test_header_cell_rowspan ... ok
test advanced_tables::header_builder::tests::test_header_cell_rowspan_minimum ... ok
test advanced_tables::header_builder::tests::test_header_cell_start_col ... ok
test advanced_tables::header_builder::tests::test_header_cell_style ... ok
test advanced_tables::header_builder::tests::test_calculate_next_start_col_after_cells ... ok
test advanced_tables::header_builder::tests::test_multiple_levels_integration ... ok
test advanced_tables::header_builder::tests::test_product_comparison ... ok
test advanced_tables::header_builder::tests::test_row_count ... ok
test advanced_tables::header_builder::tests::test_row_count_empty ... ok
test advanced_tables::header_builder::tests::test_header_validation ... ok
test advanced_tables::header_builder::tests::test_simple_header ... ok
test advanced_tables::header_builder::tests::test_product_comparison_single_product ... ok
test advanced_tables::header_builder::tests::test_validation_overlap_error ... ok
test advanced_tables::header_builder::tests::test_validation_out_of_bounds_error ... ok
test advanced_tables::header_builder::tests::test_validation_valid_non_overlapping ... ok
test advanced_tables::table_builder::tests::test_builder_add_row ... ok
test advanced_tables::table_builder::tests::test_builder_add_data ... ok
test advanced_tables::table_builder::tests::test_builder_add_column ... ok
test advanced_tables::table_builder::tests::test_builder_add_row_with_min_height ... ok
test advanced_tables::table_builder::tests::test_builder_add_row_cells ... ok
test advanced_tables::table_builder::tests::test_builder_add_styled_column ... ok
test advanced_tables::table_builder::tests::test_builder_add_styled_row ... ok
test advanced_tables::table_builder::tests::test_builder_add_row_with_mixed_styles ... ok
test advanced_tables::table_builder::tests::test_builder_build_fails_without_columns ... ok
test advanced_tables::table_builder::tests::test_builder_cell_spacing ... ok
test advanced_tables::table_builder::tests::test_builder_columns ... ok
test advanced_tables::table_builder::tests::test_builder_columns_equal_width ... ok
test advanced_tables::table_builder::tests::test_builder_add_row_with_style ... ok
test advanced_tables::table_builder::tests::test_builder_data_style ... ok
test advanced_tables::table_builder::tests::test_builder_default_style ... ok
test advanced_tables::table_builder::tests::test_builder_default ... ok
test advanced_tables::table_builder::tests::test_builder_header_style ... ok
test advanced_tables::table_builder::tests::test_builder_financial_table ... ok
test advanced_tables::table_builder::tests::test_builder_new ... ok
test advanced_tables::table_builder::tests::test_builder_position ... ok
test advanced_tables::table_builder::tests::test_builder_repeat_headers ... ok
test advanced_tables::table_builder::tests::test_builder_minimal_table ... ok
test advanced_tables::table_builder::tests::test_builder_show_header ... ok
test advanced_tables::table_builder::tests::test_builder_table_border ... ok
test advanced_tables::table_builder::tests::test_builder_title ... ok
test advanced_tables::table_builder::tests::test_builder_total_width ... ok
test advanced_tables::table_builder::tests::test_builder_zebra_stripes ... ok
test advanced_tables::table_builder::tests::test_builder_zebra_stripes_disabled ... ok
test advanced_tables::table_builder::tests::test_builder_zebra_striping ... ok
test advanced_tables::table_builder::tests::test_builder_zebra_striping_custom ... ok
test advanced_tables::table_builder::tests::test_cell_data_colspan ... ok
test advanced_tables::table_builder::tests::test_cell_data_colspan_min_is_one ... ok
test advanced_tables::table_builder::tests::test_cell_data_combined_span ... ok
test advanced_tables::table_builder::tests::test_cell_data_new ... ok
test advanced_tables::table_builder::tests::test_cell_data_rowspan ... ok
test advanced_tables::table_builder::tests::test_cell_data_rowspan_min_is_one ... ok
test advanced_tables::table_builder::tests::test_cell_data_with_style ... ok
test advanced_tables::table_builder::tests::test_column_auto_resize ... ok
test advanced_tables::table_builder::tests::test_column_auto_resize_no_limits ... ok
test advanced_tables::table_builder::tests::test_column_new ... ok
test advanced_tables::table_builder::tests::test_column_with_style ... ok
test advanced_tables::table_builder::tests::test_row_data_from_cells ... ok
test advanced_tables::table_builder::tests::test_get_cell_style_ref_returns_correct_style ... ok
test advanced_tables::table_builder::tests::test_row_data_from_strings ... ok
test advanced_tables::table_builder::tests::test_row_data_min_height ... ok
test advanced_tables::table_builder::tests::test_row_data_with_style ... ok
test advanced_tables::table_builder::tests::test_table_calculate_width_explicit ... ok
test advanced_tables::table_builder::tests::test_table_calculate_width_from_columns ... ok
test advanced_tables::table_builder::tests::test_table_column_count ... ok
test advanced_tables::table_builder::tests::test_table_get_cell_style_column ... ok
test advanced_tables::table_builder::tests::test_table_get_cell_style_column_with_zebra ... ok
test advanced_tables::table_builder::tests::test_table_get_cell_style_default ... ok
test advanced_tables::table_builder::tests::test_table_get_cell_style_invalid_column ... ok
test advanced_tables::table_builder::tests::test_table_get_cell_style_invalid_row ... ok
test advanced_tables::table_builder::tests::test_table_get_cell_style_row ... ok
test advanced_tables::table_builder::tests::test_table_get_cell_style_specific ... ok
test advanced_tables::table_builder::tests::test_table_get_cell_style_zebra ... ok
test advanced_tables::table_builder::tests::test_table_row_count ... ok
test advanced_tables::table_builder::tests::test_table_validate_column_mismatch ... ok
test advanced_tables::table_builder::tests::test_table_validate_success ... ok
test advanced_tables::table_builder::tests::test_zebra_config_alternating ... ok
test advanced_tables::table_builder::tests::test_zebra_config_get_color_for_row ... ok
test advanced_tables::table_builder::tests::test_zebra_config_new ... ok
test advanced_tables::table_builder::tests::test_zebra_config_simple ... ok
test advanced_tables::table_builder::tests::test_builder_set_cell_style ... ok
test advanced_tables::table_renderer::tests::test_truncate_text_to_width_empty_input ... ok
test advanced_tables::table_renderer::tests::test_truncate_linear_unicode ... ok
test advanced_tables::table_renderer::tests::test_truncate_text_to_width_no_truncation_needed ... ok
test advanced_tables::table_renderer::tests::test_truncate_linear_short_text_fits ... ok
test advanced_tables::table_renderer::tests::test_truncate_linear_overflow_adds_ellipsis ... ok
test advanced_tables::table_renderer::tests::test_truncate_text_to_width_different_fonts ... ok
test advanced_tables::table_renderer::tests::test_truncate_text_to_width_exactly_ellipsis_width ... ok
test advanced_tables::table_renderer::tests::test_truncate_text_to_width_empty_when_too_narrow ... ok
test advanced_tables::table_renderer::tests::test_truncate_text_to_width_single_character ... ok
test advanced_tables::table_renderer::tests::test_truncate_text_to_width_with_truncation ... ok
test advanced_tables::table_renderer::tests::test_wrap_text_to_lines_empty_input ... ok
test advanced_tables::table_renderer::tests::test_wrap_text_to_lines_multiple_spaces ... ok
test advanced_tables::table_renderer::tests::test_wrap_text_to_lines_no_wrap_needed ... ok
test advanced_tables::table_renderer::tests::test_wrap_text_to_lines_preserves_newlines ... ok
test advanced_tables::table_renderer::tests::test_wrap_text_to_lines_unicode ... ok
test advanced_tables::table_renderer::tests::test_wrap_text_to_lines_simple_wrap ... ok
test ai::chunking::tests::test_basic_chunking ... ok
test ai::chunking::tests::test_confidence_scores ... ok
test advanced_tables::table_renderer::tests::test_wrap_text_to_lines_single_word_too_long ... ok
test ai::chunking::tests::test_metadata_position_tracking ... ok
test ai::chunking::tests::test_overlap_preserves_context ... ok
test ai::chunking::tests::test_chunk_ids_are_unique ... ok
test ai::chunking::tests::test_page_tracking ... ok
test ai::chunking::tests::test_no_infinite_loop_when_sentence_boundary_at_chunk_start ... ok
test advanced_tables::table_renderer::tests::test_truncate_text_to_width_unicode_characters ... ok
test ai::chunking::tests::test_no_panic_when_chunk_size_below_search_window ... ok
test ai::chunking::tests::test_empty_text ... ok
test ai::chunking::tests::test_sentence_boundary_detection ... ok
test ai::chunking::tests::test_text_smaller_than_chunk_size ... ok
test ai::chunking::tests::test_sentence_boundary_still_respected_after_loop_fix ... ok
test ai::chunking::tests::test_token_estimation ... ok
test ai::formats::tests::test_basic_text_to_markdown ... ok
test ai::formats::tests::test_contextual_empty_text ... ok
test ai::formats::tests::test_content_quoting ... ok
test ai::formats::tests::test_contextual_natural_language_flow ... ok
test ai::formats::tests::test_contextual_simple ... ok
test ai::formats::tests::test_contextual_with_metadata_and_pages ... ok
test ai::formats::tests::test_contextual_with_metadata_full ... ok
test ai::formats::tests::test_contextual_with_metadata_no_page_count ... ok
test ai::formats::tests::test_contextual_with_metadata_minimal ... ok
test ai::formats::tests::test_contextual_with_pages_empty ... ok
test ai::formats::tests::test_contextual_with_pages_single ... ok
test ai::chunking::tests::test_zero_chunk_size_terminates_with_coverage ... ok
test ai::formats::tests::test_contextual_with_pages ... ok
test ai::formats::tests::test_empty_text ... ok
test ai::formats::tests::test_encode_scalar_fields_no_special_chars ... ok
test ai::formats::tests::test_markdown_exporter_creation ... ok
test ai::formats::tests::test_markdown_exporter_default ... ok
test ai::formats::tests::test_markdown_with_metadata ... ok
test ai::formats::tests::test_metadata_and_pages_combined ... ok
test ai::formats::tests::test_metadata_minimal ... ok
test ai::formats::tests::test_metadata_with_special_characters ... ok
test ai::formats::tests::test_document_metadata_default ... ok
test ai::formats::tests::test_multi_chunk_document ... ok
test ai::formats::tests::test_multiline_text ... ok
test ai::formats::tests::test_empty_pages_list ... ok
test ai::formats::tests::test_chunk_exporter_trait_matches_inherent ... ok
test ai::formats::tests::test_multipage_markdown ... ok
test ai::formats::tests::test_page_numbers_correct ... ok
test ai::formats::tests::test_chunk_exporter_trait_object ... ok
test ai::formats::tests::test_page_separator_format ... ok
test ai::formats::tests::test_parse_content_field ... ok
test ai::formats::tests::test_parse_page_numbers_field ... ok
test ai::chunking::tests::test_no_infinite_loop_when_overlap_meets_or_exceeds_chunk_size ... ok
test ai::formats::tests::test_parse_rejects_wrong_column_count ... ok
test ai::formats::tests::test_parse_rejects_bad_magic ... ok
test ai::formats::tests::test_parse_rejects_non_finite_confidence ... ok
test ai::formats::tests::test_roundtrip_content_starting_with_quote ... ok
test ai::formats::tests::test_rejoin_quoted_lines_with_embedded_newline ... ok
test ai::formats::tests::test_roundtrip_content_with_comma ... ok
test ai::formats::tests::test_roundtrip_content_with_embedded_newline ... ok
test ai::formats::tests::test_roundtrip_content_with_embedded_quote ... ok
test ai::formats::tests::test_roundtrip_content_with_odd_interior_quote ... ok
test ai::formats::tests::test_roundtrip_multiple_chunks_preserves_order ... ok
test ai::formats::tests::test_page_numbers_encoding ... ok
test ai::formats::tests::test_roundtrip_multi_page ... ok
test ai::formats::tests::test_parse_rejects_unterminated_quote ... ok
test ai::formats::tests::test_parse_rejects_bad_header ... ok
test ai::formats::tests::test_roundtrip_single_chunk ... ok
test ai::formats::tests::test_roundtrip_unicode ... ok
test ai::formats::tests::test_roundtrip_zero_chunks ... ok
test annotations::annotation::tests::test_all_annotation_types ... ok
test annotations::annotation::tests::test_annotation_builder_pattern ... ok
test annotations::annotation::tests::test_annotation_builder_pattern_comprehensive ... ok
test annotations::annotation::tests::test_annotation_contents_edge_cases ... ok
test annotations::annotation::tests::test_annotation_color_variants ... ok
test annotations::annotation::tests::test_annotation_creation ... ok
test annotations::annotation::tests::test_annotation_debug_clone ... ok
test annotations::annotation::tests::test_annotation_dict_color_precision ... ok
test annotations::annotation::tests::test_annotation_flags ... ok
test annotations::annotation::tests::test_annotation_flags_combined ... ok
test annotations::annotation::tests::test_annotation_edge_cases ... ok
test annotations::annotation::tests::test_annotation_flags_bit_positions ... ok
test annotations::annotation::tests::test_annotation_flags_debug_clone ... ok
test annotations::annotation::tests::test_annotation_flags_comprehensive ... ok
test annotations::annotation::tests::test_annotation_manager ... ok
test annotations::annotation::tests::test_annotation_manager_comprehensive ... ok
test annotations::annotation::tests::test_annotation_manager_empty ... ok
test ai::formats::tests::test_single_page_no_separator ... ok
test ai::formats::tests::test_text_with_special_characters ... ok
test annotations::annotation::tests::test_annotation_properties_dictionary ... ok
test annotations::annotation::tests::test_annotation_manager_debug_default ... ok
test annotations::annotation::tests::test_annotation_manager_concurrent_additions ... ok
test annotations::annotation::tests::test_annotation_rectangle_edge_cases ... ok
test annotations::annotation::tests::test_annotation_creation_comprehensive ... ok
test annotations::annotation::tests::test_annotation_to_dict ... ok
test annotations::annotation::tests::test_annotation_type_debug_clone_partial_eq ... ok
test annotations::annotation::tests::test_annotation_with_all_fields ... ok
test annotations::annotation::tests::test_annotation_without_optional_fields ... ok
test annotations::annotation::tests::test_border_style ... ok
test annotations::annotation::tests::test_border_style_debug_clone ... ok
test annotations::annotation::tests::test_annotation_to_dict_comprehensive ... ok
test annotations::annotation::tests::test_border_style_debug_clone_comprehensive ... ok
test annotations::annotation::tests::test_border_style_default ... ok
test annotations::annotation::tests::test_border_style_edge_cases ... ok
test annotations::annotation::tests::test_border_style_types ... ok
test annotations::annotation::tests::test_border_style_with_dash_pattern ... ok
test annotations::annotation_type::tests::test_all_stamp_names ... ok
test annotations::annotation_type::tests::test_all_annotations_to_dict ... ok
test annotations::annotation_type::tests::test_border_effect_debug_clone ... ok
test annotations::annotation::tests::test_annotation_manager_references ... ok
test annotations::annotation_type::tests::test_border_effect_intensity_clamping ... ok
test annotations::annotation_type::tests::test_border_effect_style_debug_clone_copy ... ok
test annotations::annotation_type::tests::test_free_text_annotation ... ok
test annotations::annotation_type::tests::test_free_text_annotation_justification ... ok
test annotations::annotation_type::tests::test_free_text_font_variations ... ok
test annotations::annotation_type::tests::test_free_text_rich_text ... ok
test annotations::annotation_type::tests::test_highlight_annotation_convenience ... ok
test annotations::annotation_type::tests::test_ink_annotation ... ok
test annotations::annotation_type::tests::test_ink_annotation_bounding_box ... ok
test annotations::annotation_type::tests::test_ink_annotation_default ... ok
test annotations::annotation_type::tests::test_ink_annotation_empty_strokes ... ok
test annotations::annotation_type::tests::test_line_annotation ... ok
test annotations::annotation_type::tests::test_free_text_debug_clone ... ok
test annotations::annotation_type::tests::test_line_annotation_debug_clone ... ok
test annotations::annotation_type::tests::test_line_annotation_comprehensive ... ok
test annotations::annotation_type::tests::test_line_annotation_edge_cases ... ok
test annotations::annotation_type::tests::test_line_ending_style_debug_clone_copy ... ok
test annotations::annotation_type::tests::test_line_ending_styles_comprehensive ... ok
test annotations::annotation_type::tests::test_square_annotation_border_effects ... ok
test annotations::annotation_type::tests::test_square_annotation_interior_colors ... ok
test annotations::annotation_type::tests::test_stamp_name_debug_clone ... ok
test annotations::annotation_type::tests::test_stamp_names ... ok
test annotations::geometric::tests::test_border_effect_variants ... ok
test annotations::geometric::tests::test_border_style_default ... ok
test annotations::geometric::tests::test_border_style_type_variants ... ok
test annotations::geometric::tests::test_circle_annotation_new ... ok
test annotations::geometric::tests::test_circle_builder_chain ... ok
test annotations::geometric::tests::test_circle_cloudy_border_clamping ... ok
test annotations::geometric::tests::test_circle_from_center_radius ... ok
test annotations::geometric::tests::test_circle_to_annotation ... ok
test annotations::geometric::tests::test_circle_to_annotation_with_cloudy ... ok
test annotations::geometric::tests::test_circle_with_border_color ... ok
test annotations::geometric::tests::test_circle_with_border_style ... ok
test annotations::geometric::tests::test_circle_with_border_width ... ok
test annotations::geometric::tests::test_circle_with_cloudy_border ... ok
test annotations::annotation::tests::test_annotation_type ... ok
test annotations::annotation::tests::test_annotation_to_dict_minimal ... ok
test annotations::geometric::tests::test_circle_with_dash_pattern ... ok
test annotations::geometric::tests::test_circle_with_contents ... ok
test annotations::geometric::tests::test_circle_with_interior_color ... ok
test annotations::annotation_type::tests::test_stamp_annotation_variations ... ok
test annotations::geometric::tests::test_geometric_appearance_circle_fill_only ... ok
test annotations::geometric::tests::test_geometric_appearance_square_fill_only ... ok
test annotations::geometric::tests::test_square_annotation_new ... ok
test annotations::annotation::tests::test_annotation_type_exhaustive ... ok
test annotations::geometric::tests::test_geometric_appearance_square_stroke_only ... ok
test annotations::geometric::tests::test_square_builder_chain ... ok
test annotations::geometric::tests::test_square_to_annotation ... ok
test annotations::geometric::tests::test_square_to_annotation_dashed ... ok
test annotations::geometric::tests::test_square_with_border_color ... ok
test annotations::geometric::tests::test_square_with_border_style ... ok
test annotations::geometric::tests::test_geometric_appearance_circle ... ok
test annotations::geometric::tests::test_geometric_appearance_circle_stroke_only ... ok
test annotations::geometric::tests::test_geometric_appearance_square ... ok
test annotations::geometric::tests::test_square_from_corner_size ... ok
test annotations::geometric::tests::test_square_with_border_width ... ok
test annotations::geometric::tests::test_square_with_cloudy_border ... ok
test annotations::geometric::tests::test_square_with_contents ... ok
test annotations::geometric::tests::test_square_with_dash_pattern ... ok
test annotations::geometric::tests::test_square_with_interior_color ... ok
test annotations::link::tests::test_all_link_destinations ... ok
test annotations::link::tests::test_all_link_actions ... ok
test annotations::link::tests::test_destination_fit_variants ... ok
test annotations::link::tests::test_destination_xyz ... ok
test annotations::link::tests::test_empty_strings_in_actions ... ok
test annotations::link::tests::test_highlight_mode ... ok
test annotations::link::tests::test_highlight_mode_debug_clone_copy ... ok
test annotations::link::tests::test_link_action_debug_clone ... ok
test annotations::link::tests::test_highlight_mode_default ... ok
test annotations::link::tests::test_link_action_uri ... ok
test annotations::link::tests::test_link_annotation_convenience_methods ... ok
test annotations::annotation::tests::test_annotation_manager_large_scale ... ok
test annotations::link::tests::test_link_action_with_special_characters ... ok
test annotations::link::tests::test_link_annotation_creation_variations ... ok
test annotations::link::tests::test_link_annotation_to_dict_complete ... ok
test annotations::link::tests::test_link_annotation_to_page ... ok
test annotations::link::tests::test_link_annotation_to_uri ... ok
test annotations::link::tests::test_link_annotation_with_border ... ok
test annotations::link::tests::test_link_destination_debug_clone ... ok
test annotations::link::tests::test_link_annotation_debug_clone ... ok
test annotations::link::tests::test_link_destination_edge_cases ... ok
test annotations::link::tests::test_link_destination_fit_rectangle_precision ... ok
test annotations::link::tests::test_named_destination ... ok
test annotations::link::tests::test_named_action_standard_names ... ok
test annotations::markup::tests::test_highlight_annotation ... ok
test annotations::markup::tests::test_markup_annotation_complete_workflow ... ok
test annotations::link::tests::test_link_highlight_modes ... ok
test annotations::markup::tests::test_markup_annotation_debug_clone ... ok
test annotations::markup::tests::test_markup_builder_pattern ... ok
test annotations::markup::tests::test_markup_default_colors ... ok
test annotations::markup::tests::test_markup_color_customization ... ok
test annotations::markup::tests::test_markup_convenience_methods ... ok
test annotations::markup::tests::test_markup_type ... ok
test annotations::markup::tests::test_markup_type_annotation_types ... ok
test annotations::markup::tests::test_markup_type_debug_clone_copy ... ok
test annotations::markup::tests::test_markup_with_empty_metadata ... ok
test annotations::markup::tests::test_markup_with_unicode_metadata ... ok
test annotations::markup::tests::test_markup_without_optional_fields ... ok
test annotations::markup::tests::test_quad_points_debug_clone ... ok
test annotations::markup::tests::test_quad_points_edge_cases ... ok
test annotations::markup::tests::test_quad_points_from_rect ... ok
test annotations::markup::tests::test_quad_points_to_array ... ok
test annotations::markup::tests::test_quad_points_from_multiple_rects ... ok
test annotations::polygon::tests::test_calculate_rect ... ok
test annotations::polygon::tests::test_border_style ... ok
test annotations::polygon::tests::test_create_regular_polygon ... ok
test annotations::polygon::tests::test_line_ending_styles ... ok
test annotations::polygon::tests::test_border_style_types ... ok
test annotations::polygon::tests::test_empty_vertices ... ok
test annotations::markup::tests::test_multiple_line_highlight ... ok
test annotations::polygon::tests::test_polygon_creation ... ok
test annotations::polygon::tests::test_polyline_creation ... ok
test annotations::polygon::tests::test_opacity_clamping ... ok
test annotations::polygon::tests::test_polyline_to_annotation ... ok
test annotations::polygon::tests::test_polyline_with_endings ... ok
test annotations::polygon::tests::test_polygon_to_annotation ... ok
test annotations::popup::tests::test_create_markup_popup ... ok
test annotations::popup::tests::test_create_text_popup ... ok
test annotations::popup::tests::test_create_open_popup ... ok
test annotations::popup::tests::test_popup_creation ... ok
test annotations::popup::tests::test_popup_complex ... ok
test annotations::popup::tests::test_popup_default ... ok
test annotations::popup::tests::test_popup_flags ... ok
test annotations::popup::tests::test_popup_flags_default ... ok
test annotations::popup::tests::test_popup_individual_flags ... ok
test annotations::popup::tests::test_popup_to_annotation ... ok
test annotations::popup::tests::test_popup_with_color ... ok
test annotations::popup::tests::test_popup_with_contents ... ok
test annotations::popup::tests::test_popup_with_parent ... ok
test annotations::popup::tests::test_popup_without_parent ... ok
test annotations::text::tests::test_all_icon_types ... ok
test annotations::text::tests::test_annotation_type_consistency ... ok
test annotations::text::tests::test_all_state_combinations ... ok
test annotations::text::tests::test_extreme_positions ... ok
test annotations::text::tests::test_icon_debug_clone_copy ... ok
test annotations::text::tests::test_icon_default ... ok
test annotations::text::tests::test_icon_names ... ok
test annotations::text::tests::test_pdf_properties_structure ... ok
test annotations::text::tests::test_repeated_builder_calls ... ok
test annotations::text::tests::test_special_characters_in_contents ... ok
test annotations::text::tests::test_text_annotation_creation ... ok
test annotations::text::tests::test_text_annotation_builder_chain ... ok
test annotations::text::tests::test_text_annotation_debug ... ok
test annotations::text::tests::test_text_annotation_default_values ... ok
test annotations::text::tests::test_text_annotation_clone ... ok
test annotations::text::tests::test_text_annotation_different_positions ... ok
test annotations::text::tests::test_text_annotation_state_variations ... ok
test annotations::text::tests::test_text_annotation_rect ... ok
test annotations::text::tests::test_text_annotation_to_annotation ... ok
test annotations::text::tests::test_text_annotation_with_empty_contents ... ok
test annotations::text::tests::test_text_annotation_with_long_contents ... ok
test annotations::text::tests::test_to_annotation_open_state ... ok
test annotations::text::tests::test_to_annotation_without_state ... ok
test annotations::polygon::tests::test_create_rectangle_polygon ... ok
test annotations::polygon::tests::test_create_triangle ... ok
test annotations::text::tests::test_unicode_in_contents ... ok
test annotations::text::tests::test_with_contents_string_types ... ok
test annotations::polygon::tests::test_polygon_with_fill ... ok
test annotations::text::tests::test_with_state_string_types ... ok
test batch::job::tests::test_batch_job_custom ... ok
test batch::job::tests::test_batch_job_compress_comprehensive ... ok
test batch::job::tests::test_batch_job_debug_custom ... ok
test batch::job::tests::test_batch_job_debug_extract ... ok
test batch::job::tests::test_batch_job_debug_merge ... ok
test batch::job::tests::test_batch_job_debug_rotate ... ok
test batch::job::tests::test_batch_job_debug_split ... ok
test batch::job::tests::test_batch_job_edge_cases ... ok
test batch::job::tests::test_batch_job_debug_compress ... ok
test batch::job::tests::test_batch_job_rotate ... ok
test batch::job::tests::test_batch_job_rotation_edge_cases ... ok
test batch::job::tests::test_batch_job_extract_comprehensive ... ok
test batch::job::tests::test_batch_job_split ... ok
test batch::job::tests::test_batch_job_merge ... ok
test batch::job::tests::test_job_status ... ok
test batch::job::tests::test_job_status_clone ... ok
test batch::job::tests::test_job_status_equality_and_debug ... ok
test batch::job::tests::test_job_type_clone_and_debug ... ok
test batch::job::tests::test_job_type_display ... ok
test batch::progress::tests::test_batch_progress ... ok
test batch::progress::tests::test_batch_progress_concurrent_operations ... ok
test batch::progress::tests::test_eta_calculation ... ok
test batch::progress::tests::test_eta_formatting ... ok
test batch::progress::tests::test_progress_bar ... ok
test batch::progress::tests::test_progress_bar_zero_and_full ... ok
test batch::progress::tests::test_progress_bar_customization ... ok
test batch::progress::tests::test_progress_callback ... ok
test batch::progress::tests::test_progress_info_completion_states ... ok
test batch::progress::tests::test_progress_info ... ok
test batch::progress::tests::test_progress_info_edge_cases ... ok
test batch::progress::tests::test_progress_info_formatting ... ok
test batch::result::tests::test_batch_result_all_successful ... ok
test batch::result::tests::test_batch_result ... ok
test batch::job::tests::test_job_type_display_all_variants ... ok
test batch::result::tests::test_batch_summary ... ok
test batch::result::tests::test_batch_summary_average_duration_edge_cases ... ok
test batch::result::tests::test_batch_summary_display_trait ... ok
test batch::result::tests::test_batch_summary_output_files_collection ... ok
test batch::result::tests::test_batch_result_mixed_results ... ok
test batch::result::tests::test_batch_summary_report ... ok
test batch::progress::tests::test_batch_progress_reset ... ok
test batch::result::tests::test_job_result_display ... ok
test batch::result::tests::test_batch_summary_zero_total_jobs ... ok
test batch::result::tests::test_batch_summary_report_formatting ... ok
test batch::result::tests::test_empty_summary ... ok
test batch::job::tests::test_batch_job_large_merge ... ok
test batch::result::tests::test_job_result_cancelled ... ok
test batch::result::tests::test_job_result_display_failed ... ok
test batch::result::tests::test_job_result_failed ... ok
test batch::result::tests::test_job_result_success ... ok
test batch::tests::test_batch_options_builder_advanced ... ok
test batch::tests::test_batch_processor_add_jobs ... ok
test batch::tests::test_batch_options_builder ... ok
test batch::tests::test_batch_options_default ... ok
test batch::tests::test_batch_processor_cancel ... ok
test batch::tests::test_batch_processor_cancel_during_execution ... ok
test batch::tests::test_batch_options_all_builders ... ok
test batch::tests::test_batch_processor_creation ... ok
test batch::tests::test_batch_processor_get_progress ... ok
test batch::tests::test_batch_processor_memory_limit ... ok
test batch::tests::test_batch_processor_memory_limit_enforcement ... ok
test batch::tests::test_batch_processor_stop_on_error ... ok
test batch::tests::test_batch_processor_stop_on_error_propagation ... ok
test batch::tests::test_batch_processor_with_failing_jobs ... ok
test ai::chunking::tests::test_performance_100_pages ... ok
test batch::tests::test_batch_processor_without_progress_callback ... ok
test batch::tests::test_batch_processor_with_multiple_jobs ... ok
test batch::tests::test_empty_batch_execution ... ok
test batch::worker::tests::batch_extraction_uses_the_fail_closed_preserving_engine ... ok
test batch::worker::tests::operation_errors_keep_their_public_category ... ok
test batch::worker::tests::split_rejects_a_zero_page_pdf ... ok
test batch::worker::tests::test_worker_pool_cancellation ... ok
test batch::worker::tests::test_worker_pool_cancellation_during_processing ... ok
test batch::worker::tests::test_worker_pool_creation ... ok
test batch::worker::tests::test_worker_pool_custom_jobs ... ok
test batch::worker::tests::test_worker_pool_empty_jobs ... ok
test batch::worker::tests::test_worker_pool_job_panic_recovery ... ok
test batch::worker::tests::test_worker_pool_memory_pressure ... ok
test batch::tests::test_batch_processor_concurrent_limit ... ok
test batch::worker::tests::test_worker_pool_timeout_handling ... ok
test batch::worker::tests::test_worker_pool_with_failures ... ok
test charts::bar_chart::tests::test_bar_chart_builder_add_data ... ok
test charts::bar_chart::tests::test_bar_chart_builder_background_color ... ok
test charts::bar_chart::tests::test_bar_chart_builder_bar_border ... ok
test charts::bar_chart::tests::test_bar_chart_builder_bar_spacing ... ok
test charts::bar_chart::tests::test_bar_chart_builder_bar_spacing_negative_clamped ... ok
test charts::bar_chart::tests::test_bar_chart_builder_bar_width_range ... ok
test charts::bar_chart::tests::test_bar_chart_builder_chained ... ok
test charts::bar_chart::tests::test_bar_chart_builder_colors ... ok
test charts::bar_chart::tests::test_bar_chart_builder_data_replaces ... ok
test charts::bar_chart::tests::test_bar_chart_builder_default ... ok
test charts::bar_chart::tests::test_bar_chart_builder_grid_color ... ok
test charts::bar_chart::tests::test_bar_chart_builder_label_font ... ok
test charts::bar_chart::tests::test_bar_chart_builder_labeled_data ... ok
test charts::bar_chart::tests::test_bar_chart_builder_legend_position ... ok
test charts::bar_chart::tests::test_bar_chart_builder_orientation ... ok
test charts::bar_chart::tests::test_bar_chart_builder_show_grid ... ok
test charts::bar_chart::tests::test_bar_chart_builder_show_values ... ok
test charts::bar_chart::tests::test_bar_chart_builder_simple_data_labels ... ok
test charts::bar_chart::tests::test_bar_chart_builder_title ... ok
test charts::bar_chart::tests::test_bar_chart_builder_title_font ... ok
test charts::bar_chart::tests::test_bar_chart_builder_title_from_string ... ok
test charts::bar_chart::tests::test_bar_chart_builder_value_font ... ok
test charts::bar_chart::tests::test_bar_chart_clone ... ok
test charts::bar_chart::tests::test_bar_chart_color_for_index ... ok
test charts::bar_chart::tests::test_bar_chart_color_for_index_custom ... ok
test charts::bar_chart::tests::test_bar_chart_color_for_index_wraps ... ok
test charts::bar_chart::tests::test_bar_chart_creation ... ok
test charts::bar_chart::tests::test_bar_chart_debug ... ok
test charts::bar_chart::tests::test_bar_chart_default_trait ... ok
test charts::bar_chart::tests::test_bar_chart_max_value_empty ... ok
test charts::bar_chart::tests::test_bar_chart_min_value_all_positive ... ok
test charts::bar_chart::tests::test_bar_chart_min_value_empty ... ok
test charts::bar_chart::tests::test_bar_chart_new_defaults ... ok
test charts::bar_chart::tests::test_bar_chart_value_range_empty ... ok
test charts::bar_chart::tests::test_bar_chart_value_range_single_value ... ok
test charts::bar_chart::tests::test_bar_chart_with_negative_values ... ok
test charts::bar_chart::tests::test_bar_orientation_clone ... ok
test charts::bar_chart::tests::test_bar_orientation_debug ... ok
test charts::bar_chart::tests::test_bar_orientation_default ... ok
test charts::bar_chart::tests::test_bar_orientation_variants ... ok
test charts::bar_chart::tests::test_bar_width_calculation ... ok
test charts::bar_chart::tests::test_bar_width_calculation_empty_data ... ok
test charts::bar_chart::tests::test_bar_width_calculation_respects_max ... ok
test charts::bar_chart::tests::test_bar_width_calculation_respects_min ... ok
test charts::bar_chart::tests::test_default_bar_colors_count ... ok
test charts::bar_chart::tests::test_default_bar_colors_unique ... ok
test charts::bar_chart::tests::test_default_bar_colors_valid_rgb ... ok
test charts::bar_chart::tests::test_empty_bar_chart ... ok
test charts::bar_chart::tests::test_financial_style ... ok
test charts::bar_chart::tests::test_many_bars ... ok
test charts::bar_chart::tests::test_minimal_style ... ok
test charts::bar_chart::tests::test_progress_style ... ok
test charts::bar_chart::tests::test_single_bar ... ok
test charts::chart_builder::tests::test_chart_builder ... ok
test charts::chart_builder::tests::test_chart_builder_add_data ... ok
test charts::chart_builder::tests::test_chart_builder_background_color ... ok
test charts::chart_builder::tests::test_chart_builder_border ... ok
test charts::chart_builder::tests::test_chart_builder_chained_styles ... ok
test charts::chart_builder::tests::test_chart_builder_colors ... ok
test charts::chart_builder::tests::test_chart_builder_data_replaces ... ok
test charts::chart_builder::tests::test_chart_builder_financial_style ... ok
test charts::chart_builder::tests::test_chart_builder_grid_color ... ok
test charts::chart_builder::tests::test_chart_builder_label_font ... ok
test charts::chart_builder::tests::test_chart_builder_labeled_data ... ok
test charts::chart_builder::tests::test_chart_builder_legend_none ... ok
test charts::chart_builder::tests::test_chart_builder_legend_position ... ok
test charts::chart_builder::tests::test_chart_builder_minimal_style ... ok
test charts::chart_builder::tests::test_chart_builder_show_grid ... ok
test charts::chart_builder::tests::test_chart_builder_show_values ... ok
test charts::chart_builder::tests::test_chart_builder_simple_data_labels ... ok
test charts::chart_builder::tests::test_chart_builder_title_font ... ok
test charts::chart_builder::tests::test_chart_color_for_index_custom_overrides_default ... ok
test charts::chart_builder::tests::test_chart_color_for_index_out_of_bounds ... ok
test charts::chart_builder::tests::test_chart_color_for_index_with_empty_colors_panics - should panic ... ok
test charts::chart_builder::tests::test_chart_data_clone ... ok
test charts::chart_builder::tests::test_chart_data_creation ... ok
test charts::chart_builder::tests::test_chart_data_debug ... ok
test charts::chart_builder::tests::test_chart_data_from_string ... ok
test charts::chart_builder::tests::test_chart_data_negative_value ... ok
test charts::chart_builder::tests::test_chart_data_with_color ... ok
test charts::chart_builder::tests::test_chart_data_zero_value ... ok
test charts::chart_builder::tests::test_chart_max_value_empty ... ok
test charts::chart_builder::tests::test_chart_max_value_with_negatives ... ok
test charts::chart_builder::tests::test_chart_new_defaults ... ok
test charts::chart_builder::tests::test_chart_new_line ... ok
test charts::chart_builder::tests::test_chart_new_pie ... ok
test charts::chart_builder::tests::test_chart_new_vertical_bar ... ok
test charts::chart_builder::tests::test_chart_total_value_empty ... ok
test charts::chart_builder::tests::test_chart_total_value_with_negatives ... ok
test charts::chart_builder::tests::test_chart_type_clone ... ok
test charts::chart_builder::tests::test_chart_type_debug ... ok
test charts::chart_builder::tests::test_chart_type_not_equal ... ok
test charts::chart_builder::tests::test_chart_type_variants ... ok
test charts::chart_builder::tests::test_color_for_index ... ok
test charts::chart_builder::tests::test_default_colors_count ... ok
test charts::chart_builder::tests::test_default_colors_unique ... ok
test charts::chart_builder::tests::test_default_colors_valid_rgb ... ok
test charts::chart_builder::tests::test_empty_chart ... ok
test charts::chart_builder::tests::test_large_dataset ... ok
test charts::chart_builder::tests::test_legend_position_clone ... ok
test charts::chart_builder::tests::test_legend_position_debug ... ok
test charts::chart_builder::tests::test_legend_position_default ... ok
test charts::chart_builder::tests::test_legend_position_variants ... ok
test charts::chart_builder::tests::test_single_data_point ... ok
test charts::chart_builder::tests::test_special_float_values ... ok
test charts::dashboard_integration::tests::test_all_chart_types_component_types ... ok
test charts::dashboard_integration::tests::test_complexity_scores ... ok
test charts::dashboard_integration::tests::test_dashboard_bar_chart_chart_accessor ... ok
test charts::dashboard_integration::tests::test_dashboard_bar_chart_chart_mut ... ok
test charts::dashboard_integration::tests::test_dashboard_bar_chart_clone ... ok
test charts::dashboard_integration::tests::test_dashboard_bar_chart_creation ... ok
test charts::dashboard_integration::tests::test_dashboard_bar_chart_debug ... ok
test charts::dashboard_integration::tests::test_dashboard_bar_chart_estimated_memory ... ok
test charts::dashboard_integration::tests::test_dashboard_bar_chart_estimated_render_time ... ok
test charts::dashboard_integration::tests::test_dashboard_bar_chart_minimum_width ... ok
test charts::dashboard_integration::tests::test_dashboard_bar_chart_preferred_height ... ok
test charts::dashboard_integration::tests::test_dashboard_bar_chart_set_span ... ok
test charts::dashboard_integration::tests::test_dashboard_bar_chart_span ... ok
test charts::dashboard_integration::tests::test_dashboard_line_chart_chart_accessor ... ok
test charts::dashboard_integration::tests::test_dashboard_line_chart_chart_mut ... ok
test charts::dashboard_integration::tests::test_dashboard_line_chart_clone ... ok
test charts::dashboard_integration::tests::test_dashboard_line_chart_complexity_multiple_series ... ok
test charts::dashboard_integration::tests::test_dashboard_line_chart_complexity_with_grid ... ok
test charts::dashboard_integration::tests::test_dashboard_line_chart_creation ... ok
test charts::dashboard_integration::tests::test_dashboard_line_chart_debug ... ok
test charts::dashboard_integration::tests::test_dashboard_line_chart_estimated_memory ... ok
test charts::dashboard_integration::tests::test_dashboard_line_chart_estimated_render_time ... ok
test charts::dashboard_integration::tests::test_dashboard_line_chart_minimum_width ... ok
test charts::dashboard_integration::tests::test_dashboard_line_chart_set_span ... ok
test charts::dashboard_integration::tests::test_dashboard_line_chart_span ... ok
test charts::dashboard_integration::tests::test_dashboard_pie_chart_chart_accessor ... ok
test charts::dashboard_integration::tests::test_dashboard_pie_chart_chart_mut ... ok
test charts::dashboard_integration::tests::test_dashboard_pie_chart_clone ... ok
test charts::dashboard_integration::tests::test_dashboard_pie_chart_complexity_with_percentages ... ok
test charts::dashboard_integration::tests::test_dashboard_pie_chart_creation ... ok
test charts::dashboard_integration::tests::test_dashboard_pie_chart_debug ... ok
test charts::dashboard_integration::tests::test_dashboard_pie_chart_estimated_memory ... ok
test charts::dashboard_integration::tests::test_dashboard_pie_chart_estimated_render_time ... ok
test charts::dashboard_integration::tests::test_dashboard_pie_chart_minimum_width ... ok
test charts::dashboard_integration::tests::test_dashboard_pie_chart_preferred_height ... ok
test charts::dashboard_integration::tests::test_dashboard_pie_chart_set_span ... ok
test charts::dashboard_integration::tests::test_dashboard_pie_chart_span ... ok
test charts::dashboard_integration::tests::test_empty_data_estimated_values ... ok
test charts::line_chart::tests::test_data_series_clone ... ok
test charts::line_chart::tests::test_data_series_creation ... ok
test charts::line_chart::tests::test_data_series_empty_ranges ... ok
test charts::line_chart::tests::test_data_series_fill_area ... ok
test charts::line_chart::tests::test_data_series_line_style ... ok
test charts::line_chart::tests::test_data_series_markers ... ok
test charts::line_chart::tests::test_data_series_ranges ... ok
test charts::line_chart::tests::test_line_chart_builder_add_series ... ok
test charts::line_chart::tests::test_line_chart_builder_axis_font ... ok
test charts::line_chart::tests::test_line_chart_builder_axis_labels ... ok
test charts::line_chart::tests::test_line_chart_builder_background_color ... ok
test charts::line_chart::tests::test_line_chart_builder_default ... ok
test charts::line_chart::tests::test_line_chart_builder_grid ... ok
test charts::line_chart::tests::test_line_chart_builder_label_font ... ok
test charts::line_chart::tests::test_line_chart_builder_legend_position ... ok
test charts::line_chart::tests::test_line_chart_builder_title_font ... ok
test charts::line_chart::tests::test_line_chart_builder_x_range ... ok
test charts::line_chart::tests::test_line_chart_builder_y_range ... ok
test charts::line_chart::tests::test_line_chart_clone ... ok
test charts::line_chart::tests::test_line_chart_combined_x_range_empty ... ok
test charts::line_chart::tests::test_line_chart_combined_y_range_empty ... ok
test charts::line_chart::tests::test_line_chart_creation ... ok
test charts::line_chart::tests::test_line_chart_default ... ok
test charts::line_chart::tests::test_line_chart_new ... ok
test charts::pie_chart::tests::test_builder_add_segment ... ok
test charts::pie_chart::tests::test_builder_background_color ... ok
test charts::pie_chart::tests::test_builder_border ... ok
test charts::pie_chart::tests::test_builder_border_zero_width ... ok
test charts::pie_chart::tests::test_builder_colors ... ok
test charts::pie_chart::tests::test_builder_data ... ok
test charts::pie_chart::tests::test_builder_default ... ok
test charts::pie_chart::tests::test_builder_donut_style ... ok
test charts::pie_chart::tests::test_builder_financial_style ... ok
test charts::pie_chart::tests::test_builder_label_font ... ok
test charts::pie_chart::tests::test_builder_label_settings ... ok
test charts::pie_chart::tests::test_builder_labeled_data ... ok
test charts::pie_chart::tests::test_builder_legend_position ... ok
test charts::pie_chart::tests::test_builder_minimal_style ... ok
test charts::pie_chart::tests::test_builder_new ... ok
test charts::pie_chart::tests::test_builder_percentage_font ... ok
test charts::pie_chart::tests::test_builder_segments ... ok
test charts::pie_chart::tests::test_builder_show_labels ... ok
test charts::pie_chart::tests::test_builder_show_percentages ... ok
test charts::pie_chart::tests::test_builder_simple_data ... ok
test charts::pie_chart::tests::test_builder_start_angle ... ok
test charts::pie_chart::tests::test_builder_title ... ok
test charts::pie_chart::tests::test_builder_title_font ... ok
test charts::pie_chart::tests::test_default_pie_colors ... ok
test charts::pie_chart::tests::test_exploded_segment ... ok
test charts::pie_chart::tests::test_pie_chart_angles ... ok
test charts::pie_chart::tests::test_pie_chart_creation ... ok
test charts::pie_chart::tests::test_pie_chart_cumulative_angles_empty ... ok
test charts::pie_chart::tests::test_pie_chart_default ... ok
test charts::pie_chart::tests::test_pie_chart_new ... ok
test charts::pie_chart::tests::test_pie_chart_percentage_for_index ... ok
test charts::pie_chart::tests::test_pie_chart_percentage_for_index_invalid ... ok
test charts::pie_chart::tests::test_pie_chart_segment_middle_angle ... ok
test charts::pie_chart::tests::test_pie_chart_segment_middle_angle_invalid_index ... ok
test charts::pie_chart::tests::test_pie_segment_angle_radians ... ok
test charts::pie_chart::tests::test_pie_segment_angle_radians_zero_total ... ok
test charts::pie_chart::tests::test_pie_segment_creation ... ok
test charts::pie_chart::tests::test_pie_segment_percentage ... ok
test charts::pie_chart::tests::test_segment_show_label ... ok
test charts::pie_chart::tests::test_segment_show_percentage ... ok
test compression::tests::test_compress_alternating_patterns ... ok
test compression::tests::test_compress_binary_data ... ok
test compression::tests::test_compress_binary_image_data ... ok
test compression::tests::test_compress_decompress_roundtrip ... ok
test compression::tests::test_compress_different_compression_levels ... ok
test compression::tests::test_compress_empty ... ok
test compression::tests::test_compress_large_data ... ok
test compression::tests::test_compress_max_compression_ratio ... ok
test batch::worker::tests::test_worker_pool_shutdown_with_active_jobs ... ok
test compression::tests::test_compress_multiple_rounds ... ok
test compression::tests::test_compress_pdf_like_content ... ok
test compression::tests::test_compress_pdf_like_data ... ok
test compression::tests::test_compress_performance_characteristics ... ok
test compression::tests::test_compress_random_like_data ... ok
test compression::tests::test_compress_repetitive_data ... ok
test compression::tests::test_compress_single_byte ... ok
test compression::tests::test_compress_stream_boundaries ... ok
test compression::tests::test_compress_unicode_text ... ok
test compression::tests::test_compress_unicode_utf8 ... ok
test compression::tests::test_compress_with_null_bytes ... ok
test compression::tests::test_decompress_invalid_data ... ok
test compression::tests::test_decompress_invalid_zlib_header ... ok
test compression::tests::test_decompress_truncated_data ... ok
test compression::tests::test_decompress_truncated_stream ... ok
test coordinate_system::tests::test_coordinate_system_custom_matrix ... ok
test batch::tests::test_batch_processor_early_completion_in_progress ... ok
test coordinate_system::tests::test_coordinate_system_default ... ok
test coordinate_system::tests::test_coordinate_system_equality ... ok
test coordinate_system::tests::test_coordinate_system_grows_upward_custom_negative_d ... ok
test coordinate_system::tests::test_coordinate_system_grows_upward_custom_positive_d ... ok
test batch::tests::test_batch_processor_progress_with_failures ... ok
test coordinate_system::tests::test_coordinate_system_grows_upward_custom_zero_d ... ok
test coordinate_system::tests::test_coordinate_system_grows_upward_pdf_standard ... ok
test coordinate_system::tests::test_coordinate_system_grows_upward_screen_space ... ok
test coordinate_system::tests::test_coordinate_system_pdf_standard ... ok
test coordinate_system::tests::test_coordinate_system_pdf_standard_identity ... ok
test coordinate_system::tests::test_coordinate_system_screen_space ... ok
test coordinate_system::tests::test_coordinate_system_screen_space_flip ... ok
test coordinate_system::tests::test_coordinate_system_y_to_pdf_standard_custom ... ok
test coordinate_system::tests::test_coordinate_system_y_to_pdf_standard_pdf_standard ... ok
test coordinate_system::tests::test_coordinate_system_y_to_pdf_standard_screen_space ... ok
test coordinate_system::tests::test_render_context ... ok
test coordinate_system::tests::test_render_context_edge_case_negative_dimensions ... ok
test coordinate_system::tests::test_render_context_edge_case_zero_dimensions ... ok
test coordinate_system::tests::test_render_context_new_custom ... ok
test coordinate_system::tests::test_render_context_new_pdf_standard ... ok
test coordinate_system::tests::test_render_context_new_screen_space ... ok
test coordinate_system::tests::test_render_context_to_pdf_standard_pdf_standard ... ok
test coordinate_system::tests::test_render_context_to_pdf_standard_screen_space ... ok
test coordinate_system::tests::test_render_context_y_to_pdf_pdf_standard ... ok
test coordinate_system::tests::test_render_context_y_to_pdf_screen_space ... ok
test coordinate_system::tests::test_transform_matrix_equality ... ok
test coordinate_system::tests::test_transform_matrix_flip_y_negative_height ... ok
test coordinate_system::tests::test_transform_matrix_flip_y_zero_height ... ok
test coordinate_system::tests::test_transform_matrix_identity ... ok
test coordinate_system::tests::test_transform_matrix_multiply_identity ... ok
test coordinate_system::tests::test_transform_matrix_multiply_scale_then_translate ... ok
test coordinate_system::tests::test_transform_matrix_multiply_translate_then_scale ... ok
test coordinate_system::tests::test_transform_matrix_rotate_180_degrees ... ok
test coordinate_system::tests::test_transform_matrix_rotate_270_degrees ... ok
test coordinate_system::tests::test_transform_matrix_rotate_90_degrees ... ok
test coordinate_system::tests::test_transform_matrix_scale ... ok
test coordinate_system::tests::test_transform_matrix_scale_negative ... ok
test coordinate_system::tests::test_transform_matrix_scale_zero ... ok
test coordinate_system::tests::test_transform_matrix_to_pdf_ctm ... ok
test coordinate_system::tests::test_transform_matrix_to_pdf_ctm_with_precision ... ok
test coordinate_system::tests::test_transform_matrix_translate ... ok
test coordinate_system::tests::test_transform_matrix_translate_negative ... ok
test coordinate_system::tests::test_transform_matrix_translate_zero ... ok
test coordinate_system::tests::test_y_flip_matrix ... ok
test dashboard::builder::tests::test_dashboard_builder_basic ... ok
test dashboard::builder::tests::test_dashboard_builder_metadata ... ok
test dashboard::builder::tests::test_dashboard_builder_validation ... ok
test dashboard::builder::tests::test_dashboard_builder_theming ... ok
test dashboard::builder::tests::test_dashboard_config ... ok
test batch::tests::test_batch_processor_with_real_timeout ... ok
test dashboard::component::tests::test_component_alignment_debug ... ok
test dashboard::component::tests::test_component_alignment_default ... ok
test dashboard::component::tests::test_component_config ... ok
test dashboard::component::tests::test_component_config_clone ... ok
test dashboard::component::tests::test_component_config_default ... ok
test dashboard::component::tests::test_component_config_with_margin ... ok
test dashboard::component::tests::test_component_config_with_visibility ... ok
test dashboard::component::tests::test_component_margin ... ok
test dashboard::component::tests::test_component_margin_clone_copy ... ok
test dashboard::component::tests::test_component_margin_default ... ok
test dashboard::component::tests::test_component_margin_new ... ok
test dashboard::component::tests::test_component_position ... ok
test dashboard::component::tests::test_component_position_aspect_ratio_zero_height ... ok
test dashboard::component::tests::test_component_position_bottom_right ... ok
test dashboard::component::tests::test_component_position_clone_copy ... ok
test dashboard::component::tests::test_component_position_contains ... ok
test dashboard::component::tests::test_component_position_top_left ... ok
test dashboard::component::tests::test_component_position_with_padding ... ok
test dashboard::component::tests::test_component_span ... ok
test dashboard::component::tests::test_component_span_bounds ... ok
test dashboard::component::tests::test_component_span_equality ... ok
test dashboard::component::tests::test_component_span_from_u8 ... ok
test dashboard::component::tests::test_component_span_is_quarter_width ... ok
test dashboard::component::tests::test_component_span_with_rows ... ok
test dashboard::data_aggregation::tests::test_aggregate_func_enum ... ok
test dashboard::data_aggregation::tests::test_aggregate_with_count ... ok
test dashboard::data_aggregation::tests::test_aggregate_with_custom_label ... ok
test dashboard::data_aggregation::tests::test_avg ... ok
test dashboard::data_aggregation::tests::test_avg_empty_data ... ok
test dashboard::data_aggregation::tests::test_aggregate_with_min_max ... ok
test dashboard::data_aggregation::tests::test_avg_nonexistent_field ... ok
test dashboard::data_aggregation::tests::test_count ... ok
test dashboard::data_aggregation::tests::test_filter ... ok
test dashboard::data_aggregation::tests::test_filter_all_records ... ok
test dashboard::data_aggregation::tests::test_filter_no_records ... ok
test dashboard::data_aggregation::tests::test_group_by_avg ... ok
test dashboard::data_aggregation::tests::test_group_by_count ... ok
test dashboard::data_aggregation::tests::test_group_by_missing_field ... ok
test dashboard::data_aggregation::tests::test_group_by_sum ... ok
test dashboard::data_aggregation::tests::test_min_max ... ok
test dashboard::data_aggregation::tests::test_min_max_empty_data ... ok
test dashboard::data_aggregation::tests::test_sum ... ok
test dashboard::data_aggregation::tests::test_sum_nonexistent_field ... ok
test dashboard::heatmap::tests::test_color_scale_default ... ok
test dashboard::heatmap::tests::test_complexity_score ... ok
test dashboard::heatmap::tests::test_component_span ... ok
test dashboard::heatmap::tests::test_component_type ... ok
test dashboard::heatmap::tests::test_get_value_range_auto ... ok
test dashboard::heatmap::tests::test_get_value_range_empty_data ... ok
test dashboard::heatmap::tests::test_get_value_range_negative_values ... ok
test dashboard::heatmap::tests::test_get_value_range_with_explicit_values ... ok
test dashboard::heatmap::tests::test_heatmap_builder ... ok
test dashboard::heatmap::tests::test_heatmap_data_creation ... ok
test dashboard::heatmap::tests::test_heatmap_new ... ok
test dashboard::heatmap::tests::test_heatmap_options_default ... ok
test dashboard::heatmap::tests::test_heatmap_with_color_scale ... ok
test dashboard::heatmap::tests::test_heatmap_with_options ... ok
test dashboard::heatmap::tests::test_interpolate_color_at_maximum ... ok
test dashboard::heatmap::tests::test_interpolate_color_at_midpoint ... ok
test dashboard::heatmap::tests::test_interpolate_color_at_minimum ... ok
test dashboard::heatmap::tests::test_interpolate_color_clamping ... ok
test dashboard::heatmap::tests::test_interpolate_color_multi_color_scale ... ok
test dashboard::heatmap::tests::test_interpolate_color_same_min_max ... ok
test dashboard::heatmap::tests::test_interpolate_color_single_color_scale ... ok
test dashboard::heatmap::tests::test_is_dark_color_with_black ... ok
test dashboard::heatmap::tests::test_is_dark_color_with_cmyk ... ok
test dashboard::heatmap::tests::test_is_dark_color_with_gray ... ok
test dashboard::heatmap::tests::test_is_dark_color_with_red ... ok
test dashboard::heatmap::tests::test_is_dark_color_with_white ... ok
test dashboard::heatmap::tests::test_preferred_height ... ok
test dashboard::kpi_card::tests::test_kpi_card_builder ... ok
test dashboard::kpi_card::tests::test_kpi_card_creation ... ok
test dashboard::kpi_card::tests::test_kpi_card_formatting ... ok
test dashboard::kpi_card::tests::test_kpi_card_with_trend ... ok
test dashboard::kpi_card::tests::test_kpi_color_theme ... ok
test dashboard::kpi_card::tests::test_sparkline_data ... ok
test dashboard::layout::tests::test_dashboard_layout_clone ... ok
test batch::tests::test_batch_progress_tracking ... ok
test dashboard::layout::tests::test_dashboard_layout_content_area ... ok
test dashboard::layout::tests::test_grid_position ... ok
test dashboard::layout::tests::test_grid_position_column_end ... ok
test dashboard::layout::tests::test_grid_position_equality ... ok
test dashboard::layout::tests::test_grid_position_no_overlap_different_rows ... ok
test dashboard::layout::tests::test_grid_position_overlaps_same_row ... ok
test dashboard::layout::tests::test_grid_position_overlaps_with_row_span ... ok
test dashboard::layout::tests::test_grid_position_with_row_span ... ok
test dashboard::layout::tests::test_grid_system ... ok
test dashboard::layout::tests::test_grid_system_clone ... ok
test dashboard::layout::tests::test_grid_system_debug ... ok
test dashboard::layout::tests::test_layout_manager_breakpoints ... ok
test dashboard::layout::tests::test_layout_manager_clone ... ok
test dashboard::layout::tests::test_layout_manager_default ... ok
test dashboard::layout::tests::test_layout_manager_no_breakpoints ... ok
test dashboard::layout::tests::test_layout_state_clone ... ok
test dashboard::layout::tests::test_layout_state_default ... ok
test dashboard::layout::tests::test_layout_stats_clone ... ok
test dashboard::layout::tests::test_layout_stats_debug ... ok
test dashboard::pivot_table::tests::test_aggregate_function_parse_average ... ok
test dashboard::pivot_table::tests::test_aggregate_function_parse_count ... ok
test dashboard::pivot_table::tests::test_aggregate_function_parse_invalid ... ok
test dashboard::pivot_table::tests::test_aggregate_function_parse_max ... ok
test dashboard::pivot_table::tests::test_aggregate_function_parse_min ... ok
test dashboard::pivot_table::tests::test_aggregate_function_parse_sum ... ok
test dashboard::pivot_table::tests::test_complexity_score ... ok
test dashboard::pivot_table::tests::test_component_set_span ... ok
test dashboard::pivot_table::tests::test_component_span ... ok
test dashboard::pivot_table::tests::test_component_type ... ok
test dashboard::pivot_table::tests::test_computed_pivot_data_no_totals ... ok
test dashboard::pivot_table::tests::test_computed_pivot_data_structure ... ok
test dashboard::pivot_table::tests::test_pivot_config_default ... ok
test dashboard::pivot_table::tests::test_pivot_table_aggregate_by_invalid_ignored ... ok
test dashboard::pivot_table::tests::test_pivot_table_aggregate_by_multiple ... ok
test dashboard::pivot_table::tests::test_pivot_table_aggregate_by_no_duplicates ... ok
test dashboard::pivot_table::tests::test_pivot_table_aggregate_by_single ... ok
test dashboard::pivot_table::tests::test_pivot_table_builder_chain ... ok
test dashboard::pivot_table::tests::test_pivot_table_builder_new ... ok
test dashboard::pivot_table::tests::test_pivot_table_new ... ok
test dashboard::pivot_table::tests::test_pivot_table_new_empty ... ok
test dashboard::pivot_table::tests::test_pivot_table_with_config ... ok
test dashboard::pivot_table::tests::test_preferred_height ... ok
test dashboard::scatter_plot::tests::test_complexity_score ... ok
test dashboard::scatter_plot::tests::test_component_span ... ok
test dashboard::scatter_plot::tests::test_component_type ... ok
test dashboard::scatter_plot::tests::test_get_bounds_empty_data ... ok
test dashboard::scatter_plot::tests::test_get_bounds_negative_values ... ok
test dashboard::scatter_plot::tests::test_get_bounds_single_point ... ok
test dashboard::scatter_plot::tests::test_get_bounds_with_data ... ok
test dashboard::scatter_plot::tests::test_map_to_plot_negative_range ... ok
test dashboard::scatter_plot::tests::test_map_to_plot_normal ... ok
test dashboard::scatter_plot::tests::test_map_to_plot_same_min_max ... ok
test dashboard::scatter_plot::tests::test_preferred_height ... ok
test dashboard::scatter_plot::tests::test_scatter_plot_builder ... ok
test dashboard::scatter_plot::tests::test_scatter_plot_new ... ok
test dashboard::scatter_plot::tests::test_scatter_plot_options_default ... ok
test dashboard::scatter_plot::tests::test_scatter_plot_with_options ... ok
test dashboard::scatter_plot::tests::test_scatter_point_creation ... ok
test dashboard::templates::tests::test_analytics_dashboard_template_creation ... ok
test dashboard::templates::tests::test_chart_data_variants ... ok
test dashboard::templates::tests::test_financial_report_template_creation ... ok
test dashboard::templates::tests::test_sales_dashboard_template_creation ... ok
test dashboard::templates::tests::test_sales_dashboard_build_with_kpis ... ok
test dashboard::templates::tests::test_template_data_builder ... ok
test dashboard::tests::test_dashboard_creation ... ok
test dashboard::tests::test_dashboard_stats ... ok
test dashboard::theme::tests::test_dashboard_theme_default ... ok
test dashboard::theme::tests::test_text_style_creation ... ok
test dashboard::theme::tests::test_theme_backgrounds_colorful ... ok
test dashboard::tests::test_dashboard_render ... ok
test dashboard::theme::tests::test_theme_backgrounds_corporate ... ok
test dashboard::theme::tests::test_theme_backgrounds_dark ... ok
test dashboard::theme::tests::test_theme_backgrounds_default ... ok
test dashboard::theme::tests::test_theme_backgrounds_minimal ... ok
test dashboard::theme::tests::test_theme_clone ... ok
test dashboard::theme::tests::test_theme_creation ... ok
test dashboard::theme::tests::test_theme_spacing ... ok
test dashboard::theme::tests::test_theme_spacing_colorful ... ok
test dashboard::theme::tests::test_theme_spacing_corporate ... ok
test dashboard::theme::tests::test_theme_spacing_default ... ok
test dashboard::theme::tests::test_theme_spacing_minimal ... ok
test dashboard::theme::tests::test_theme_variants ... ok
test dashboard::theme::tests::test_typography_colorful ... ok
test dashboard::theme::tests::test_typography_dark ... ok
test dashboard::theme::tests::test_typography_default ... ok
test dashboard::theme::tests::test_typography_minimal ... ok
test dashboard::theme::tests::test_typography_professional ... ok
test dashboard::theme::tests::test_typography_variants ... ok
test dashboard::treemap::tests::test_complexity_score ... ok
test dashboard::treemap::tests::test_component_span ... ok
test dashboard::treemap::tests::test_component_type ... ok
test dashboard::treemap::tests::test_is_dark_color_with_black ... ok
test dashboard::treemap::tests::test_is_dark_color_with_cmyk ... ok
test dashboard::treemap::tests::test_is_dark_color_with_gray ... ok
test dashboard::treemap::tests::test_is_dark_color_with_primary_colors ... ok
test dashboard::treemap::tests::test_is_dark_color_with_white ... ok
test dashboard::treemap::tests::test_layout_nodes_empty ... ok
test dashboard::treemap::tests::test_layout_nodes_multiple ... ok
test dashboard::treemap::tests::test_layout_nodes_proportional ... ok
test dashboard::treemap::tests::test_layout_nodes_single ... ok
test dashboard::treemap::tests::test_layout_nodes_with_tall_rectangle ... ok
test dashboard::treemap::tests::test_layout_nodes_with_wide_rectangle ... ok
test dashboard::treemap::tests::test_layout_nodes_zero_size ... ok
test dashboard::treemap::tests::test_layout_nodes_zero_total_value ... ok
test dashboard::treemap::tests::test_layout_respects_padding ... ok
test dashboard::treemap::tests::test_preferred_height ... ok
test dashboard::treemap::tests::test_treemap_builder ... ok
test dashboard::treemap::tests::test_treemap_new ... ok
test dashboard::treemap::tests::test_treemap_node_creation ... ok
test dashboard::treemap::tests::test_treemap_node_with_children ... ok
test dashboard::treemap::tests::test_treemap_options_default ... ok
test dashboard::treemap::tests::test_treemap_with_options ... ok
test document::encryption::tests::test_document_encryption_new ... ok
test document::encryption::tests::test_encryption_context ... ok
test document::encryption::tests::test_encryption_context_stream ... ok
test document::encryption::tests::test_encryption_context_different_objects ... ok
test document::encryption::tests::test_encryption_dict_creation ... ok
test document::encryption::tests::test_empty_passwords ... ok
test document::encryption::tests::test_encryption_with_file_id ... ok
test document::encryption::tests::test_encryption_strength_variants ... ok
test document::encryption::tests::test_get_encryption_key_consistency ... ok
test document::encryption::tests::test_unicode_passwords ... ok
test document::encryption::tests::test_with_passwords ... ok
test document::encryption::tests::test_handler_selection ... ok
test document::tests::integration_tests::test_document_builder_pattern ... ok
test document::tests::integration_tests::test_document_add_pages ... ok
test document::tests::integration_tests::test_document_compression_setting ... ok
test document::tests::integration_tests::test_document_buffer_vs_file_write ... ok
test document::tests::integration_tests::test_document_compression_config_inheritance ... ok
test document::tests::integration_tests::test_document_creator_producer ... ok
test document::encryption::tests::test_long_passwords ... ok
test document::tests::integration_tests::test_document_dates ... ok
test document::tests::integration_tests::test_document_default_font_encoding ... ok
test document::tests::integration_tests::test_document_dates_local ... ok
test document::tests::integration_tests::test_document_empty_metadata_fields ... ok
test document::encryption::tests::test_different_permissions ... ok
test document::tests::integration_tests::test_document_content_generation ... ok
test document::tests::integration_tests::test_document_metadata_all_fields ... ok
test document::tests::integration_tests::test_document_metadata_complete ... ok
test document::tests::integration_tests::test_document_metadata_dates ... ok
test document::tests::integration_tests::test_document_incremental_building ... ok
test document::tests::integration_tests::test_document_concurrent_page_operations ... ok
test document::tests::integration_tests::test_document_metadata_persistence ... ok
test document::tests::integration_tests::test_document_page_integration ... ok
test document::tests::integration_tests::test_document_producer_version ... ok
test document::tests::integration_tests::test_document_save_to_vec ... ok
test document::tests::integration_tests::test_document_page_iteration ... ok
test document::tests::integration_tests::test_document_large_content_handling ... ok
test document::tests::integration_tests::test_document_multiple_pages_integration ... ok
test document::tests::integration_tests::test_document_memory_efficiency ... ok
test document::tests::integration_tests::test_document_unicode_metadata ... ok
test document::tests::integration_tests::test_document_set_compress ... ok
test document::tests::integration_tests::test_document_very_long_metadata ... ok
test document::tests::integration_tests::test_document_to_bytes ... ok
test document::tests::integration_tests::test_document_to_bytes_with_config ... ok
test document::tests::integration_tests::test_document_with_empty_pages ... ok
test document::tests::integration_tests::test_document_writer_error_handling ... ok
test document::tests::integration_tests::test_document_with_complex_content ... ok
test document::tests::integration_tests::test_document_writer_roundtrip ... ok
test document::tests::integration_tests::test_to_bytes_vs_save_equivalence ... ok
test document::tests::integration_tests::test_document_with_multiple_page_sizes ... ok
test document::tests::integration_tests::test_document_with_graphics_content ... ok
test document::tests::test_add_font_from_bytes_writes_to_per_document_store_not_global ... ok
test document::tests::test_add_page ... ok
test document::tests::test_add_page_does_not_overwrite_existing_store ... ok
test document::tests::test_document_default ... ok
test document::tests::test_add_page_injects_store_into_legacy_page ... ok
test document::tests::test_document_new ... ok
test document::tests::test_document_with_multiple_pages ... ok
test document::tests::test_metadata_default ... ok
test document::tests::test_new_page_a4_returns_page_bound_to_document_store ... ok
test document::tests::test_empty_document_write ... ok
test document::tests::test_new_page_letter_and_new_page_carry_store ... ok
test document::tests::test_set_author ... ok
test document::tests::test_set_keywords ... ok
test document::tests::test_set_title ... ok
test document::tests::test_set_subject ... ok
test document::tests::integration_tests::test_xref_streams_functionality ... ok
test document::tests::test_write_to_buffer ... ok
test encryption::aes::tests::test_aes_256_cbc_nist_vector ... ok
test encryption::aes::tests::test_aes_128_encrypt_decrypt_roundtrip ... ok
test encryption::aes::tests::test_aes_256_encrypt_decrypt_roundtrip ... ok
test encryption::aes::tests::test_aes_empty_data ... ok
test encryption::aes::tests::test_aes_error_clone ... ok
test encryption::aes::tests::test_aes_error_debug ... ok
test encryption::aes::tests::test_aes_error_display ... ok
test encryption::aes::tests::test_aes_error_equality ... ok
test encryption::aes::tests::test_aes_error_display_all_variants ... ok
test encryption::aes::tests::test_aes_invalid_iv ... ok
test encryption::aes::tests::test_aes_key_256_various_patterns ... ok
test encryption::aes::tests::test_aes_error_is_std_error ... ok
test encryption::aes::tests::test_aes_key_clone ... ok
test encryption::aes::tests::test_aes_key_debug ... ok
test encryption::aes::tests::test_aes_key_invalid_length ... ok
test encryption::aes::tests::test_aes_key_creation ... ok
test encryption::aes::tests::test_aes_key_is_empty ... ok
test encryption::aes::tests::test_aes_key_size ... ok
test encryption::aes::tests::test_aes_key_size_debug ... ok
test encryption::aes::tests::test_aes_key_size_equality ... ok
test encryption::aes::tests::test_aes_key_various_patterns ... ok
test encryption::aes::tests::test_aes_multiple_blocks ... ok
test encryption::aes::tests::test_aes_large_data ... ok
test encryption::aes::tests::test_aes_various_data_sizes ... ok
test document::tests::integration_tests::test_document_save_updates_modification_date ... ok
test encryption::aes::tests::test_cbc_mode_no_patterns ... ok
test encryption::aes::tests::test_decrypt_invalid_data_length ... ok
test encryption::aes::tests::test_ecb_invalid_data_length ... ok
test encryption::aes::tests::test_ecb_encrypt_decrypt_roundtrip ... ok
test encryption::aes::tests::test_ecb_shows_patterns ... ok
test encryption::aes::tests::test_encrypt_with_different_ivs ... ok
test encryption::aes::tests::test_error_propagation ... ok
test encryption::aes::tests::test_generate_iv ... ok
test encryption::aes::tests::test_generate_iv_properties ... ok
test encryption::crypt_filters::tests::test_auth_event_equality ... ok
test encryption::crypt_filters::tests::test_auth_event_pdf_names ... ok
test encryption::crypt_filters::tests::test_add_and_get_filter ... ok
test encryption::crypt_filters::tests::test_crypt_filter_manager_creation ... ok
test encryption::crypt_filters::tests::test_crypt_filter_to_dict ... ok
test encryption::crypt_filters::tests::test_encrypt_decrypt_string_identity ... ok
test encryption::crypt_filters::tests::test_functional_crypt_filter_creation ... ok
test encryption::crypt_filters::tests::test_filter_not_found_error ... ok
test encryption::crypt_filters::tests::test_get_stream_filter_name_default ... ok
test encryption::crypt_filters::tests::test_crypt_filter_with_recipients ... ok
test encryption::crypt_filters::tests::test_get_stream_filter_name_with_crypt ... ok
test encryption::crypt_filters::tests::test_set_embedded_files_filter ... ok
test encryption::crypt_filters::tests::test_standard_filter_creation ... ok
test encryption::crypt_filters::tests::test_to_cf_dict ... ok
test encryption::embedded_files::tests::test_encrypt_embedded_file_no_eff ... ok
test encryption::embedded_files::tests::test_encrypt_embedded_file ... ok
test encryption::embedded_files::tests::test_decrypt_embedded_file ... ok
test encryption::embedded_files::tests::test_extended_encryption_dict ... ok
test encryption::embedded_files::tests::test_extended_encryption_dict_no_eff ... ok
test encryption::embedded_files::tests::test_get_stream_filter ... ok
test encryption::embedded_files::tests::test_get_stream_filter_with_metadata_encryption ... ok
test encryption::embedded_files::tests::test_is_embedded_file ... ok
test encryption::embedded_files::tests::test_is_metadata ... ok
test encryption::embedded_files::tests::test_process_stream_encryption_metadata_no_encrypt ... ok
test encryption::embedded_files::tests::test_process_stream_encryption_embedded_file ... ok
test encryption::embedded_files::tests::test_process_stream_decryption ... ok
test encryption::embedded_files::tests::test_process_stream_encryption_regular_stream ... ok
test encryption::encryption_dict::tests::test_crypt_filter ... ok
test encryption::encryption_dict::tests::test_crypt_filter_custom ... ok
test encryption::encryption_dict::tests::test_crypt_filter_method ... ok
test encryption::encryption_dict::tests::test_crypt_filter_method_variants ... ok
test compression::tests::test_compress_maximum_size ... ok
test encryption::encryption_dict::tests::test_crypt_filter_no_optional_fields ... ok
test encryption::encryption_dict::tests::test_encryption_algorithm_variants ... ok
test encryption::encryption_dict::tests::test_encryption_dict_rc4_128bit_with_metadata ... ok
test encryption::encryption_dict::tests::test_encryption_dict_to_pdf_with_metadata_false ... ok
test encryption::encryption_dict::tests::test_encryption_dict_with_crypt_filters ... ok
test encryption::encryption_dict::tests::test_encryption_dict_with_custom_filters ... ok
test encryption::encryption_dict::tests::test_encryption_dict_with_file_id ... ok
test encryption::encryption_dict::tests::test_encryption_dict_with_identity_filters ... ok
test encryption::encryption_dict::tests::test_multiple_crypt_filters ... ok
test encryption::encryption_dict::tests::test_rc4_128bit_encryption_dict ... ok
test encryption::encryption_dict::tests::test_encryption_dict_to_pdf ... ok
test encryption::encryption_dict::tests::test_rc4_40bit_encryption_dict ... ok
test encryption::encryption_dict::tests::test_stream_filter_names ... ok
test encryption::encryption_dict::tests::test_string_filter_names ... ok
test encryption::object_encryption::tests::test_already_encrypted_stream_skipped ... ok
test encryption::object_encryption::tests::test_decrypt_other_types_not_changed ... ok
test encryption::object_encryption::tests::test_decrypt_dictionary_object ... ok
test encryption::object_encryption::tests::test_decrypt_object_reverses_encryption ... ok
test encryption::object_encryption::tests::test_decrypt_array_object ... ok
test encryption::object_encryption::tests::test_decrypt_reference_not_changed ... ok
test encryption::object_encryption::tests::test_decrypt_objects_skips_encryption_dict ... ok
test encryption::object_encryption::tests::test_document_encryption_r2 ... ok
test encryption::object_encryption::tests::test_decrypt_string_object ... ok
test encryption::object_encryption::tests::test_document_encryption_creation ... ok
test encryption::object_encryption::tests::test_document_encryption_r5_rejects_aes256 ... ok
test encryption::object_encryption::tests::test_document_encryption_r6_rejects_aes256 ... ok
test encryption::object_encryption::tests::test_document_encryption_r4 ... ok
test encryption::object_encryption::tests::test_document_encryption_unsupported_revision ... ok
test encryption::object_encryption::tests::test_document_encryption_with_crypt_filters ... ok
test encryption::object_encryption::tests::test_document_encryption_with_custom_filter_names ... ok
test encryption::object_encryption::tests::test_document_encryption_with_custom_stm_str_filters ... ok
test encryption::object_encryption::tests::test_encrypt_array_object ... ok
test document::tests::integration_tests::test_update_modification_date ... ok
test encryption::object_encryption::tests::test_encrypt_dictionary_object ... ok
test encryption::object_encryption::tests::test_encrypt_other_types_not_changed ... ok
test encryption::object_encryption::tests::test_encrypt_stream_object ... ok
test encryption::object_encryption::tests::test_encrypt_string_object ... ok
test encryption::object_encryption::tests::test_encrypt_objects_skips_encryption_dict ... ok
test encryption::object_encryption::tests::test_is_encryption_dict_object ... ok
test encryption::object_encryption::tests::test_is_encryption_dict_object_dict_with_different_filter ... ok
test encryption::object_encryption::tests::test_is_encryption_dict_object_dict_without_filter ... ok
test encryption::object_encryption::tests::test_reference_object_not_encrypted ... ok
test encryption::object_encryption::tests::test_is_encryption_dict_object_not_dict ... ok
test encryption::object_encryption::tests::test_nested_dictionary_encryption ... ok
test encryption::object_encryption::tests::test_nested_array_encryption ... ok
test encryption::object_encryption::tests::test_should_encrypt_stream_with_array_filter_containing_crypt ... ok
test encryption::object_encryption::tests::test_should_encrypt_stream_with_non_name_filter ... ok
test encryption::object_encryption::tests::test_should_encrypt_string_always_true ... ok
test encryption::object_encryption::tests::test_should_skip_dictionary_key ... ok
test encryption::object_encryption::tests::test_skip_metadata_stream ... ok
test encryption::object_encryption::tests::test_should_encrypt_stream_with_array_filter_without_crypt ... ok
test encryption::object_encryption::tests::test_with_embedded_files_constructor ... ok
test encryption::object_encryption::tests::test_with_embedded_files_no_filter ... ok
test encryption::permissions::tests::test_from_flags ... ok
test encryption::permissions::tests::test_get_flags ... ok
test encryption::permissions::tests::test_permission_flags ... ok
test encryption::permissions::tests::test_permission_flags_clone ... ok
test encryption::permissions::tests::test_permission_flags_debug ... ok
test encryption::permissions::tests::test_permissions_all ... ok
test encryption::permissions::tests::test_permissions_bits_clearing ... ok
test encryption::permissions::tests::test_permissions_bits_manipulation ... ok
test encryption::permissions::tests::test_permissions_chaining ... ok
test encryption::permissions::tests::test_permissions_default ... ok
test encryption::permissions::tests::test_permissions_edge_cases ... ok
test encryption::permissions::tests::test_permissions_new ... ok
test encryption::permissions::tests::test_permissions_roundtrip_conversion ... ok
test encryption::permissions::tests::test_permissions_specific_bit_patterns ... ok
test encryption::permissions_enforcement::tests::test_all_operations ... ok
test encryption::permissions_enforcement::tests::test_builder ... ok
test encryption::permissions_enforcement::tests::test_callbacks ... ok
test encryption::permissions_enforcement::tests::test_clear_events ... ok
test encryption::permissions_enforcement::tests::test_context_in_callback ... ok
test encryption::permissions_enforcement::tests::test_enforcement_disabled ... ok
test encryption::permissions_enforcement::tests::test_error_messages ... ok
test encryption::permissions_enforcement::tests::test_event_logging ... ok
test encryption::permissions_enforcement::tests::test_log_levels ... ok
test encryption::permissions_enforcement::tests::test_multiple_callbacks ... ok
test encryption::permissions_enforcement::tests::test_permission_operation_names ... ok
test encryption::permissions_enforcement::tests::test_permissions_validator_trait ... ok
test encryption::permissions_enforcement::tests::test_runtime_permissions_allow ... ok
test encryption::permissions_enforcement::tests::test_runtime_permissions_deny ... ok
test encryption::permissions_enforcement::tests::test_runtime_permissions_selective ... ok
test encryption::public_key::tests::test_public_key_handler_creation ... ok
test encryption::public_key::tests::test_subfilter_conversion ... ok
test encryption::public_key::tests::test_subfilter_from_name ... ok
test encryption::rc4::tests::test_rc4_binary_data ... ok
test encryption::rc4::tests::test_rc4_different_keys_different_output ... ok
test encryption::rc4::tests::test_rc4_empty_data ... ok
test encryption::rc4::tests::test_rc4_key_creation ... ok
test encryption::rc4::tests::test_rc4_encryption_decryption ... ok
test encryption::rc4::tests::test_rc4_key_debug ... ok
test encryption::rc4::tests::test_rc4_known_vectors ... ok
test encryption::rc4::tests::test_rc4_process_consistency ... ok
test encryption::rc4::tests::test_rc4_key_clone ... ok
test encryption::rc4::tests::test_rc4_process_in_place_empty ... ok
test encryption::rc4::tests::test_rc4_process_in_place ... ok
test encryption::rc4::tests::test_rc4_single_byte ... ok
test encryption::rc4::tests::test_rc4_stateful_processing ... ok
test encryption::standard_security::tests::test_aes_256_r5_handler ... ok
test encryption::standard_security::tests::test_aes_decrypt_invalid_data ... ok
test encryption::rc4::tests::test_rc4_large_data ... ok
test encryption::standard_security::tests::test_aes_256_r6_handler ... ok
test encryption::rc4::tests::test_rc4_various_key_lengths ... ok
test encryption::standard_security::tests::test_aes_decrypt_invalid_iv_length ... ok
test encryption::standard_security::tests::test_aes_encrypt_decrypt ... ok
test encryption::standard_security::tests::test_aes_encryption_with_different_object_ids ... ok
test encryption::standard_security::tests::test_aes_with_rc4_handler_fails ... ok
test encryption::standard_security::tests::test_aes_encryption_key_computation ... ok
test encryption::standard_security::tests::test_compute_user_hash_r4 ... ok
test encryption::standard_security::tests::test_aes_password_validation ... ok
test encryption::standard_security::tests::test_aes_validate_password_wrong_hash_length ... ok
test encryption::standard_security::tests::test_edge_case_max_object_generation ... ok
test encryption::standard_security::tests::test_different_handlers_produce_different_keys ... ok
test encryption::standard_security::tests::test_encryption_key_computation ... ok
test encryption::standard_security::tests::test_encryption_key_debug ... ok
test encryption::standard_security::tests::test_encryption_key_with_file_id_affects_result ... ok
test encryption::standard_security::tests::test_md5_compute_consistency ... ok
test encryption::standard_security::tests::test_compute_owner_hash_different_users ... ok
test encryption::standard_security::tests::test_owner_hash_computation ... ok
test encryption::standard_security::tests::test_pad_password ... ok
test encryption::standard_security::tests::test_encrypt_string_empty ... ok
test encryption::standard_security::tests::test_pad_password_long ... ok
test encryption::standard_security::tests::test_pad_password_unicode ... ok
test encryption::standard_security::tests::test_compute_user_hash_r6 ... ok
test encryption::standard_security::tests::test_owner_password_debug ... ok
test encryption::standard_security::tests::test_r4_aes_object_key_deterministic ... ok
test encryption::standard_security::tests::test_r4_aes_object_key_is_16_bytes ... ok
test encryption::standard_security::tests::test_permissions_affect_encryption_key ... ok
test encryption::standard_security::tests::test_r4_decrypt_rejects_short_data ... ok
test encryption::standard_security::tests::test_r4_encrypt_output_has_iv_prefix ... ok
test encryption::standard_security::tests::test_r4_encrypt_decrypt_roundtrip ... ok
test encryption::standard_security::tests::test_r4_inherent_encrypt_string_uses_aes ... ok
test encryption::standard_security::tests::test_r4_inherent_stream_uses_aes ... ok
test encryption::standard_security::tests::test_r5_empty_password ... ok
test encryption::standard_security::tests::test_r5_encryption_key_recovery ... ok
test encryption::standard_security::tests::test_pad_password_various_lengths ... ok
test encryption::standard_security::tests::test_r5_full_workflow_u_ue ... ok
test encryption::standard_security::tests::test_r5_ue_entry_computation ... ok
test encryption::standard_security::tests::test_r5_ue_invalid_length ... ok
test encryption::standard_security::tests::test_r5_ue_invalid_u_length ... ok
test encryption::standard_security::tests::test_r5_user_hash_entry_shorter_than_the_salts_is_rejected ... ok
test encryption::standard_security::tests::test_r5_ue_wrong_password_fails ... ok
test encryption::standard_security::tests::test_r5_user_hash_computation ... ok
test encryption::standard_security::tests::test_r5_user_hash_random_salts ... ok
test encryption::standard_security::tests::test_r5_user_password_validation_correct ... ok
test encryption::standard_security::tests::test_encrypt_decrypt_large_data ... ok
test encryption::standard_security::tests::test_r5_user_password_validation_incorrect ... ok
test encryption::standard_security::tests::test_r6_perms_entry_computation ... ok
test encryption::standard_security::tests::test_full_workflow_aes_r6 ... ok
test encryption::standard_security::tests::test_r6_perms_invalid_length ... ok
test encryption::standard_security::tests::test_r4_aes_object_key_includes_salt ... ok
test encryption::standard_security::tests::test_r6_perms_validation ... ok
test encryption::standard_security::tests::test_r6_perms_wrong_key_fails ... ok
test encryption::standard_security::tests::test_r6_perms_encrypt_metadata_flag ... ok
test batch::tests::test_batch_processor_parallelism ... ok
test batch::tests::test_batch_processor_timeout ... ok
test encryption::standard_security::tests::test_r6_user_hash_computation ... ok
test encryption::standard_security::tests::test_rc4_128bit_handler ... ok
test encryption::standard_security::tests::test_rc4_40bit_handler ... ok
test encryption::standard_security::tests::test_rc4_encrypt_helper ... ok
test encryption::standard_security::tests::test_security_handler_revision_equality ... ok
test encryption::standard_security::tests::test_security_handler_revision_ordering ... ok
test encryption::standard_security::tests::test_security_handler_revision_values ... ok
test encryption::standard_security::tests::test_sha256_consistency ... ok
test encryption::standard_security::tests::test_sha256_deterministic ... ok
test encryption::standard_security::tests::test_sha256_nist_abc ... ok
test encryption::standard_security::tests::test_sha256_nist_empty_string ... ok
test encryption::standard_security::tests::test_sha512_deterministic ... ok
test encryption::standard_security::tests::test_sha512_length ... ok
test encryption::standard_security::tests::test_sha512_nist_abc ... ok
test encryption::standard_security::tests::test_stream_encryption_different_from_string ... ok
test encryption::standard_security::tests::test_try_decrypt_stream_surfaces_aes_error ... ok
test encryption::standard_security::tests::test_try_decrypt_string_surfaces_aes_error ... ok
test encryption::standard_security::tests::test_user_password_debug ... ok
test encryption::tests::aes_tests::test_aes_cbc_encryption ... ok
test encryption::tests::aes_tests::test_aes_ecb_encryption ... ok
test encryption::tests::aes_tests::test_aes_key_creation_128 ... ok
test encryption::standard_security::tests::test_r6_ue_entry_computation ... ok
test encryption::tests::aes_tests::test_aes_key_creation_256 ... ok
test encryption::tests::aes_tests::test_generate_iv ... ok
test encryption::tests::auth_event_tests::test_auth_event_pdf_name ... ok
test encryption::tests::encryption_dict_tests::test_crypt_filter_creation ... ok
test encryption::tests::encryption_dict_tests::test_crypt_filter_method_pdf_name ... ok
test encryption::tests::encryption_dict_tests::test_encryption_dictionary_rc4_128bit ... ok
test encryption::tests::aes_tests::test_aes_key_sizes ... ok
test encryption::tests::encryption_dict_tests::test_encryption_dictionary_rc4_40bit ... ok
test encryption::tests::encryption_dict_tests::test_encryption_dictionary_to_dict ... ok
test encryption::tests::encryption_key_tests::test_encryption_key_empty ... ok
test encryption::tests::encryption_key_tests::test_encryption_key_creation ... ok
test encryption::tests::permissions_tests::test_permission_flags ... ok
test encryption::tests::permissions_tests::test_permissions_all ... ok
test encryption::tests::permissions_tests::test_permissions_from_bits ... ok
test encryption::tests::permissions_tests::test_permissions_new ... ok
test encryption::tests::permissions_tests::test_permissions_contains ... ok
test encryption::tests::permissions_tests::test_permissions_set_fill_forms ... ok
test encryption::tests::permissions_tests::test_permissions_set_modify_contents ... ok
test encryption::tests::permissions_tests::test_permissions_set_print ... ok
test encryption::tests::rc4_tests::test_rc4_encryption_symmetric ... ok
test encryption::tests::permissions_tests::test_permissions_set_copy ... ok
test encryption::tests::rc4_tests::test_rc4_key_creation ... ok
test encryption::tests::rc4_tests::test_rc4_process_in_place ... ok
test encryption::tests::standard_security_tests::test_standard_security_handler_aes ... ok
test encryption::tests::standard_security_tests::test_standard_security_handler_rc4_128bit ... ok
test encryption::tests::standard_security_tests::test_user_and_owner_passwords ... ok
test encryption::tests::standard_security_tests::test_standard_security_handler_rc4_40bit ... ok
test error::tests::test_aes_error_conversion ... ok
test error::tests::test_all_pdf_error_variants ... ok
test error::tests::test_all_oxidize_pdf_error_variants ... ok
test error::tests::test_encryption_error ... ok
test error::tests::test_duplicate_field_error ... ok
test error::tests::test_error_chain_display ... ok
test error::tests::test_error_equality ... ok
test error::tests::test_error_struct_creation ... ok
test error::tests::test_error_send_sync ... ok
test error::tests::test_field_not_found_error ... ok
test error::tests::test_io_error_preservation ... ok
test error::tests::test_invalid_operation_error ... ok
test error::tests::test_operation_cancelled_error ... ok
test error::tests::test_oxidize_pdf_error_debug ... ok
test error::tests::test_oxidize_pdf_error_display ... ok
test error::tests::test_oxidize_pdf_error_chain_display ... ok
test error::tests::test_oxidize_pdf_error_from_io_error ... ok
test error::tests::test_oxidize_pdf_error_io_error_preservation ... ok
test error::tests::test_parse_error_conversion ... ok
test error::tests::test_pdf_error_debug ... ok
test error::tests::test_pdf_error_display ... ok
test error::tests::test_pdf_error_from_io_error ... ok
test error::tests::test_permission_denied_error ... ok
test error::tests::test_oxidize_pdf_error_struct_creation ... ok
test error::tests::test_result_type_err ... ok
test fonts::cid_mapper::tests::test_analyze_unicode_ranges_box_drawing ... ok
test fonts::cid_mapper::tests::test_analyze_unicode_ranges_emoji ... ok
test fonts::cid_mapper::tests::test_analyze_unicode_ranges_extended ... ok
test fonts::cid_mapper::tests::test_analyze_unicode_ranges_latin ... ok
test fonts::cid_mapper::tests::test_analyze_unicode_ranges_symbols ... ok
test fonts::cid_mapper::tests::test_cid_mapping_default ... ok
test fonts::cid_mapper::tests::test_cid_mapping_new ... ok
test fonts::cid_mapper::tests::test_generate_cid_to_gid_map_custom ... ok
test fonts::cid_mapper::tests::test_generate_cid_to_gid_map_identity ... ok
test error::tests::test_result_type_ok ... ok
test fonts::cid_mapper::tests::test_generate_tounicode_cmap ... ok
test fonts::cid_mapper::tests::test_generate_tounicode_cmap_multichar_ligature ... ok
test fonts::cid_mapper::tests::test_generate_tounicode_cmap_str_takes_precedence ... ok
test fonts::cid_mapper::tests::test_generate_tounicode_cmap_with_non_bmp ... ok
test fonts::cid_mapper::tests::test_get_cid ... ok
test fonts::cid_mapper::tests::test_is_identity_mapping ... ok
test fonts::cid_mapper::tests::test_mixed_unicode_text ... ok
test fonts::cid_mapper::tests::test_needs_type0 ... ok
test fonts::cid_mapper::tests::test_needs_type0_comprehensive ... ok
test fonts::cid_mapper::tests::test_tounicode_codespace_is_valid_regardless_of_max_cid ... ok
test fonts::cid_mapper::tests::test_unicode_range_detection ... ok
test fonts::cid_mapper::tests::test_unicode_ranges_new ... ok
test fonts::embedder::tests::test_add_duplicate_chars ... ok
test fonts::embedder::tests::test_add_used_chars ... ok
test fonts::embedder::tests::test_char_range ... ok
test fonts::embedder::tests::test_char_range_empty ... ok
test fonts::embedder::tests::test_char_range_with_unicode ... ok
test fonts::embedder::tests::test_cid_font_dict_creation ... ok
test fonts::embedder::tests::test_create_simple_font_dict ... ok
test fonts::embedder::tests::test_create_to_unicode_cmap ... ok
test fonts::embedder::tests::test_create_widths_array ... ok
test fonts::embedder::tests::test_create_type0_font_dict ... ok
test fonts::embedder::tests::test_embedding_options_default ... ok
test fonts::embedder::tests::test_font_embedder_creation ... ok
test fonts::embedder::tests::test_font_encoding_equality ... ok
test fonts::embedder::tests::test_font_encoding_names ... ok
test fonts::embedder::tests::test_widths_array_missing_glyphs ... ok
test fonts::embedder::tests::test_get_font_data ... ok
test fonts::font_cache::tests::test_arc_sharing ... ok
test fonts::font_cache::tests::test_cache_with_special_names ... ok
test fonts::font_cache::tests::test_cache_memory_efficiency ... ok
test fonts::font_cache::tests::test_clear_and_reuse ... ok
test fonts::font_cache::tests::test_font_cache_basic_operations ... ok
test fonts::font_cache::tests::test_font_cache_thread_safety ... ok
test fonts::font_cache::tests::test_font_names_empty_cache ... ok
test fonts::font_cache::tests::test_font_names_ordering ... ok
test fonts::font_cache::tests::test_get_nonexistent_font ... ok
test fonts::font_cache::tests::test_font_cache_default ... ok
test fonts::font_cache::tests::test_multiple_threads_reading ... ok
test fonts::font_cache::tests::test_multiple_threads_writing ... ok
test fonts::font_descriptor::tests::test_font_descriptor_complete_dict ... ok
test fonts::font_cache::tests::test_replace_font ... ok
test fonts::font_descriptor::tests::test_font_descriptor_creation ... ok
test fonts::font_descriptor::tests::test_font_descriptor_extreme_values ... ok
test fonts::font_descriptor::tests::test_font_descriptor_special_characters ... ok
test fonts::font_descriptor::tests::test_font_descriptor_default ... ok
test fonts::font_descriptor::tests::test_font_descriptor_unicode_name ... ok
test fonts::font_descriptor::tests::test_font_descriptor_with_font_file ... ok
test fonts::font_descriptor::tests::test_font_descriptor_to_dict ... ok
test fonts::font_descriptor::tests::test_font_descriptor_without_font_file ... ok
test fonts::font_descriptor::tests::test_font_flags ... ok
test fonts::font_descriptor::tests::test_font_flags_combinations ... ok
test fonts::font_descriptor::tests::test_font_flags_difference ... ok
test fonts::font_descriptor::tests::test_font_flags_intersection ... ok
test fonts::font_descriptor::tests::test_font_flags_empty ... ok
test fonts::font_descriptor::tests::test_font_flags_remove ... ok
test fonts::font_descriptor::tests::test_font_flags_toggle ... ok
test fonts::font_metrics::tests::test_font_metrics_conversion ... ok
test fonts::font_metrics::tests::test_font_metrics_default ... ok
test fonts::font_metrics::tests::test_line_height_zero_line_gap ... ok
test fonts::font_metrics::tests::test_negative_values ... ok
test fonts::font_metrics::tests::test_text_measurement ... ok
test fonts::font_metrics::tests::test_text_measurement_baseline_offset ... ok
test encryption::standard_security::tests::test_r6_user_password_validation_correct ... ok
test fonts::font_metrics::tests::test_text_measurement_bounding_box ... ok
test fonts::font_metrics::tests::test_empty_text_measurement ... ok
test fonts::font_metrics::tests::test_text_measurement_missing_glyphs ... ok
test fonts::font_metrics::tests::test_text_measurement_mixed_glyphs ... ok
test fonts::font_metrics::tests::test_to_user_space_different_units ... ok
test fonts::font_metrics::tests::test_very_large_font_size ... ok
test fonts::font_metrics::tests::test_very_small_font_size ... ok
test fonts::loader::tests::test_empty_font_data ... ok
test fonts::font_metrics::tests::test_unicode_text_measurement ... ok
test fonts::loader::tests::test_font_data_clone ... ok
test fonts::loader::tests::test_font_format_detect_edge_cases ... ok
test fonts::loader::tests::test_font_format_equality ... ok
test fonts::loader::tests::test_font_format_detection ... ok
test fonts::loader::tests::test_font_validation ... ok
test fonts::loader::tests::test_invalid_font_data ... ok
test fonts::loader::tests::test_ttf_true_tag_detection ... ok
test fonts::loader::tests::test_otf_validation ... ok
test fonts::standard_14::tests::test_all_fonts_have_unique_names ... ok
test fonts::standard_14::tests::test_font_characteristics ... ok
test fonts::standard_14::tests::test_font_descriptor ... ok
test fonts::standard_14::tests::test_font_metrics ... ok
test fonts::standard_14::tests::test_font_name_lookup ... ok
test fonts::tests::test_font_fields_are_accessible ... ok
test fonts::tests::test_font_format_detection ... ok
test fonts::tests::test_font_from_bytes_invalid_format ... ok
test fonts::tests::test_font_from_bytes_too_small ... ok
test fonts::tests::test_font_from_file_nonexistent ... ok
test fonts::tests::test_font_has_glyph_with_empty_mapping ... ok
test fonts::tests::test_font_line_height_with_defaults ... ok
test fonts::tests::test_font_measure_text_with_defaults ... ok
test fonts::tests::test_font_name_conversion ... ok
test fonts::tests::test_font_new ... ok
test fonts::tests::test_font_new_with_string ... ok
test fonts::tests::test_font_postscript_name ... ok
test fonts::ttf_parser::tests::test_char_widths_iter_empty_on_empty_mapping ... ok
test fonts::ttf_parser::tests::test_char_widths_iter_skips_chars_without_width ... ok
test fonts::ttf_parser::tests::test_char_widths_iter_yields_all_mapped_chars ... ok
test fonts::ttf_parser::tests::test_glyph_mapping ... ok
test fonts::type0::tests::test_needs_type0_font ... ok
test encryption::standard_security::tests::test_r6_uses_sha512_not_sha256 ... ok
test encryption::standard_security::tests::test_r6_encryption_key_recovery ... ok
test fonts::type0::tests::test_cid_mappings ... ok
test encryption::standard_security::tests::test_r6_user_password_validation_incorrect ... ok
test fonts::type0_parsing::tests::test_cidfont_subtype_clone_copy ... ok
test fonts::type0_parsing::tests::test_descendant_fonts_with_direct_reference ... ok
test fonts::type0_parsing::tests::test_descendant_fonts_with_inline_dict ... ok
test fonts::type0_parsing::tests::test_descendant_fonts_wrong_type ... ok
test fonts::type0_parsing::tests::test_detect_cidfont_subtype ... ok
test fonts::type0_parsing::tests::test_empty_descendant_array_edge_case ... ok
test fonts::type0::tests::test_text_encoding ... ok
test fonts::type0_parsing::tests::test_detect_type0_font ... ok
test fonts::type0::tests::test_to_unicode_cmap_generation ... ok
test fonts::type0_parsing::tests::test_extract_default_width ... ok
test fonts::type0_parsing::tests::test_extract_descendant_fonts_ref ... ok
test fonts::type0_parsing::tests::test_extract_font_descriptor_ref ... ok
test fonts::type0_parsing::tests::test_extract_font_file_ref_none ... ok
test fonts::type0_parsing::tests::test_extract_font_file_ref_truetype ... ok
test fonts::type0_parsing::tests::test_extract_tounicode_ref ... ok
test fonts::type0_parsing::tests::test_extract_font_file_ref_cff ... ok
test fonts::type0_parsing::tests::test_extract_widths_ref ... ok
test fonts::type0_parsing::tests::test_extract_font_file_ref_precedence ... ok
test fonts::type0_parsing::tests::test_font_descriptor_returns_wrong_type ... ok
test fonts::type0_parsing::tests::test_extract_font_file_ref_type1 ... ok
test fonts::type0_parsing::tests::test_font_file_returns_wrong_type ... ok
test fonts::type0_parsing::tests::test_font_file_type_clone_copy ... ok
test fonts::type0_parsing::tests::test_font_file_type_equality ... ok
test fonts::type0_parsing::tests::test_resolve_type0_hierarchy_cff_font ... ok
test fonts::type0_parsing::tests::test_resolve_type0_hierarchy_complete ... ok
test fonts::type0_parsing::tests::test_resolve_type0_hierarchy_missing_cidfont ... ok
test fonts::type0_parsing::tests::test_resolve_type0_hierarchy_not_type0_font ... ok
test fonts::type0_parsing::tests::test_resolve_type0_hierarchy_partial_chain ... ok
test fonts::type0_parsing::tests::test_resolver_returns_wrong_object_type ... ok
test fonts::type0_parsing::tests::test_tounicode_returns_wrong_type ... ok
test fonts::type0_parsing::tests::test_type0_font_info_clone ... ok
test fonts::type0_parsing::tests::test_type0_font_info_new ... ok
test fonts::type0_parsing::tests::test_wrong_object_type_in_subtype ... ok
test fonts::type3::tests::named_standard_encoding_maps_ascii_glyph_names ... ok
test fonts::type0_parsing::tests::test_mixed_array_with_refs_and_other_types ... ok
test fonts::type0_parsing::tests::test_multiple_descendant_fonts ... ok
test fonts::type3::tests::differences_override_base_encoding ... ok
test fonts::type3::tests::effective_glyph_name_applies_differences_before_base_encoding ... ok
test fonts::type3::tests::predefined_glyph_names_preserve_encoding_specific_mappings ... ok
test forms::appearance::tests::test_appearance_dictionary_new ... ok
test forms::appearance::tests::test_appearance_state_names ... ok
test forms::appearance::tests::test_appearance_stream_creation ... ok
test forms::appearance::tests::test_appearance_dictionary ... ok
test forms::appearance::tests::test_appearance_dictionary_set_get ... ok
test forms::appearance::tests::test_appearance_state_pdf_names ... ok
test forms::appearance::tests::test_appearance_stream_with_resources_advanced ... ok
test forms::appearance::tests::test_appearance_stream_creation_advanced ... ok
test forms::appearance::tests::test_appearance_stream_with_resources ... ok
test forms::appearance::tests::test_appearance_with_custom_colors ... ok
test forms::appearance::tests::test_checkbox_appearance_unchecked ... ok
test forms::appearance::tests::test_push_button_states ... ok
test forms::appearance::tests::test_check_styles ... ok
test forms::appearance::tests::test_radio_button_appearance ... ok
test forms::appearance::tests::test_text_field_appearance ... ok
test forms::appearance::tests::test_text_field_multiline ... ok
test forms::button_widget::tests::test_checkbox_widget ... ok
test forms::button_widget::tests::test_pushbutton_widget ... ok
test forms::button_widget::tests::test_radio_widget ... ok
test forms::button_widget::tests::test_widget_customization ... ok
test forms::appearance::tests::test_checkbox_appearance_checked ... ok
test forms::calculation_system::tests::test_apply_format_number ... ok
test forms::appearance::tests::test_push_button_appearance ... ok
test forms::calculation_system::tests::test_apply_format_passthrough ... ok
test forms::calculation_system::tests::test_auto_recalculate_disabled ... ok
test forms::calculation_system::tests::test_apply_format_percent ... ok
test fonts::type0::tests::test_type0_font_creation ... ok
test forms::calculation_system::tests::test_calculation_system_summary_display ... ok
test forms::calculation_system::tests::test_clear_events ... ok
test forms::calculation_system::tests::test_circular_dependency_detection ... ok
test forms::calculation_system::tests::test_custom_script_unsupported ... ok
test forms::calculation_system::tests::test_date_calculate ... ok
test forms::calculation_system::tests::test_date_calculate_no_days_field ... ok
test forms::calculation_system::tests::test_event_type_variants ... ok
test forms::calculation_system::tests::test_event_logging ... ok
test forms::calculation_system::tests::test_field_format_custom ... ok
test forms::calculation_system::tests::test_custom_script_addition ... ok
test forms::calculation_system::tests::test_date_calculate_invalid_date ... ok
test forms::calculation_system::tests::test_field_format_percent ... ok
test forms::calculation_system::tests::test_default_calculation_settings ... ok
test forms::calculation_system::tests::test_field_format_special ... ok
test forms::calculation_system::tests::test_field_format_time ... ok
test forms::calculation_system::tests::test_field_format_date ... ok
test forms::calculation_system::tests::test_form_calculation_system_default ... ok
test forms::calculation_system::tests::test_get_recent_events_more_than_available ... ok
test forms::calculation_system::tests::test_field_format_number ... ok
test forms::calculation_system::tests::test_get_recent_events ... ok
test forms::calculation_system::tests::test_log_events_disabled ... ok
test forms::calculation_system::tests::test_negative_style_variants ... ok
test forms::calculation_system::tests::test_percent_calculate ... ok
test forms::calculation_system::tests::test_percent_calculate_add_percent ... ok
test forms::calculation_system::tests::test_percent_mode_variants ... ok
test forms::calculation_system::tests::test_percent_calculate_subtract_percent ... ok
test forms::calculation_system::tests::test_range_calculate_max_only ... ok
test forms::calculation_system::tests::test_range_calculate_min_only ... ok
test forms::calculation_system::tests::test_number_calculate ... ok
test forms::calculation_system::tests::test_percent_calculate_percentage_of ... ok
test forms::calculation_system::tests::test_percent_calculate_percentage_of_zero_base ... ok
test forms::calculation_system::tests::test_range_calculate_no_limits ... ok
test forms::calculation_system::tests::test_recalculate_dependent_fields ... ok
test forms::calculation_system::tests::test_separator_style_variants ... ok
test forms::calculation_system::tests::test_range_calculate ... ok
test forms::calculation_system::tests::test_self_reference_detection ... ok
test forms::calculation_system::tests::test_simple_calculate ... ok
test forms::calculation_system::tests::test_simple_calculate_average ... ok
test forms::calculation_system::tests::test_simple_calculate_maximum ... ok
test forms::calculation_system::tests::test_simple_calculate_minimum ... ok
test forms::calculation_system::tests::test_simple_calculate_empty_fields ... ok
test forms::calculation_system::tests::test_simple_operation_variants ... ok
test forms::calculation_system::tests::test_special_format_variants ... ok
test forms::calculation_system::tests::test_simple_calculate_product ... ok
test forms::calculation_system::tests::test_to_pdf_dict_empty ... ok
test forms::calculation_system::tests::test_to_pdf_dict ... ok
test forms::calculation_system::tests::test_with_settings ... ok
test forms::calculations::tests::test_arithmetic_expression ... ok
test forms::calculations::tests::test_calculation_engine ... ok
test forms::calculations::tests::test_arithmetic_overflow_edge_cases ... ok
test forms::calculations::tests::test_calculation_engine_state_management ... ok
test forms::calculations::tests::test_calculation_order_dependencies ... ok
test forms::calculations::tests::test_calculation_functions ... ok
test forms::calculations::tests::test_calculation_removal ... ok
test forms::calculations::tests::test_calculation_error_boundary_conditions ... ok
test forms::calculations::tests::test_calculation_with_product_function ... ok
test forms::calculations::tests::test_circular_dependency_detection ... ok
test forms::calculations::tests::test_calculation_order_determinism ... ok
test forms::calculations::tests::test_complex_dependency_graph ... ok
test forms::calculations::tests::test_calculation_summary ... ok
test forms::calculations::tests::test_circular_reference_detection ... ok
test forms::calculations::tests::test_complex_arithmetic_expressions ... ok
test forms::calculations::tests::test_complex_financial_calculations ... ok
test forms::calculations::tests::test_comprehensive_function_combinations ... ok
test forms::calculations::tests::test_comprehensive_operator_combinations ... ok
test forms::calculations::tests::test_conditional_calculation_complexity ... ok
test forms::calculations::tests::test_deeply_nested_expressions ... ok
test forms::calculations::tests::test_count_function ... ok
test forms::calculations::tests::test_division_by_zero ... ok
test forms::calculations::tests::test_edge_cases_division_by_zero ... ok
test forms::calculations::tests::test_empty_field_references ... ok
test forms::calculations::tests::test_empty_field_calculation ... ok
test forms::calculations::tests::test_expression_parsing_comprehensive_edge_cases ... ok
test forms::calculations::tests::test_expression_parsing_errors ... ok
test forms::calculations::tests::test_constant_calculations ... ok
test forms::calculations::tests::test_error_recovery_and_handling ... ok
test encryption::standard_security::tests::test_r6_unicode_password ... ok
test forms::calculations::tests::test_field_update_recalculation ... ok
test encryption::standard_security::tests::test_r6_full_workflow_with_perms ... ok
test forms::calculations::tests::test_field_value_conversion ... ok
test forms::calculations::tests::test_field_value_conversions_extended ... ok
test forms::calculations::tests::test_field_value_conversions ... ok
test forms::calculations::tests::test_if_function ... ok
test forms::calculations::tests::test_field_value_type_edge_cases ... ok
test forms::calculations::tests::test_max_function_with_empty_fields ... ok
test forms::calculations::tests::test_floating_point_precision ... ok
test forms::calculations::tests::test_mixed_value_types ... ok
test forms::calculations::tests::test_modulo_and_power_operations ... ok
test forms::calculations::tests::test_maximum_expression_complexity ... ok
test forms::calculations::tests::test_multiple_dependencies ... ok
test forms::calculations::tests::test_non_numeric_calculation ... ok
test forms::calculations::tests::test_negative_numbers ... ok
test forms::calculations::tests::test_operator_precedence ... ok
test forms::calculations::tests::test_precision_and_rounding_scenarios ... ok
test forms::calculations::tests::test_javascript_calculation ... ok
test forms::calculations::tests::test_recalculate_all ... ok
test forms::calculations::tests::test_min_max_functions ... ok
test forms::calculations::tests::test_special_number_values ... ok
test forms::calculations::tests::test_sum_function ... ok
test forms::choice_widget::tests::test_choice_widget_builder ... ok
test forms::choice_widget::tests::test_choice_widget_creation ... ok
test forms::choice_widget::tests::test_combobox_widget_creation ... ok
test forms::choice_widget::tests::test_listbox_widget_creation ... ok
test forms::choice_widget::tests::test_escape_pdf_string ... ok
test forms::field::tests::test_all_border_styles ... ok
test forms::field::tests::test_border_style ... ok
test forms::field::tests::test_border_style_debug_clone_copy ... ok
test forms::field::tests::test_border_width_variations ... ok
test forms::field::tests::test_field_flags ... ok
test forms::field::tests::test_field_flags_debug_clone_default ... ok
test forms::field::tests::test_field_flags_all_combinations ... ok
test forms::field::tests::test_field_options_debug_clone_default ... ok
test forms::field::tests::test_field_options_default ... ok
test forms::field::tests::test_form_field_add_widget ... ok
test forms::field::tests::test_field_options_with_values ... ok
test forms::field::tests::test_form_field_creation ... ok
test forms::field::tests::test_form_field_debug_clone ... ok
test forms::field::tests::test_quadding_values ... ok
test forms::field::tests::test_widget_annotation_dict_cmyk_colors ... ok
test forms::field::tests::test_widget_annotation_dict ... ok
test forms::field::tests::test_widget_annotation_dict_gray_colors ... ok
test forms::calculations::tests::test_large_calculation_chain ... ok
test forms::field::tests::test_widget_appearance_debug_clone ... ok
test forms::field::tests::test_widget_annotation_dict_no_colors ... ok
test forms::field::tests::test_widget_annotation_dict_rgb_colors ... ok
test forms::field::tests::test_widget_appearance_default ... ok
test forms::field::tests::test_widget_debug_clone ... ok
test forms::field::tests::test_widget_rect_boundary_values ... ok
test forms::field_actions::tests::test_action_event_types ... ok
test forms::field_actions::tests::test_action_result ... ok
test forms::field_actions::tests::test_action_settings ... ok
test forms::field_actions::tests::test_clear_event_history ... ok
test forms::field_actions::tests::test_custom_action ... ok
test forms::field_actions::tests::test_event_history ... ok
test forms::calculations::tests::test_real_world_business_scenarios ... ok
test forms::field::tests::test_widget_with_parent ... ok
test forms::field_actions::tests::test_field_action_system_settings ... ok
test forms::field_actions::tests::test_focus_blur_events ... ok
test forms::field_actions::tests::test_field_switching ... ok
test forms::field_actions::tests::test_format_action_types ... ok
test forms::field_actions::tests::test_mouse_actions ... ok
test forms::field_actions::tests::test_import_data_action ... ok
test forms::field_actions::tests::test_play_sound_action ... ok
test forms::field_actions::tests::test_reset_form_action ... ok
test forms::field_actions::tests::test_submit_form_action ... ok
test forms::field_actions::tests::test_show_hide_action ... ok
test forms::field_actions::tests::test_special_format_types ... ok
test forms::field_actions::tests::test_validate_action ... ok
test forms::field::tests::test_widget_creation ... ok
test forms::field_actions::tests::test_validate_action_types ... ok
test forms::field_type::tests::test_checkbox_states ... ok
test forms::field_type::tests::test_checkbox ... ok
test forms::field_type::tests::test_combo_box ... ok
test forms::field_type::tests::test_combo_box_non_editable ... ok
test forms::field_type::tests::test_field_type ... ok
test forms::field_type::tests::test_field_type_clone ... ok
test forms::field_type::tests::test_combo_box_editable ... ok
test forms::field_type::tests::test_field_cloning ... ok
test forms::field_type::tests::test_field_type_debug ... ok
test forms::field_type::tests::test_list_box_empty ... ok
test forms::field_type::tests::test_form_field_common_properties ... ok
test forms::field_type::tests::test_list_box ... ok
test forms::field_type::tests::test_list_box_single_select ... ok
test forms::field_type::tests::test_push_button ... ok
test forms::field_type::tests::test_list_box_multi_select ... ok
test forms::field_actions::tests::test_field_value_action ... ok
test forms::field_type::tests::test_radio_button_groups ... ok
test forms::field_type::tests::test_push_button_with_action ... ok
test forms::field_type::tests::test_text_field_advanced ... ok
test forms::field_type::tests::test_radio_button ... ok
test forms::field_type::tests::test_text_field_minimal ... ok
test forms::form_data::tests::test_acro_form_calculation_order ... ok
test forms::form_data::tests::iter_fields_sorted_is_non_fallible_and_ordered ... ok
test forms::form_data::tests::test_acro_form ... ok
test forms::form_data::tests::test_acro_form_comprehensive ... ok
test forms::form_data::tests::test_acro_form_debug_clone ... ok
test forms::form_data::tests::test_acro_form_default ... ok
test forms::form_data::tests::test_acro_form_without_optional_fields ... ok
test forms::form_data::tests::test_form_data ... ok
test forms::form_data::tests::test_form_data_comprehensive ... ok
test forms::field_type::tests::test_radio_button_no_selection ... ok
test forms::form_data::tests::test_form_data_default_debug_clone ... ok
test forms::form_data::tests::test_form_manager_checkbox ... ok
test forms::form_data::tests::test_form_data_edge_cases ... ok
test forms::form_data::tests::test_form_manager_appearance_resources ... ok
test forms::form_data::tests::test_form_manager_comprehensive ... ok
test forms::form_data::tests::test_form_manager_debug_default ... ok
test forms::form_data::tests::test_form_manager_error_scenarios ... ok
test forms::field_type::tests::test_text_field ... ok
test forms::form_data::tests::test_form_manager_multiple_fields ... ok
test forms::form_data::tests::test_form_manager_list_box ... ok
test forms::form_data::tests::test_form_manager_mixed_field_types ... ok
test forms::form_data::tests::test_form_manager_push_button ... ok
test forms::form_data::tests::test_form_manager_with_field_options ... ok
test forms::form_data::tests::test_form_manager_radio_buttons ... ok
test forms::form_data::tests::test_form_manager_text_field ... ok
test forms::javascript_engine::tests::test_comparison_with_equals_vs_assignment ... ok
test forms::javascript_engine::tests::test_complex_nested_expressions ... ok
test forms::javascript_engine::tests::test_decimal_numbers ... ok
test forms::javascript_engine::tests::test_division_by_zero ... ok
test forms::javascript_engine::tests::test_error_handling_invalid_syntax ... ok
test forms::javascript_engine::tests::test_field_getter_integration ... ok
test forms::javascript_engine::tests::test_line_comments ... ok
test forms::javascript_engine::tests::test_logical_operators ... ok
test forms::javascript_engine::tests::test_math_functions ... ok
test forms::javascript_engine::tests::test_logical_operators_chaining ... ok
test forms::form_data::tests::test_form_manager_combo_box ... ok
test forms::javascript_engine::tests::test_math_functions_with_empty_args ... ok
test forms::javascript_engine::tests::test_simple_arithmetic ... ok
test forms::javascript_engine::tests::test_this_field_access ... ok
test forms::javascript_engine::tests::test_math_min_max_with_single_value ... ok
test forms::javascript_engine::tests::test_parentheses ... ok
test forms::javascript_engine::tests::test_comparison ... ok
test forms::javascript_engine::tests::test_unary_minus_operator ... ok
test forms::javascript_engine::tests::test_unary_not_operator ... ok
test forms::signature_field::tests::test_lock_fields ... ok
test forms::signature_field::tests::test_required_field ... ok
test forms::signature_field::tests::test_sign_field ... ok
test forms::javascript_engine::tests::test_whitespace_handling ... ok
test forms::signature_field::tests::test_signature_appearance ... ok
test forms::javascript_engine::tests::test_unknown_function ... ok
test forms::signature_handler::tests::test_add_signature_field ... ok
test forms::javascript_engine::tests::test_variables ... ok
test forms::signature_field::tests::test_signature_field_creation ... ok
test forms::calculations::tests::test_calculation_engine_memory_and_cleanup ... ok
test forms::signature_handler::tests::test_signing_order ... ok
test forms::signature_handler::tests::test_signature_handler_creation ... ok
test forms::signature_handler::tests::test_sign_field ... ok
test forms::signature_field::tests::test_signer_info ... ok
test forms::signature_widget::tests::test_color_to_array ... ok
test forms::signature_widget::tests::test_empty_text_signature ... ok
test forms::signature_widget::tests::test_full_text_signature ... ok
test forms::signature_handler::tests::test_summary ... ok
test forms::signature_handler::tests::test_validation ... ok
test forms::signature_widget::tests::test_ink_stroke_with_pressure ... ok
test forms::signature_widget::tests::test_mixed_signature_visual_type ... ok
test forms::signature_widget::tests::test_multiple_ink_strokes ... ok
test forms::signature_widget::tests::test_set_fill_color ... ok
test forms::signature_widget::tests::test_set_stroke_color ... ok
test forms::signature_widget::tests::test_signature_widget_creation ... ok
test forms::signature_widget::tests::test_graphic_signature_visual_type ... ok
test forms::signature_widget::tests::test_signature_widget_with_field_ref ... ok
test forms::signature_widget::tests::test_image_format_variants ... ok
test forms::signature_widget::tests::test_signature_widget_with_handler ... ok
test forms::signature_widget::tests::test_text_position_variants ... ok
test forms::signature_widget::tests::test_widget_with_border_styles ... ok
test forms::signature_widget::tests::test_text_appearance_generation ... ok
test forms::validation::tests::test_batch_validation ... ok
test forms::signature_widget::tests::test_widget_dict_generation ... ok
test forms::validation::tests::test_cache_invalidation_scenarios ... ok
test forms::validation::tests::test_clear_validation_errors ... ok
test forms::signature_widget::tests::test_ink_signature_appearance ... ok
test forms::validation::tests::test_buffer_overflow_protection ... ok
test forms::validation::tests::test_concurrent_validation_safety ... ok
test forms::calculations::tests::test_extreme_calculation_chains ... ok
test forms::validation::tests::test_conditional_required_fields ... ok
test forms::validation::tests::test_conditional_required_field ... ok
test forms::validation::tests::test_currency_format_mask ... ok
test forms::validation::tests::test_credit_card_validation_edge_cases ... ok
test forms::validation::tests::test_custom_mask ... ok
test forms::validation::tests::test_credit_card_format ... ok
test forms::validation::tests::test_custom_mask_edge_cases ... ok
test forms::validation::tests::test_custom_validator ... ok
test forms::validation::tests::test_custom_validator_function ... ok
test forms::validation::tests::test_date_boundary_conditions ... ok
test forms::validation::tests::test_date_format_edge_cases ... ok
test forms::validation::tests::test_date_format_mask ... ok
test forms::validation::tests::test_date_format_masks ... ok
test forms::validation::tests::test_date_validation ... ok
test forms::validation::tests::test_empty_and_null_value_handling ... ok
test forms::validation::tests::test_field_dependency_chain ... ok
test forms::validation::tests::test_credit_card_validation ... ok
test forms::validation::tests::test_email_validation ... ok
test forms::validation::tests::test_field_group_validation ... ok
test forms::validation::tests::test_cache_memory_management ... ok
test forms::validation::tests::test_complex_pattern_validation ... ok
test forms::validation::tests::test_length_validation ... ok
test forms::validation::tests::test_malformed_date_handling ... ok
test forms::validation::tests::test_format_mask_edge_cases ... ok
test forms::validation::tests::test_malformed_time_handling ... ok
test forms::validation::tests::test_malicious_regex_patterns ... ok
test forms::validation::tests::test_number_format_mask ... ok
test forms::validation::tests::test_numeric_boundary_conditions ... ok
test forms::validation::tests::test_field_validator_with_multiple_rules ... ok
test forms::validation::tests::test_format_mask_number_with_all_options ... ok
test forms::validation::tests::test_percentage_format ... ok
test forms::validation::tests::test_pattern_validation ... ok
test forms::validation::tests::test_multiple_validation_rules ... ok
test forms::validation::tests::test_phone_format_mask_edge_cases ... ok
test forms::validation::tests::test_range_validation ... ok
test forms::validation::tests::test_phone_format_mask ... ok
test forms::validation::tests::test_regex_compilation_errors ... ok
test forms::validation::tests::test_required_field_with_group ... ok
test forms::validation::tests::test_required_field_validation ... ok
test forms::validation::tests::test_international_phone_formats ... ok
test forms::validation::tests::test_ssn_format ... ok
test forms::validation::tests::test_ssn_and_zip_format_masks ... ok
test forms::validation::tests::test_string_length_boundaries ... ok
test forms::validation::tests::test_time_format_mask ... ok
test forms::validation::tests::test_time_format_masks ... ok
test forms::validation::tests::test_path_traversal_prevention ... ok
test forms::validation::tests::test_time_boundary_conditions ... ok
test forms::validation::tests::test_time_validation ... ok
test forms::validation::tests::test_time_validation_with_range ... ok
test forms::validation::tests::test_unicode_length_calculation ... ok
test forms::validation::tests::test_phone_number_uk ... ok
test forms::validation::tests::test_unicode_text_validation ... ok
test forms::validation::tests::test_unicode_normalization ... ok
test forms::validation::tests::test_validate_all_fields ... ok
test forms::validation::tests::test_validation_cache ... ok
test forms::validation::tests::test_validation_cache_advanced ... ok
test forms::validation::tests::test_validation_error_types ... ok
test forms::validation::tests::test_validation_result_display ... ok
test forms::validation::tests::test_validation_settings ... ok
test forms::validation::tests::test_validation_settings_advanced ... ok
test forms::validation::tests::test_validation_with_different_field_types ... ok
test forms::validation::tests::test_phone_validation_all_countries ... ok
test forms::validation::tests::test_zip_format_with_plus_four ... ok
test forms::working_field::tests::test_all_fields_have_required_properties ... ok
test forms::working_field::tests::test_create_checkbox_dict_checked ... ok
test forms::working_field::tests::test_create_checkbox_dict_unchecked ... ok
test forms::working_field::tests::test_create_combo_box_dict_basic ... ok
test forms::working_field::tests::test_create_combo_box_dict_same_export_display ... ok
test forms::validation::tests::test_unicode_email_validation ... ok
test forms::working_field::tests::test_create_combo_box_dict_with_default ... ok
test forms::working_field::tests::test_create_list_box_dict_multi_select ... ok
test forms::working_field::tests::test_create_list_box_dict_no_selection ... ok
test forms::working_field::tests::test_create_list_box_dict_single_select ... ok
test forms::working_field::tests::test_create_push_button_dict ... ok
test forms::working_field::tests::test_create_radio_button_dict_checked ... ok
test forms::validation::tests::test_url_validation ... ok
test forms::working_field::tests::test_create_radio_button_dict_unchecked ... ok
test forms::working_field::tests::test_create_text_field_dict_appearance_characteristics ... ok
test forms::working_field::tests::test_create_text_field_dict_with_value ... ok
test forms::working_field::tests::test_create_text_field_dict_basic ... ok
test geometry::tests::test_floating_point_precision ... ok
test forms::working_field::tests::test_field_name_preservation ... ok
test forms::working_field::tests::test_rectangle_coordinates ... ok
test geometry::tests::test_point ... ok
test geometry::tests::test_point_copy_clone_debug ... ok
test geometry::tests::test_geometric_calculations ... ok
test geometry::tests::test_point_origin_function ... ok
test geometry::tests::test_point_distance_concepts ... ok
test geometry::tests::test_point_partial_eq ... ok
test geometry::tests::test_point_edge_cases ... ok
test geometry::tests::test_point_with_mathematical_constants ... ok
test geometry::tests::test_rectangle_center_precision ... ok
test geometry::tests::test_rectangle_construction_methods ... ok
test geometry::tests::test_rectangle ... ok
test geometry::tests::test_rectangle_area_and_perimeter_concepts ... ok
test geometry::tests::test_rectangle_copy_clone_debug_partial_eq ... ok
test geometry::tests::test_rectangle_contains_concepts ... ok
test geometry::tests::test_rectangle_from_position_and_size ... ok
test geometry::tests::test_rectangle_edge_cases ... ok
test geometry::tests::test_rectangle_intersection_concepts ... ok
test geometry::tests::test_rectangle_extreme_coordinates ... ok
test geometry::tests::test_rectangle_negative_dimensions ... ok
test geometry::tests::test_rectangle_with_special_float_values ... ok
test graphics::calibrated_color::tests::test_cal_gray_custom ... ok
test graphics::calibrated_color::tests::test_cal_gray_default ... ok
test graphics::calibrated_color::tests::test_cal_gray_to_pdf ... ok
test graphics::calibrated_color::tests::test_cal_rgb_default ... ok
test graphics::calibrated_color::tests::test_calibrated_color ... ok
test graphics::calibrated_color::tests::test_gamma_correction ... ok
test graphics::calibrated_color::tests::test_cal_rgb_srgb ... ok
test graphics::calibrated_color::tests::test_cal_rgb_to_pdf ... ok
test graphics::calibrated_color::tests::test_rgb_gamma_correction ... ok
test graphics::clipping::tests::test_circle_clipping_path ... ok
test graphics::clipping::tests::test_clear_path ... ok
test graphics::clipping::tests::test_clipping_path_creation ... ok
test graphics::calibrated_color::tests::test_xyz_transform ... ok
test graphics::clipping::tests::test_clipping_region_pdf_operations ... ok
test graphics::clipping::tests::test_clipping_region_clear ... ok
test graphics::clipping::tests::test_clipping_region_creation ... ok
test graphics::clipping::tests::test_clipping_region_save_restore ... ok
test graphics::clipping::tests::test_clipping_region_set_clip ... ok
test graphics::clipping::tests::test_curve_to ... ok
test graphics::clipping::tests::test_ellipse_clipping_path ... ok
test graphics::clipping::tests::test_intersect_paths ... ok
test graphics::clipping::tests::test_complex_clipping_path ... ok
test forms::validation::tests::test_unicode_pattern_matching ... ok
test graphics::clipping::tests::test_path_construction ... ok
test graphics::clipping::tests::test_pdf_operations_evenodd ... ok
test graphics::clipping::tests::test_rect_clipping_path ... ok
test graphics::clipping::tests::test_rounded_rect ... ok
test graphics::clipping::tests::test_text_clip ... ok
test graphics::clipping::tests::test_winding_rule ... ok
test graphics::color::tests::fill_and_stroke_operators_differ_only_in_case ... ok
test graphics::color::tests::finite_or_zero_passes_finite_values_unchanged ... ok
test graphics::color::tests::finite_or_zero_replaces_nan_with_zero ... ok
test forms::validation::tests::test_xss_prevention_patterns ... ok
test graphics::color::tests::finite_or_zero_replaces_neg_inf_with_zero ... ok
test graphics::color::tests::test_cmyk_all_components ... ok
test graphics::color::tests::test_cmyk_b_component ... ok
test graphics::color::tests::finite_or_zero_replaces_pos_inf_with_zero ... ok
test graphics::color::tests::test_cmyk_color_creation ... ok
test graphics::color::tests::test_cmyk_components_all_branches ... ok
test graphics::color::tests::test_cmyk_g_component ... ok
test graphics::clipping::tests::test_polygon ... ok
test graphics::clipping::tests::test_pdf_operations_nonzero ... ok
test graphics::color::tests::test_cmyk_color_clamping ... ok
test graphics::color::tests::test_cmyk_components_extraction ... ok
test graphics::color::tests::test_cmyk_r_component ... ok
test graphics::color::tests::test_cmyk_to_rgb_conversion ... ok
test graphics::color::tests::test_color_clone ... ok
test graphics::color::tests::test_color_conversions_preserve_match_branches ... ok
test graphics::color::tests::test_color_equality ... ok
test graphics::color::tests::test_color_different_types_inequality ... ok
test graphics::color::tests::test_color_debug ... ok
test graphics::color::tests::test_color_space_detection ... ok
test graphics::color::tests::test_color_space_names ... ok
test graphics::color::tests::test_edge_case_values ... ok
test graphics::color::tests::test_floating_point_precision ... ok
test graphics::color::tests::test_gray_color_clamping ... ok
test graphics::color::tests::test_gray_r_g_b_components ... ok
test graphics::color::tests::test_gray_color_creation ... ok
test graphics::color::tests::test_grayscale_to_cmyk_conversion ... ok
test graphics::color::tests::test_hex_color_invalid_length ... ok
test graphics::color::tests::test_hex_color_valid ... ok
test graphics::color::tests::test_predefined_colors ... ok
test graphics::color::tests::test_hex_color_without_hash ... ok
test graphics::color::tests::test_pattern_matching ... ok
test graphics::color::tests::test_rgb_black_to_cmyk ... ok
test graphics::color::tests::test_rgb_color_clamping ... ok
test graphics::color::tests::test_rgb_clamping_infinity ... ok
test graphics::color::tests::test_rgb_color_creation ... ok
test graphics::color::tests::test_rgb_to_cmyk_conversion ... ok
test graphics::color::tests::test_cmyk_pure_colors ... ok
test graphics::color::tests::test_color_copy ... ok
test graphics::color::tests::test_to_cmyk_when_already_cmyk ... ok
test graphics::color::tests::test_to_pdf_array_gray ... ok
test graphics::color::tests::test_to_rgb_gray_conversion ... ok
test graphics::color::tests::test_roundtrip_conversions ... ok
test graphics::color::tests::test_to_pdf_array_cmyk ... ok
test graphics::color::tests::write_fill_color_appends_to_existing_ops_buffer ... ok
test graphics::color::tests::write_fill_color_rgb_emits_lowercase_rg_with_three_decimals ... ok
test graphics::color::tests::write_fill_color_cmyk_emits_lowercase_k ... ok
test graphics::color::tests::write_fill_color_gray_emits_lowercase_g ... ok
test graphics::color::tests::write_fill_color_sanitises_nan_red_only ... ok
test graphics::color::tests::write_fill_color_sanitises_pos_inf ... ok
test graphics::color::tests::write_fill_color_sanitises_neg_inf ... ok
test graphics::color::tests::write_stroke_color_cmyk_emits_uppercase_k ... ok
test graphics::color::tests::write_stroke_color_gray_emits_uppercase_g ... ok
test graphics::color::tests::write_stroke_color_rgb_emits_uppercase_rg ... ok
test graphics::color_profiles::tests::test_icc_color_space_component_count ... ok
test graphics::color_profiles::tests::test_icc_color_space_default_range ... ok
test graphics::color_profiles::tests::test_icc_color_space_pdf_names ... ok
test graphics::color::tests::write_stroke_color_sanitises_nan_in_cmyk ... ok
test graphics::color_profiles::tests::test_icc_profile_color_space_checks ... ok
test graphics::color_profiles::tests::test_icc_profile_creation ... ok
test graphics::color_profiles::tests::test_icc_profile_from_standard ... ok
test graphics::color_profiles::tests::test_icc_profile_manager_add_profile ... ok
test graphics::color_profiles::tests::test_icc_profile_manager_add_standard ... ok
test graphics::color_profiles::tests::test_icc_profile_manager_clear ... ok
test graphics::color_profiles::tests::test_icc_profile_manager_creation ... ok
test graphics::color_profiles::tests::test_icc_profile_manager_auto_naming ... ok
test graphics::color_profiles::tests::test_icc_profile_manager_defaults ... ok
test graphics::color_profiles::tests::test_icc_profile_manager_get_by_type ... ok
test graphics::color_profiles::tests::test_icc_profile_to_pdf_color_space_array ... ok
test graphics::color_profiles::tests::test_icc_profile_validation_empty_data ... ok
test graphics::color_profiles::tests::test_icc_profile_validation_invalid_range ... ok
test graphics::color_profiles::tests::test_icc_profile_validation_too_small ... ok
test graphics::color_profiles::tests::test_icc_profile_validation_valid ... ok
test graphics::color_profiles::tests::test_icc_profile_with_metadata ... ok
test graphics::color_profiles::tests::test_icc_profile_with_range ... ok
test graphics::color_profiles::tests::test_standard_icc_profile_minimal_data ... ok
test graphics::color_profiles::tests::test_standard_icc_profile_properties ... ok
test graphics::devicen_color::tests::test_alternate_color_space_variants ... ok
test graphics::devicen_color::tests::test_cmyk_plus_spots ... ok
test graphics::devicen_color::tests::test_colorant_count ... ok
test graphics::devicen_color::tests::test_colorant_definition_process ... ok
test graphics::devicen_color::tests::test_colorant_definition_special_effect ... ok
test graphics::devicen_color::tests::test_colorant_definition_spot ... ok
test graphics::devicen_color::tests::test_colorant_type_variants ... ok
test graphics::color::tests::test_to_pdf_array_rgb ... ok
test graphics::devicen_color::tests::test_convert_clamping ... ok
test graphics::devicen_color::tests::test_convert_to_alternate_cmyk ... ok
test graphics::devicen_color::tests::test_convert_to_alternate_rgb ... ok
test graphics::devicen_color::tests::test_convert_to_alternate_wrong_count ... ok
test graphics::devicen_color::tests::test_devicen_new ... ok
test graphics::devicen_color::tests::test_extract_sample_value_16bit ... ok
test graphics::devicen_color::tests::test_extract_sample_value_8bit ... ok
test graphics::devicen_color::tests::test_has_process_colors ... ok
test graphics::devicen_color::tests::test_linear_approximation_cie ... ok
test graphics::devicen_color::tests::test_linear_approximation_gray ... ok
test graphics::devicen_color::tests::test_linear_approximation_rgb ... ok
test graphics::devicen_color::tests::test_sampled_function_struct ... ok
test graphics::color_profiles::tests::test_icc_profile_manager_remove ... ok
test graphics::devicen_color::tests::test_spot_color_names ... ok
test graphics::devicen_color::tests::test_to_pdf_object ... ok
test graphics::devicen_color::tests::test_with_attributes ... ok
test graphics::extraction::tests::test_close_path_creates_closing_line ... ok
test graphics::extraction::tests::test_close_path_no_duplicate_if_already_closed ... ok
test graphics::extraction::tests::test_ctm_transform_point_combined ... ok
test graphics::extraction::tests::test_ctm_transform_point_identity ... ok
test graphics::extraction::tests::test_ctm_transform_point_scale ... ok
test graphics::extraction::tests::test_ctm_transform_point_translation ... ok
test graphics::extraction::tests::test_extracted_graphics_add_line ... ok
test graphics::extraction::tests::test_extracted_graphics_iterators ... ok
test graphics::extraction::tests::test_extraction_config_default ... ok
test graphics::extraction::tests::test_graphics_state_nested_save_restore ... ok
test graphics::extraction::tests::test_graphics_state_save_restore ... ok
test forms::validation::tests::test_sql_injection_patterns ... ok
test graphics::extraction::tests::test_line_length ... ok
test graphics::extraction::tests::test_has_table_structure ... ok
test graphics::devicen_color::tests::test_devicen_attributes ... ok
test graphics::color::tests::test_to_rgb_when_already_rgb ... ok
test graphics::extraction::tests::test_line_orientation_diagonal ... ok
test graphics::devicen_color::tests::test_linear_transform_struct ... ok
test graphics::extraction::tests::test_line_orientation_horizontal ... ok
test graphics::extraction::tests::test_line_orientation_tolerance ... ok
test graphics::extraction::tests::test_line_midpoint ... ok
test graphics::form_xobject::tests::test_form_templates_checkmark ... ok
test graphics::extraction::tests::test_line_orientation_vertical ... ok
test graphics::form_xobject::tests::test_form_templates_cross ... ok
test graphics::form_xobject::tests::test_form_templates_circle ... ok
test graphics::form_xobject::tests::test_form_builder_basic ... ok
test graphics::form_xobject::tests::test_form_templates_star ... ok
test graphics::form_xobject::tests::test_form_builder_complex ... ok
test graphics::form_xobject::tests::test_form_xobject_creation ... ok
test graphics::form_xobject::tests::test_form_xobject_manager ... ok
test graphics::form_xobject::tests::test_form_xobject_manager_operations ... ok
test graphics::form_xobject::tests::test_form_xobject_with_matrix ... ok
test graphics::form_xobject::tests::test_transparency_group ... ok
test graphics::indexed_color::tests::test_base_color_space_components ... ok
test graphics::form_xobject::tests::test_form_xobject_from_graphics_ops ... ok
test graphics::indexed_color::tests::test_cmyk_indexed_space ... ok
test graphics::form_xobject::tests::test_form_xobject_to_stream ... ok
test graphics::indexed_color::tests::test_color_lookup_table_creation ... ok
test graphics::indexed_color::tests::test_color_lookup_table_from_colors ... ok
test graphics::indexed_color::tests::test_grayscale_palette ... ok
test graphics::indexed_color::tests::test_indexed_color_manager ... ok
test graphics::indexed_color::tests::test_indexed_color_space_get_color ... ok
test graphics::indexed_color::tests::test_find_closest_index ... ok
test graphics::indexed_color::tests::test_invalid_lookup_table ... ok
test graphics::indexed_color::tests::test_indexed_color_space_creation ... ok
test graphics::indexed_color::tests::test_web_safe_palette ... ok
test graphics::lab_color::tests::test_common_colors ... ok
test graphics::lab_color::tests::test_color_values_normalization ... ok
test graphics::indexed_color::tests::test_manager_standard_palettes ... ok
test graphics::indexed_color::tests::test_too_many_colors ... ok
test graphics::lab_color::tests::test_d65_illuminant ... ok
test graphics::lab_color::tests::test_delta_e ... ok
test graphics::lab_color::tests::test_lab_color_clamping ... ok
test graphics::indexed_color::tests::test_mismatched_color_types ... ok
test graphics::lab_color::tests::test_lab_custom ... ok
test graphics::lab_color::tests::test_lab_default ... ok
test graphics::lab_color::tests::test_lab_to_pdf ... ok
test graphics::lab_color::tests::test_lab_to_rgb_approximation ... ok
test graphics::lab_color::tests::test_rgb_to_lab_conversion ... ok
test graphics::lab_color::tests::test_lab_color_creation ... ok
test graphics::lab_color::tests::test_xyz_to_lab_conversion ... ok
test graphics::lab_color::tests::test_lab_to_xyz_conversion ... ok
test graphics::ops::tests::cm_translate_with_neg_inf_clamps_to_zero ... ok
test graphics::ops::tests::clip_end_path_emits_w_then_n ... ok
test graphics::ops::tests::comment_emits_percent_prefix ... ok
test graphics::ops::tests::move_to_with_nan_components_sanitises_to_zero ... ok
test graphics::ops::tests::paint_shading_emits_name_sh ... ok
test graphics::ops::tests::fill_color_components_pad_with_trailing_space_before_sc ... ok
test graphics::ops::tests::rect_fill_roundtrip_emits_re_f ... ok
test graphics::ops::tests::show_text_array_interleaves_glyphs_and_adjustments_as_tj ... ok
test graphics::ops::tests::show_text_array_single_glyph_run_has_no_adjustment ... ok
test graphics::ops::tests::show_text_hex_wraps_with_angle_brackets_and_tj ... ok
test graphics::ops::tests::show_text_wraps_with_parens_and_tj ... ok
test graphics::page_color_space::tests::device_alias_to_object_is_name ... ok
test graphics::ops::tests::td_with_nan_clamps_to_zero ... ok
test graphics::ops::tests::line_width_with_nan_clamps_to_zero ... ok
test graphics::ops::tests::raw_op_passes_bytes_through_unchanged ... ok
test graphics::page_color_space::tests::parameterised_pdf_name_covers_all_variants ... ok
test graphics::page_color_space::tests::parameterised_to_object_is_two_element_array ... ok
test graphics::path::tests::test_line_cap_clone ... ok
test graphics::path::tests::test_line_cap_debug ... ok
test graphics::path::tests::test_line_cap_equality ... ok
test graphics::path::tests::test_line_cap_values ... ok
test graphics::page_color_space::tests::device_pdf_name_covers_all_variants ... ok
test graphics::ops::tests::show_text_array_sanitises_non_finite_adjustment_to_zero ... ok
test graphics::path::tests::test_line_cap_copy ... ok
test graphics::path::tests::test_line_join_clone ... ok
test graphics::path::tests::test_line_join_copy ... ok
test graphics::path::tests::test_line_join_debug ... ok
test graphics::path::tests::test_line_join_equality ... ok
test graphics::path::tests::test_line_join_values ... ok
test graphics::path::tests::test_path_builder_bezier_curve ... ok
test graphics::path::tests::test_path_builder_close ... ok
test graphics::path::tests::test_path_builder_complex_path ... ok
test graphics::path::tests::test_path_builder_curve_to ... ok
test graphics::path::tests::test_path_builder_default ... ok
test graphics::path::tests::test_path_builder_empty_path ... ok
test graphics::path::tests::test_path_builder_large_values ... ok
test graphics::path::tests::test_path_builder_line_to ... ok
test graphics::path::tests::test_path_builder_move_to ... ok
test graphics::path::tests::test_path_builder_negative_coordinates ... ok
test graphics::path::tests::test_path_builder_new ... ok
test graphics::path::tests::test_path_builder_single_command ... ok
test graphics::path::tests::test_path_builder_zero_values ... ok
test graphics::path::tests::test_path_command_clone ... ok
test graphics::path::tests::test_path_command_debug ... ok
test graphics::patterns::tests::test_checkerboard_pattern_content ... ok
test graphics::patterns::tests::test_dots_pattern_content ... ok
test graphics::patterns::tests::test_paint_type_values ... ok
test graphics::patterns::tests::test_pattern_graphics_context_extension ... ok
test graphics::patterns::tests::test_pattern_manager ... ok
test graphics::patterns::tests::test_pattern_manager_auto_naming ... ok
test graphics::patterns::tests::test_pattern_manager_add_pattern ... ok
test graphics::patterns::tests::test_pattern_manager_clear ... ok
test graphics::patterns::tests::test_pattern_manager_creation ... ok
test graphics::patterns::tests::test_pattern_manager_default ... ok
test graphics::patterns::tests::test_pattern_manager_get_nonexistent ... ok
test graphics::patterns::tests::test_pattern_manager_dots ... ok
test graphics::patterns::tests::test_circle_approximation ... ok
test graphics::patterns::tests::test_pattern_manager_remove_pattern ... ok
test graphics::patterns::tests::test_paint_type ... ok
test graphics::patterns::tests::test_pattern_manager_stripes ... ok
test graphics::patterns::tests::test_pattern_manager_to_resource_dictionary ... ok
test graphics::patterns::tests::test_pattern_matrix_debug_clone_eq ... ok
test graphics::patterns::tests::test_pattern_matrix_identity ... ok
test graphics::patterns::tests::test_pattern_matrix_multiply ... ok
test graphics::patterns::tests::test_pattern_matrix_rotation ... ok
test graphics::patterns::tests::test_pattern_matrix_scale ... ok
test graphics::patterns::tests::test_pattern_matrix_translation ... ok
test graphics::patterns::tests::test_pattern_type ... ok
test graphics::patterns::tests::test_pattern_pdf_dictionary_generation ... ok
test graphics::patterns::tests::test_pattern_type_values ... ok
test graphics::patterns::tests::test_pattern_validation_empty_content ... ok
test graphics::patterns::tests::test_pattern_validation_invalid_bbox ... ok
test graphics::patterns::tests::test_pattern_validation_invalid_steps ... ok
test graphics::patterns::tests::test_pattern_validation_negative_step ... ok
test graphics::patterns::tests::test_pattern_validation_valid ... ok
test graphics::patterns::tests::test_stripe_pattern_zero_angle ... ok
test graphics::patterns::tests::test_tiling_pattern_add_command ... ok
test graphics::patterns::tests::test_pattern_matrix_complex_multiply ... ok
test graphics::patterns::tests::test_pattern_type_debug_clone_eq ... ok
test graphics::patterns::tests::test_tiling_pattern_circle ... ok
test graphics::patterns::tests::test_tiling_pattern_content_operations ... ok
test graphics::patterns::tests::test_tiling_pattern_debug_clone ... ok
test graphics::patterns::tests::test_tiling_pattern_stroke ... ok
test graphics::patterns::tests::test_tiling_pattern_with_matrix ... ok
test graphics::patterns::tests::test_tiling_pattern_with_resources ... ok
test graphics::patterns::tests::test_tiling_type ... ok
test graphics::patterns::tests::test_tiling_pattern_creation ... ok
test graphics::patterns::tests::test_tiling_pattern_uncolored ... ok
test graphics::patterns::tests::test_tiling_type_values ... ok
test graphics::pdf_image::tests::comprehensive_tests::test_color_space_clone_copy ... ok
test graphics::pdf_image::tests::comprehensive_tests::test_color_space_variants ... ok
test graphics::patterns::tests::test_pattern_manager_checkerboard ... ok
test graphics::pdf_image::tests::comprehensive_tests::test_complete_workflow ... ok
test graphics::pdf_image::tests::comprehensive_tests::test_different_bit_depths ... ok
test graphics::pdf_image::tests::comprehensive_tests::test_error_jpeg_unsupported_components ... ok
test graphics::pdf_image::tests::comprehensive_tests::test_error_invalid_tiff ... ok
test graphics::pdf_image::tests::comprehensive_tests::test_error_invalid_jpeg ... ok
test graphics::pdf_image::tests::comprehensive_tests::test_error_invalid_png ... ok
test graphics::pdf_image::tests::comprehensive_tests::test_error_nonexistent_file ... ok
test graphics::pdf_image::tests::comprehensive_tests::test_error_png_unsupported_color_type ... ok
test graphics::pdf_image::tests::comprehensive_tests::test_error_truncated_jpeg ... ok
test graphics::pdf_image::tests::comprehensive_tests::test_error_truncated_png ... ok
test graphics::pdf_image::tests::comprehensive_tests::test_color_space_debug ... ok
test graphics::pdf_image::tests::comprehensive_tests::test_image_clone ... ok
test graphics::pdf_image::tests::comprehensive_tests::test_image_debug ... ok
test graphics::pdf_image::tests::comprehensive_tests::test_image_format_clone_copy ... ok
test graphics::pdf_image::tests::comprehensive_tests::test_image_format_debug ... ok
test graphics::pdf_image::tests::comprehensive_tests::test_error_truncated_tiff ... ok
test graphics::pdf_image::tests::comprehensive_tests::test_image_format_variants ... ok
test graphics::pdf_image::tests::comprehensive_tests::test_image_from_file_no_extension ... ok
test graphics::pdf_image::tests::comprehensive_tests::test_image_from_file_jpeg ... ok
test graphics::pdf_image::tests::comprehensive_tests::test_image_from_file_unsupported_extension ... ok
test graphics::pdf_image::tests::comprehensive_tests::test_image_from_jpeg_data ... ok
test graphics::pdf_image::tests::comprehensive_tests::test_image_from_file_uppercase_extension ... ok
test graphics::pdf_image::tests::comprehensive_tests::test_image_from_tiff_data ... ok
test graphics::pdf_image::tests::comprehensive_tests::test_image_from_png_data ... ok
test graphics::pdf_image::tests::comprehensive_tests::test_image_from_tiff_file ... ok
test graphics::pdf_image::tests::comprehensive_tests::test_image_to_pdf_object_jpeg ... ok
test graphics::pdf_image::tests::comprehensive_tests::test_image_from_png_file ... ok
test graphics::pdf_image::tests::comprehensive_tests::test_jpeg_cmyk_image ... ok
test graphics::pdf_image::tests::comprehensive_tests::test_jpeg_no_dimensions ... ok
test graphics::pdf_image::tests::comprehensive_tests::test_jpeg_grayscale_image ... ok
test graphics::pdf_image::tests::comprehensive_tests::test_image_to_pdf_object_png ... ok
test graphics::pdf_image::tests::comprehensive_tests::test_image_to_pdf_object_tiff ... ok
test graphics::pdf_image::tests::comprehensive_tests::test_memory_efficiency ... ok
test graphics::pdf_image::tests::comprehensive_tests::test_png_palette_image_incomplete ... ok
test graphics::pdf_image::tests::comprehensive_tests::test_performance_large_image_data ... ok
test graphics::pdf_image::tests::comprehensive_tests::test_image_from_jpeg_file ... ok
test graphics::pdf_image::tests::comprehensive_tests::test_png_grayscale_image ... ok
test graphics::pdf_image::tests::comprehensive_tests::test_png_no_ihdr ... ok
test graphics::pdf_image::tests::comprehensive_tests::test_png_pdf_stream_pixel_values_correct ... ok
test graphics::pdf_image::tests::comprehensive_tests::test_tiff_big_endian ... ok
test graphics::pdf_image::tests::comprehensive_tests::test_tiff_no_dimensions ... ok
test graphics::pdf_image::tests::test_invalid_jpeg ... ok
test graphics::pdf_image::tests::test_invalid_tiff ... ok
test graphics::pdf_image::tests::comprehensive_tests::test_tiff_cmyk_image ... ok
test graphics::pdf_image::tests::test_image_format_enum ... ok
test graphics::pdf_image::tests::test_parse_png_header ... ok
test graphics::pdf_image::tests::test_invalid_png ... ok
test graphics::pdf_image::tests::test_parse_tiff_header_big_endian ... ok
test graphics::pdf_image::tests::test_parse_tiff_header_little_endian ... ok
test graphics::pdf_image::tests::comprehensive_tests::test_png_to_pdf_object_stream_not_png_container ... ok
test graphics::png_decoder::tests::test_invalid_png_signature ... ok
test graphics::pdf_image::tests::test_parse_jpeg_header ... ok
test graphics::png_decoder::tests::test_color_type_channels ... ok
test graphics::png_decoder::tests::test_color_type_has_alpha ... ok
test graphics::png_decoder::tests::test_png_color_type ... ok
test graphics::separation_color::tests::test_alternate_color_space_components ... ok
test graphics::separation_color::tests::test_cmyk_separation ... ok
test graphics::separation_color::tests::test_rgb_separation ... ok
test graphics::separation_color::tests::test_separation_color ... ok
test graphics::separation_color::tests::test_separation_color_space_creation ... ok
test graphics::png_decoder::tests::test_paeth_predictor ... ok
test graphics::separation_color::tests::test_separation_to_pdf_array ... ok
test graphics::separation_color::tests::test_tint_to_rgb ... ok
test graphics::separation_color::tests::test_tint_transform_exponential ... ok
test graphics::separation_color::tests::test_tint_transform_linear ... ok
test graphics::shadings::tests::test_axial_cmyk_stops_emit_devicecmyk_function ... ok
test graphics::png_decoder::tests::test_minimal_valid_png ... ok
test graphics::shadings::tests::test_axial_four_stops_type3_has_three_subfunctions_two_bounds ... ok
test graphics::separation_color::tests::test_spot_colors ... ok
test graphics::shadings::tests::test_axial_shading_pdf_dictionary ... ok
test graphics::shadings::tests::test_axial_shading_creation ... ok
test graphics::shadings::tests::test_axial_shading_validation_no_stops ... ok
test graphics::shadings::tests::test_axial_shading_validation_same_points ... ok
test graphics::shadings::tests::test_axial_shading_linear_gradient ... ok
test graphics::shadings::tests::test_axial_shading_validation_valid ... ok
test graphics::shadings::tests::test_axial_shading_with_extend ... ok
test graphics::shadings::tests::test_axial_three_stops_emits_type3_stitching ... ok
test graphics::shadings::tests::test_axial_two_stops_emits_real_type2_function ... ok
test graphics::shadings::tests::test_bitwriter_accumulates_across_writes ... ok
test graphics::shadings::tests::test_bitwriter_value_spans_two_bytes ... ok
test graphics::shadings::tests::test_color_ramp_ps_three_stops_has_bound_check ... ok
test graphics::shadings::tests::test_color_ramp_ps_two_stops_no_branching ... ok
test graphics::shadings::tests::test_color_stop_creation ... ok
test graphics::separation_color::tests::test_tint_clamping ... ok
test graphics::shadings::tests::test_conic_shading_validate_rejects_bad_domain_and_empty_stops ... ok
test graphics::shadings::tests::test_conic_angle_prologue_exact_ps ... ok
test graphics::shadings::tests::test_conic_shading_three_stops_no_zero_div_and_one_ifelse ... ok
test graphics::shadings::tests::test_conic_shading_validate_requires_full_range_endpoints ... ok
test graphics::shadings::tests::test_conic_shading_emits_type1_with_ps_function_and_colorspace ... ok
test graphics::shadings::tests::test_conic_shading_validate_rejects_equal_positions ... ok
test graphics::shadings::tests::test_encode_value_16_bit_precision ... ok
test graphics::shadings::tests::test_encode_value_clamps_out_of_range ... ok
test graphics::shadings::tests::test_encode_value_maps_real_to_packed_integer ... ok
test graphics::shadings::tests::test_axial_gray_stops_emit_devicegray_function ... ok
test graphics::shadings::tests::test_freeform_gouraud_stream_body_exact_bytes ... ok
test graphics::shadings::tests::test_freeform_gouraud_cmyk_mesh_validates_and_packs ... ok
test graphics::shadings::tests::test_freeform_gouraud_creation_defaults ... ok
test graphics::shadings::tests::test_bitwriter_single_value_byte_aligned ... ok
test graphics::shadings::tests::test_freeform_gouraud_to_pdf_object_dict_keys ... ok
test graphics::shadings::tests::test_freeform_gouraud_validate_rejects_color_space_mismatch ... ok
test graphics::shadings::tests::test_freeform_gouraud_validate_rejects_invalid_bits ... ok
test graphics::shadings::tests::test_freeform_gouraud_validate_rejects_inverted_decode ... ok
test graphics::shadings::tests::test_freeform_gouraud_validate_rejects_nonzero_first_flag ... ok
test graphics::shadings::tests::test_function_based_shading_creation ... ok
test graphics::shadings::tests::test_function_based_shading_validation_invalid_domain ... ok
test graphics::shadings::tests::test_function_based_shading_validation_valid ... ok
test graphics::shadings::tests::test_function_based_shading_with_matrix ... ok
test graphics::shadings::tests::test_gouraud_vertex_pack_byte_aligned ... ok
test graphics::shadings::tests::test_freeform_gouraud_validate_rejects_empty_vertices ... ok
test graphics::shadings::tests::test_freeform_gouraud_validate_rejects_out_of_range_flag ... ok
test graphics::shadings::tests::test_gouraud_vertex_pack_with_padding ... ok
test graphics::shadings::tests::test_mixed_color_spaces_promote_to_rgb ... ok
test graphics::shadings::tests::test_freeform_gouraud_validate_rejects_decode_length_mismatch ... ok
test graphics::shadings::tests::test_point_creation ... ok
test graphics::shadings::tests::test_postscript_type4_function_shape ... ok
test graphics::shadings::tests::test_radial_emits_real_function_and_colorspace ... ok
test graphics::shadings::tests::test_radial_shading_gradient ... ok
test graphics::shadings::tests::test_radial_shading_creation ... ok
test graphics::shadings::tests::test_radial_shading_pdf_dictionary ... ok
test graphics::shadings::tests::test_radial_shading_radius_clamping ... ok
test graphics::shadings::tests::test_shading_manager_add_shading ... ok
test graphics::shadings::tests::test_shading_manager_auto_naming ... ok
test graphics::shadings::tests::test_shading_manager_create_gradients ... ok
test graphics::shadings::tests::test_shading_manager_creation ... ok
test graphics::shadings::tests::test_shading_pattern_creation ... ok
test graphics::shadings::tests::test_radial_shading_validation_valid ... ok
test graphics::shadings::tests::test_shading_pattern_inlines_real_shading_not_placeholder ... ok
test graphics::shadings::tests::test_shading_manager_clear ... ok
test graphics::soft_mask::tests::test_soft_mask_alpha ... ok
test graphics::shadings::tests::test_single_stop_emits_constant_type2 ... ok
test graphics::soft_mask::tests::test_soft_mask_none_dictionary ... ok
test graphics::soft_mask::tests::test_soft_mask_state ... ok
test graphics::soft_mask::tests::test_soft_mask_to_dictionary ... ok
test graphics::soft_mask::tests::test_soft_mask_with_bbox ... ok
test graphics::soft_mask::tests::test_soft_mask_luminosity ... ok
test graphics::soft_mask::tests::test_soft_mask_with_background ... ok
test graphics::soft_mask::tests::test_soft_mask_none ... ok
test graphics::shadings::tests::test_shading_pattern_with_matrix ... ok
test graphics::state::tests::pos_inf_dash_phase_sanitised_at_emission ... ok
test graphics::soft_mask::tests::test_transfer_function_to_pdf ... ok
test graphics::soft_mask::tests::test_soft_mask_with_transfer_function ... ok
test graphics::state::tests::test_blend_mode_pdf_names ... ok
test graphics::state::tests::nan_dash_array_component_sanitised_at_emission ... ok
test graphics::state::tests::test_extgstate_combined_alpha ... ok
test graphics::state::tests::test_extgstate_font ... ok
test graphics::state::tests::test_extgstate_font_setting ... ok
test graphics::state::tests::test_complex_extgstate ... ok
test graphics::state::tests::test_extgstate_manager_add_state ... ok
test graphics::state::tests::test_extgstate_manager_clear ... ok
test graphics::state::tests::test_extgstate_alpha_clamping ... ok
test graphics::state::tests::test_extgstate_manager_creation ... ok
test graphics::state::tests::test_extgstate_creation ... ok
test graphics::state::tests::test_extgstate_manager_empty_state_rejection ... ok
test graphics::state::tests::test_extgstate_manager_multiple_states ... ok
test graphics::state::tests::test_extgstate_pdf_dictionary_generation ... ok
test graphics::state::tests::test_extgstate_rendering_intent ... ok
test graphics::state::tests::test_extgstate_manager_resource_dictionary ... ok
test graphics::state::tests::test_extgstate_tolerance_parameters ... ok
test graphics::state::tests::test_extgstate_overprint ... ok
test graphics::state::tests::test_extgstate_transparency ... ok
test graphics::state::tests::test_extgstate_value_validation ... ok
test graphics::state::tests::test_extgstate_with_transfer_functions ... ok
test graphics::state::tests::test_line_dash_pattern_pdf_string ... ok
test graphics::state::tests::test_rendering_intent_pdf_names ... ok
test graphics::state::tests::test_transfer_function_gamma ... ok
test graphics::state::tests::test_transfer_function_identity ... ok
test graphics::state::tests::test_transfer_function_linear ... ok
test graphics::state::tests::test_transfer_function_separate ... ok
test graphics::tests::cid_show_element_new_sets_fields ... ok
test graphics::state::tests::test_line_dash_pattern_creation ... ok
test graphics::state::tests::test_line_dash_patterns ... ok
test graphics::tests::cid_show_element_x_offset_defaults_zero_and_builder_sets_it ... ok
test graphics::tests::legacy_calibrated_gray_still_emits_calgray1 ... ok
test graphics::tests::legacy_calibrated_rgb_still_emits_calrgb1 ... ok
test graphics::tests::legacy_lab_still_emits_lab1 ... ok
test graphics::tests::nan_line_width_sanitised_at_emission ... ok
test graphics::tests::nan_path_coords_sanitised_at_emission ... ok
test graphics::tests::set_fill_color_calibrated_named_uses_caller_name ... ok
test graphics::state::tests::test_extgstate_line_parameters ... ok
test graphics::tests::set_fill_color_icc_cmyk_four_channels ... ok
test graphics::tests::set_fill_color_icc_emits_named_cs_then_components ... ok
test graphics::tests::set_fill_color_icc_single_channel_gray ... ok
test graphics::tests::set_fill_color_icc_empty_components_panics_in_debug - should panic ... ok
test graphics::tests::legacy_lab_stroke_still_emits_lab1 ... ok
test graphics::tests::set_fill_color_lab_named_uses_caller_name ... ok
test graphics::tests::pos_inf_line_width_sanitised_at_emission ... ok
test graphics::tests::set_stroke_color_icc_emits_named_cs_then_components ... ok
test graphics::tests::set_stroke_color_icc_empty_components_panics_in_debug - should panic ... ok
test graphics::tests::show_cid_array_coalesces_consecutive_unadjusted_glyphs ... ok
test graphics::tests::show_cid_array_with_empty_run_does_not_panic_and_emits_empty_tj ... ok
test graphics::tests::show_cid_array_x_offset_combines_with_adjust ... ok
test graphics::tests::set_stroke_color_lab_named_uses_caller_name ... ok
test graphics::tests::show_cid_array_x_offset_displaces_without_consuming_advance ... ok
test graphics::tests::show_cid_array_emits_tj_with_adjustment_between_glyph_runs ... ok
test graphics::tests::test_add_command ... ok
test graphics::tests::test_apply_extgstate ... ok
test graphics::tests::test_alpha_methods_generate_extgstate ... ok
test graphics::tests::test_begin_end_transparency_group ... ok
test graphics::tests::test_bezier_curve ... ok
test graphics::tests::test_begin_end_text ... ok
test graphics::tests::test_bezier_curves ... ok
test graphics::tests::test_basic_drawing_operations ... ok
test graphics::tests::test_character_spacing ... ok
test graphics::tests::test_circle ... ok
test graphics::tests::test_clear_operations ... ok
test graphics::tests::test_clip_even_odd ... ok
test graphics::tests::test_clip_ellipse ... ok
test graphics::tests::test_circle_path ... ok
test graphics::tests::test_clipping_path ... ok
test graphics::tests::test_clipping_chaining ... ok
test graphics::tests::test_clip ... ok
test graphics::tests::test_clipping_even_odd_with_path ... ok
test graphics::tests::test_clipping_path_access ... ok
test graphics::tests::test_close_path ... ok
test graphics::tests::test_cmyk_color_operations ... ok
test graphics::tests::test_clipping_with_path ... ok
test graphics::tests::test_color_creation ... ok
test graphics::tests::test_color_settings ... ok
test graphics::tests::test_complex_path ... ok
test graphics::tests::set_stroke_color_calibrated_named_uses_caller_name ... ok
test graphics::tests::test_curve_to ... ok
test graphics::tests::test_complex_path_operations ... ok
test graphics::tests::test_custom_transform ... ok
test graphics::tests::test_draw_image ... ok
test graphics::tests::test_draw_text_basic ... ok
test graphics::tests::test_draw_text_standard_font_uses_literal ... ok
test graphics::tests::test_draw_text_unicode ... ok
test graphics::tests::test_draw_text_cid ... ok
test graphics::tests::test_draw_text_unicode_detection ... ok
test graphics::tests::test_draw_text_hex_encoding ... ok
test graphics::tests::test_e2e_watermark_workflow ... ok
test graphics::tests::test_edge_case_line_width_extremes ... ok
test graphics::tests::test_draw_text_uses_is_custom_font_flag ... ok
test graphics::tests::test_edge_case_move_to_negative ... ok
test graphics::tests::test_edge_case_opacity_out_of_range ... ok
test graphics::tests::test_empty_operations ... ok
test graphics::tests::test_even_odd_clipping ... ok
test graphics::tests::test_draw_text_with_special_characters ... ok
test graphics::tests::test_extgstate_manager_access ... ok
test graphics::tests::test_extended_graphics_state ... ok
test graphics::tests::test_extgstate_manager_mut_access ... ok
test graphics::tests::test_fill_and_stroke ... ok
test graphics::tests::test_fill_stroke ... ok
test graphics::tests::test_generate_extgstate_resources ... ok
test graphics::tests::test_generate_graphics_state_dict ... ok
test graphics::tests::test_e2e_complete_page_with_header ... ok
test graphics::tests::test_fill ... ok
test graphics::tests::test_flatness_tolerance ... ok
test graphics::tests::test_generate_operations ... ok
test graphics::tests::test_get_operations ... ok
test graphics::tests::test_graphics_context_default ... ok
test graphics::tests::test_graphics_context_new ... ok
test graphics::tests::test_graphics_state_arc_str_save_restore ... ok
test graphics::tests::test_graphics_state_dict_generation ... ok
test graphics::tests::test_graphics_context_clone ... ok
test graphics::tests::test_graphics_context_clone_advanced ... ok
test graphics::tests::test_has_extgstates ... ok
test graphics::tests::test_graphics_state_stack ... ok
test graphics::tests::test_gray_color_operations ... ok
test graphics::tests::test_interaction_chained_transformations ... ok
test graphics::tests::test_interaction_transparency_plus_clipping ... ok
test graphics::tests::test_is_custom_font_toggles_correctly ... ok
test graphics::tests::test_justified_text_single_word ... ok
test graphics::tests::test_line_cap_styles ... ok
test graphics::tests::test_line_dash_pattern ... ok
test graphics::tests::test_line_styles ... ok
test graphics::tests::test_interaction_extgstate_plus_text ... ok
test graphics::tests::test_justified_text ... ok
test graphics::tests::test_method_chaining ... ok
test graphics::tests::test_line_to ... ok
test graphics::tests::test_miter_limit_setting ... ok
test graphics::tests::test_move_to ... ok
test graphics::tests::test_move_to_and_line_to ... ok
test graphics::tests::test_multiple_clipping_regions ... ok
test graphics::tests::test_opacity_settings ... ok
test graphics::tests::test_line_join_styles ... ok
test graphics::tests::test_opacity_with_graphics_operations ... ok
test graphics::tests::test_path_construction_methods ... ok
test graphics::tests::test_rect ... ok
test graphics::tests::test_nested_transparency_groups ... ok
test graphics::tests::test_rectangle_alias ... ok
test graphics::tests::test_render_list ... ok
test graphics::tests::test_render_table ... ok
test graphics::tests::test_rectangle_path ... ok
test graphics::tests::test_render_column_layout ... ok
test graphics::tests::test_save_restore_mixed_font_encoding ... ok
test graphics::tests::test_save_restore_preserves_font_state ... ok
test graphics::tests::test_save_restore_state ... ok
test graphics::tests::test_scale ... ok
test graphics::tests::test_set_custom_font ... ok
test graphics::tests::test_set_alpha_methods ... ok
test graphics::tests::test_set_blend_mode ... ok
test graphics::tests::test_rendering_intent ... ok
test graphics::tests::test_path_closing ... ok
test graphics::tests::test_set_fill_opacity ... ok
test graphics::tests::test_set_font ... ok
test graphics::tests::test_rotate ... ok
test graphics::tests::test_set_fill_color ... ok
test graphics::tests::test_set_glyph_mapping ... ok
test graphics::tests::test_set_custom_font_emits_tf_operator ... ok
test graphics::tests::test_set_line_cap ... ok
test graphics::tests::test_set_line_join ... ok
test graphics::tests::test_set_line_width ... ok
test graphics::tests::test_set_stroke_color ... ok
test graphics::tests::test_set_stroke_opacity ... ok
test graphics::tests::test_set_text_position ... ok
test graphics::tests::test_show_text_custom_font_ascii_still_hex ... ok
test graphics::tests::test_show_text ... ok
test graphics::tests::test_set_line_solid ... ok
test graphics::tests::test_show_text_custom_font_uses_hex_encoding ... ok
test graphics::tests::test_set_opacity ... ok
test graphics::tests::test_show_text_smp_character_uses_surrogate_pairs ... ok
test graphics::tests::test_show_text_standard_font_uses_literal_string ... ok
test graphics::tests::test_smoothness_tolerance ... ok
test graphics::tests::test_show_text_tracks_used_characters ... ok
test graphics::tests::test_state_save_restore ... ok
test graphics::tests::test_stroke ... ok
test graphics::tests::test_show_text_with_escaping ... ok
test graphics::tests::test_transform ... ok
test graphics::tests::test_translate ... ok
test graphics::tests::test_transparency_group_without_begin ... ok
test graphics::tests::test_transformations ... ok
test graphics::tests::test_transparency_groups ... ok
test graphics::tests::test_text_width_estimation ... ok
test graphics::tests::test_uses_transparency ... ok
test graphics::tests::test_with_extgstate ... ok
test graphics::tests::test_word_spacing ... ok
test graphics::tests::test_text_operations_chaining ... ok
test graphics::transparency::tests::test_default_dict ... ok
test graphics::transparency::tests::test_group_builder ... ok
test graphics::transparency::tests::test_isolated_group ... ok
test graphics::transparency::tests::test_opacity_clamping ... ok
test graphics::transparency::tests::test_transparency_group_creation ... ok
test graphics::transparency::tests::test_to_dict ... ok
test layout::image_utils::tests::test_square_image_in_square_box ... ok
test layout::image_utils::tests::test_zero_dimensions ... ok
test layout::rich_text::tests::test_empty_rich_text ... ok
test layout::rich_text::tests::test_render_operations_contains_bt_et ... ok
test graphics::tests::test_transparency_group_nesting ... ok
test graphics::transparency::tests::test_knockout_group ... ok
test memory::cache::tests::test_lru_cache_basic ... ok
test memory::cache::tests::test_lru_cache_access_order ... ok
test memory::cache::tests::test_lru_cache_clear ... ok
test memory::cache::tests::test_lru_cache_eviction ... ok
test memory::cache::tests::test_lru_cache_complex_eviction_pattern ... ok
test memory::cache::tests::test_cache_stats_debug_clone_default ... ok
test memory::cache::tests::test_lru_cache_get_nonexistent ... ok
test memory::cache::tests::test_lru_cache_stress_test ... ok
test memory::cache::tests::test_lru_cache_update_preserves_capacity ... ok
test memory::cache::tests::test_lru_cache_update ... ok
test memory::cache::tests::test_lru_cache_repeated_access ... ok
test memory::cache::tests::test_lru_cache_with_string_keys ... ok
test memory::cache::tests::test_lru_cache_single_capacity ... ok
test memory::cache::tests::test_object_cache_clear ... ok
test memory::cache::tests::test_lru_cache_zero_capacity ... ok
test memory::cache::tests::test_object_cache ... ok
test memory::cache::tests::test_object_cache_get_nonexistent ... ok
test memory::cache::tests::test_object_cache_stats_after_operations ... ok
test memory::cache::tests::test_object_cache_with_different_object_types ... ok
test memory::cache::tests::test_object_cache_update_existing ... ok
test memory::cache::tests::test_object_cache_with_generation_numbers ... ok
test forms::calculations::tests::test_calculation_stress_and_boundary_conditions ... ok
test memory::lazy_loader::tests::test_clear_cache ... ok
test memory::lazy_loader::tests::test_lazy_document_cache_hit_path ... ok
test memory::lazy_loader::tests::test_lazy_document_clear_cache_empty ... ok
test memory::lazy_loader::tests::test_lazy_document_clear_cache_with_objects ... ok
test memory::lazy_loader::tests::test_lazy_document_get_object_circular_reference ... ok
test memory::lazy_loader::tests::test_lazy_document_creation ... ok
test memory::lazy_loader::tests::test_lazy_document_get_object_already_loaded ... ok
test memory::cache::tests::test_object_cache_eviction ... ok
test memory::lazy_loader::tests::test_lazy_document_concurrent_access_simulation ... ok
test memory::lazy_loader::tests::test_lazy_document_get_object_not_found ... ok
test memory::lazy_loader::tests::test_lazy_document_get_object_not_loaded_then_loaded ... ok
test memory::lazy_loader::tests::test_lazy_document_get_page_invalid_index ... ok
test memory::lazy_loader::tests::test_lazy_document_load_object_at_offset ... ok
test memory::lazy_loader::tests::test_lazy_document_open_nonexistent_file ... ok
test memory::lazy_loader::tests::test_lazy_document_object_map_locking ... ok
test memory::lazy_loader::tests::test_lazy_document_preload_page_invalid_index ... ok
test memory::lazy_loader::tests::test_lazy_document_with_different_memory_options ... ok
test memory::lazy_loader::tests::test_lazy_object_enum_all_variants ... ok
test memory::lazy_loader::tests::test_lazy_object_loading ... ok
test memory::lazy_loader::tests::test_lazy_object_not_loaded ... ok
test memory::lazy_loader::tests::test_lazy_object_states ... ok
test memory::lazy_loader::tests::test_lazy_object_loaded ... ok
test memory::cache::tests::test_lru_cache_large_capacity ... ok
test memory::lazy_loader::tests::test_lazy_document_memory_stats_initial ... ok
test memory::lazy_loader::tests::test_lazy_page_iterator_empty_document ... ok
test memory::lazy_loader::tests::test_lazy_page_iterator_creation ... ok
test memory::cache::tests::test_object_cache_concurrent_access_simulation ... ok
test memory::lazy_loader::tests::test_lazy_page_iterator_multiple_calls ... ok
test memory::lazy_loader::tests::test_lazy_document_memory_stats_after_operations ... ok
test memory::lazy_loader::tests::test_lazy_document_page_count ... ok
test memory::lazy_loader::tests::test_lazy_page_iterator_with_document_reference ... ok
test memory::lazy_loader::tests::test_memory_stats ... ok
test memory::lazy_loader::tests::test_page_iterator ... ok
test memory::memory_mapped::tests::test_get_slice_edge_cases ... ok
test memory::memory_mapped::tests::test_get_slice_exact_boundaries ... ok
test memory::memory_mapped::tests::test_get_slice ... ok
test memory::memory_mapped::tests::test_mapped_reader_creation ... ok
test memory::memory_mapped::tests::test_mapped_reader_error_propagation ... ok
test memory::memory_mapped::tests::test_mapped_reader_partial_reads ... ok
test memory::memory_mapped::tests::test_mapped_reader_position_consistency ... ok
test memory::memory_mapped::tests::test_mapped_reader_large_buffer_read ... ok
test memory::memory_mapped::tests::test_mapped_reader_seek_and_read_combination ... ok
test memory::memory_mapped::tests::test_mapped_reader_seek_current ... ok
test memory::memory_mapped::tests::test_mapped_reader_read ... ok
test memory::memory_mapped::tests::test_mapped_reader_seek ... ok
test memory::memory_mapped::tests::test_mapped_reader_read_beyond_eof ... ok
test memory::memory_mapped::tests::test_mapped_reader_seek_end ... ok
test memory::memory_mapped::tests::test_mapped_reader_seek_out_of_bounds ... ok
test memory::memory_mapped::tests::test_mapped_reader_seek_start ... ok
test memory::memory_mapped::tests::test_memory_mapped_file ... ok
test memory::memory_mapped::tests::test_mapped_reader_zero_length_read ... ok
test memory::memory_mapped::tests::test_memory_mapped_file_binary_data ... ok
test memory::memory_mapped::tests::test_mapped_reader_read_entire_file ... ok
test memory::memory_mapped::tests::test_memory_mapped_file_deref ... ok
test memory::memory_mapped::tests::test_memory_mapped_file_empty ... ok
test memory::memory_mapped::tests::test_memory_mapped_file_clone_and_share ... ok
test memory::stream_processor::tests::test_content_stream_processor ... ok
test memory::memory_mapped::tests::test_memory_mapped_file_single_byte ... ok
test memory::stream_processor::tests::test_content_stream_processor_buffer_reuse ... ok
test memory::memory_mapped::tests::test_memory_mapped_file_nonexistent ... ok
test memory::memory_mapped::tests::test_memory_mapped_file_large ... ok
test memory::memory_mapped::tests::test_memory_mapped_file_utf8_content ... ok
test memory::stream_processor::tests::test_content_stream_processor_callback_error ... ok
test memory::stream_processor::tests::test_content_stream_processor_invalid_content ... ok
test memory::stream_processor::tests::test_content_stream_processor_large_stream_error ... ok
test memory::stream_processor::tests::test_content_stream_processor_stop_action ... ok
test memory::stream_processor::tests::test_extract_text_streaming ... ok
test memory::stream_processor::tests::test_content_stream_processor_skip_action ... ok
test memory::stream_processor::tests::test_extract_text_streaming_no_text ... ok
test memory::stream_processor::tests::test_content_stream_processor_empty_stream ... ok
test memory::stream_processor::tests::test_content_stream_processor_creation ... ok
test memory::stream_processor::tests::test_extract_text_streaming_with_output ... ok
test memory::stream_processor::tests::test_page_data_debug ... ok
test memory::stream_processor::tests::test_page_data_with_operations ... ok
test memory::stream_processor::tests::test_page_data_without_text ... ok
test memory::stream_processor::tests::test_process_pages ... ok
test memory::stream_processor::tests::test_processing_action ... ok
test memory::stream_processor::tests::test_processing_action_debug_partial_eq ... ok
test memory::stream_processor::tests::test_processing_event_debug ... ok
test memory::stream_processor::tests::test_processing_events ... ok
test memory::stream_processor::tests::test_processing_with_all_event_types ... ok
test memory::stream_processor::tests::test_resource_type_debug_clone ... ok
test memory::stream_processor::tests::test_skip_processing_action ... ok
test memory::stream_processor::tests::test_stream_processor_creation ... ok
test memory::stream_processor::tests::test_stream_processor_header_parsing ... ok
test memory::stream_processor::tests::test_stream_processor_invalid_header ... ok
test memory::stream_processor::tests::test_stream_processor_io_error ... ok
test memory::stream_processor::tests::test_stream_processor_with_custom_buffer_size ... ok
test memory::stream_processor::tests::test_streaming_options_custom ... ok
test memory::stream_processor::tests::test_streaming_options_debug_clone ... ok
test memory::stream_processor::tests::test_stop_processing ... ok
test memory::tests::test_memory_manager ... ok
test memory::tests::test_memory_manager_no_cache ... ok
test memory::tests::test_memory_options_builder ... ok
test memory::tests::test_memory_options_default ... ok
test memory::tests::test_memory_options_large_file ... ok
test memory::tests::test_memory_options_small_file ... ok
test memory::tests::test_memory_stats ... ok
test memory::stream_processor::tests::test_streaming_options_default ... ok
test metadata::xmp::tests::test_create_xmp_metadata ... ok
test metadata::xmp::tests::test_array_of_structs ... ok
test metadata::xmp::tests::test_date_validation ... ok
test metadata::xmp::tests::test_iso8601_date_validation ... ok
test metadata::xmp::tests::test_custom_namespace ... ok
test metadata::xmp::tests::test_malformed_xml_rejection ... ok
test metadata::xmp::tests::test_parse_structured_properties ... ok
test metadata::xmp::tests::test_parse_xmp_alt ... ok
test metadata::xmp::tests::test_complex_roundtrip ... ok
test metadata::xmp::tests::test_invalid_date_handling ... ok
test metadata::xmp::tests::test_parse_xmp_bags ... ok
test metadata::xmp::tests::test_to_pdf_stream ... ok
test metadata::xmp::tests::test_xml_escape ... ok
test metadata::xmp::tests::test_roundtrip_xmp ... ok
test metadata::xmp::tests::test_structured_properties ... ok
test metadata::xmp::tests::test_xmp_arrays ... ok
test objects::array::tests::test_array_clear ... ok
test metadata::xmp::tests::test_xmp_alt ... ok
test metadata::xmp::tests::test_parse_simple_xmp ... ok
test metadata::xmp::tests::test_xmp_to_packet ... ok
test objects::array::tests::test_array_clone ... ok
test objects::array::tests::test_array_debug ... ok
test objects::array::tests::test_array_default ... ok
test objects::array::tests::test_array_from_iterator ... ok
test objects::array::tests::test_array_from_vec ... ok
test objects::array::tests::test_array_get ... ok
test objects::array::tests::test_array_get_mut ... ok
test objects::array::tests::test_array_insert ... ok
test objects::array::tests::test_array_into_vec ... ok
test objects::array::tests::test_array_iter ... ok
test objects::array::tests::test_array_iter_mut ... ok
test objects::array::tests::test_array_large_operations ... ok
test objects::array::tests::test_array_mixed_types ... ok
test objects::array::tests::test_array_pop ... ok
test objects::array::tests::test_array_push_and_len ... ok
test objects::array::tests::test_array_remove ... ok
test objects::array::tests::test_array_with_capacity ... ok
test objects::array::tests::test_array_remove_out_of_bounds - should panic ... ok
test objects::dictionary::tests::test_clear ... ok
test objects::array::tests::test_array_new ... ok
test objects::dictionary::tests::test_default ... ok
test objects::dictionary::tests::test_entries_mut ... ok
test objects::dictionary::tests::test_from_iterator ... ok
test objects::dictionary::tests::test_get_dict ... ok
test objects::dictionary::tests::test_get_mut ... ok
test metadata::xmp::tests::test_pdf_embedding ... ok
test objects::dictionary::tests::test_keys ... ok
test objects::dictionary::tests::test_new_dictionary ... ok
test objects::dictionary::tests::test_entries_and_iter ... ok
test objects::dictionary::tests::test_remove ... ok
test objects::dictionary::tests::test_set_and_get ... ok
test objects::dictionary::tests::test_values ... ok
test objects::dictionary::tests::test_with_capacity ... ok
test objects::primitive::tests::test_from_bool ... ok
test objects::primitive::tests::test_from_dictionary ... ok
test objects::primitive::tests::test_from_floats ... ok
test objects::primitive::tests::test_from_integers ... ok
test objects::primitive::tests::test_from_strings ... ok
test objects::primitive::tests::test_from_vec ... ok
test objects::primitive::tests::test_object_array ... ok
test objects::primitive::tests::test_object_boolean ... ok
test objects::primitive::tests::test_object_dictionary ... ok
test objects::primitive::tests::test_object_equality ... ok
test objects::primitive::tests::test_object_id_display ... ok
test objects::primitive::tests::test_object_id_equality ... ok
test objects::primitive::tests::test_object_id_new ... ok
test objects::primitive::tests::test_object_integer ... ok
test objects::primitive::tests::test_object_name ... ok
test objects::primitive::tests::test_object_null ... ok
test objects::primitive::tests::test_object_real ... ok
test objects::primitive::tests::test_object_reference ... ok
test objects::primitive::tests::test_object_stream ... ok
test objects::primitive::tests::test_object_string ... ok
test objects::dictionary::tests::test_contains_key ... ok
test objects::stream::tests::test_empty_stream ... ok
test objects::stream::tests::test_large_stream ... ok
test objects::dictionary::tests::test_nested_dictionaries ... ok
test objects::stream::tests::test_stream_accessors ... ok
test objects::stream::tests::test_compress_flate_empty ... ok
test objects::stream::tests::test_stream_mutators ... ok
test objects::stream::tests::test_compress_flate ... ok
test objects::stream::tests::test_set_decode_params ... ok
test objects::stream::tests::test_stream_with_existing_length ... ok
test objects::stream::tests::test_set_filter ... ok
test operations::error_tests::tests::test_debug_format ... ok
test operations::error_tests::tests::test_error_chain ... ok
test objects::stream::tests::test_stream_with_dictionary ... ok
test objects::stream::tests::test_stream_new ... ok
test operations::error_tests::tests::test_error_send_sync ... ok
test operations::error_tests::tests::test_from_io_error ... ok
test operations::error_tests::tests::test_from_pdf_error ... ok
test operations::error_tests::tests::test_invalid_page_range ... ok
test operations::error_tests::tests::test_invalid_rotation ... ok
test operations::error_tests::tests::test_io_error ... ok
test operations::error_tests::tests::test_no_pages_to_process ... ok
test operations::error_tests::tests::test_page_index_out_of_bounds ... ok
test operations::error_tests::tests::test_page_range_errors ... ok
test operations::error_tests::tests::test_page_range_get_indices_errors ... ok
test operations::error_tests::tests::test_parse_error ... ok
test operations::error_tests::tests::test_pdf_error ... ok
test operations::error_tests::tests::test_processing_error ... ok
test operations::error_tests::tests::test_resource_conflict ... ok
test operations::extract_images::extract_images_tests::tests::test_crc32_calculation ... ok
test operations::extract_images::extract_images_tests::tests::test_compress_image_data ... ok
test operations::extract_images::extract_images_tests::tests::test_create_png_rgb_data ... ok
test operations::extract_images::extract_images_tests::tests::test_dct_decode_jpeg_parsing ... ok
test operations::extract_images::extract_images_tests::tests::test_dct_decode_cmyk_jpeg ... ok
test operations::extract_images::extract_images_tests::tests::test_create_png_from_raw_data ... ok
test operations::extract_images::extract_images_tests::tests::test_duplicate_image_detection ... ok
test operations::extract_images::extract_images_tests::tests::test_extended_file_extensions ... ok
test operations::extract_images::extract_images_tests::tests::test_detect_correct_row_stride ... ok
test operations::extract_images::extract_images_tests::tests::test_extract_from_empty_pdf ... ok
test operations::extract_images::extract_images_tests::tests::test_deduplication_with_page_pattern ... ok
test operations::extract_images::extract_images_tests::tests::test_extract_options_default ... ok
test operations::extract_images::extract_images_tests::tests::test_extracted_image_struct ... ok
test operations::extract_images::extract_images_tests::tests::test_extract_options_custom ... ok
test operations::extract_images::extract_images_tests::tests::test_invalid_pdf_path ... ok
test operations::extract_images::extract_images_tests::tests::test_minimum_size_filter ... ok
test operations::extract_images::extract_images_tests::tests::test_name_pattern_replacement ... ok
test operations::extract_images::extract_images_tests::tests::test_image_format_detection ... ok
test operations::extract_images::extract_images_tests::tests::test_parse_inline_image_dict ... ok
test operations::extract_images::extract_images_tests::tests::test_png_image_creation ... ok
test operations::extract_images::extract_images_tests::tests::test_output_directory_creation ... ok
test operations::extract_images::extract_images_tests::tests::test_extract_from_pdf_without_images ... ok
test operations::extract_images::tests::test_complex_filename_pattern ... ok
test operations::extract_images::extract_images_tests::tests::test_tiff_image_creation ... ok
test operations::extract_images::tests::test_create_output_directory ... ok
test operations::extract_images::tests::test_detect_image_format_png ... ok
test operations::extract_images::tests::test_detect_image_format_short_data ... ok
test operations::extract_images::tests::test_detect_image_format_tiff_big_endian ... ok
test operations::extract_images::tests::test_detect_image_format_tiff_little_endian ... ok
test operations::extract_images::tests::test_detect_format_edge_cases ... ok
test operations::extract_images::extract_images_tests::tests::test_extract_specific_pages ... ok
test operations::extract_images::tests::test_expand_indexed_clamps_out_of_range_index ... ok
test operations::extract_images::tests::test_detect_image_format_jpeg ... ok
test operations::extract_images::tests::test_detect_image_format_unknown ... ok
test operations::extract_images::tests::test_expand_indexed_maps_indices_to_palette_rgb ... ok
test operations::extract_images::tests::test_extract_inline_option ... ok
test operations::extract_images::tests::test_extract_options_default ... ok
test operations::extract_images::tests::test_extract_options_no_min_size ... ok
test operations::extract_images::tests::test_extracted_image_struct ... ok
test operations::extract_images::tests::test_extract_options_custom ... ok
test operations::extract_images::tests::test_filename_pattern ... ok
test operations::extract_images::tests::test_filename_pattern_replacements ... ok
test operations::extract_images::tests::test_image_sample_components_device_color_spaces ... ok
test operations::extract_images::tests::test_image_sample_components_devicen_counts_colorants ... ok
test operations::extract_images::tests::test_image_dimensions ... ok
test operations::extract_images::tests::test_image_sample_components_indexed_is_one ... ok
test operations::extract_images::tests::test_min_size_filtering ... ok
test operations::extract_images::tests::test_multiple_format_extensions ... ok
test operations::extract_images::tests::test_extract_options_debug_clone ... ok
test forms::validation::tests::test_phone_validation_comprehensive ... ok
test operations::extract_images::tests::test_output_path_combinations ... ok
test operations::extract_images::tests::test_image_sample_components_iccbased_uses_n ... ok
test operations::extract_images::tests::test_pattern_with_special_chars ... ok
test operations::extract_images::tests::test_extracted_image_debug ... ok
test operations::extract_images::tests::test_page_and_index_numbering ... ok
test operations::extract_images::tests::test_pattern_without_placeholders ... ok
test operations::extract_images::tests::test_unpack_indices_2bit_four_pixels_per_byte ... ok
test operations::extract_images::tests::test_unpack_indices_passthrough_for_8bit ... ok
test operations::merge::merge_tests::tests::test_all_metadata_mode_variants ... ok
test operations::extract_images::tests::test_unpack_indices_1bit_respects_row_byte_alignment ... ok
test operations::extract_images::tests::test_unpack_indices_4bit_two_pixels_per_byte ... ok
test operations::extract_images::tests::test_unpack_indices_passthrough_for_unsupported_bpc ... ok
test operations::merge::merge_tests::tests::test_merge_debug_implementations ... ok
test operations::merge::merge_tests::tests::test_merge_empty_inputs ... ok
test operations::merge::merge_tests::tests::test_merge_input_creation ... ok
test operations::merge::merge_tests::tests::test_merge_options_custom_metadata ... ok
test operations::merge::merge_tests::tests::test_merge_invalid_file ... ok
test operations::merge::merge_tests::tests::test_merge_options_variants ... ok
test operations::merge::merge_tests::tests::test_merge_clone_implementations ... ok
test operations::merge::merge_tests::tests::test_merge_preserve_metadata_from_first ... ok
test operations::merge::merge_tests::tests::test_merge_preserve_metadata_from_specific ... ok
test operations::merge::merge_tests::tests::test_merge_preserves_content_issue_128 ... ok
test operations::merge::merge_tests::tests::test_merge_pdf_files_simple ... ok
test operations::merge::merge_tests::tests::test_merge_two_documents ... ok
test operations::merge::merge_tests::tests::test_merge_preserves_graphics_content_phase_35 ... ok
test operations::merge::merge_tests::tests::test_merge_to_file ... ok
test operations::merge::merge_tests::tests::test_merge_pdfs_function ... ok
test operations::merge::merge_tests::tests::test_merge_with_no_metadata_mode ... ok
test operations::merge::merge_tests::tests::test_merge_with_custom_metadata ... ok
test operations::merge::merge_tests::tests::test_merger_add_inputs ... ok
test operations::merge::merge_tests::tests::test_pdf_merger_add_input ... ok
test operations::merge::merge_tests::tests::test_pdf_merger_add_inputs ... ok
test operations::merge::merge_tests::tests::test_pdf_merger_new ... ok
test operations::merge::tests::legacy_preservation_flags_fail_instead_of_being_ignored ... ok
test operations::merge::tests::test_merge_input_creation ... ok
test operations::merge::tests::test_merge_input_with_all_pages ... ok
test operations::merge::tests::test_merge_input_with_page_list ... ok
test operations::merge::tests::test_merge_input_with_single_page ... ok
test operations::merge::tests::test_merge_options_builder ... ok
test operations::merge::tests::test_merge_options_default ... ok
test operations::merge::merge_tests::tests::test_merge_with_partial_custom_metadata ... ok
test operations::merge::tests::test_merge_options_from_document ... ok
test operations::merge::merge_tests::tests::test_metadata_mode_variants ... ok
test operations::merge::tests::test_metadata_mode_all_variants ... ok
test operations::merge::merge_tests::tests::test_merge_with_page_ranges ... ok
test operations::merge::tests::test_page_range_variants ... ok
test operations::merge::tests::test_merge_options_with_custom_metadata ... ok
test operations::overlay::tests::test_compute_ctm_bottom_left ... ok
test operations::overlay::tests::test_compute_ctm_custom_position ... ok
test operations::overlay::tests::test_compute_ctm_top_left ... ok
test operations::overlay::tests::test_compute_ctm_top_right ... ok
test operations::overlay::tests::test_compute_ctm_with_scale ... ok
test operations::overlay::tests::test_overlay_options_clamped_opacity ... ok
test operations::overlay::tests::test_overlay_options_default ... ok
test operations::overlay::tests::test_overlay_options_validate_high_opacity_ok ... ok
test operations::overlay::tests::test_overlay_options_validate_negative_scale ... ok
test operations::overlay::tests::test_overlay_options_validate_ok ... ok
test operations::overlay::tests::test_overlay_options_validate_zero_scale ... ok
test operations::overlay::tests::test_compute_ctm_bottom_right ... ok
test operations::overlay::tests::test_overlay_position_default ... ok
test operations::overlay::tests::test_overlay_position_equality ... ok
test operations::overlay::tests::test_compute_ctm_center_different_sizes ... ok
test operations::overlay::tests::test_compute_ctm_center_same_size ... ok
test operations::overlay::tests::test_unresolvable_reference_degrades_to_null ... ok
test operations::page_analysis::comprehensive_tests::test_analysis_options_with_ocr_configuration ... ok
test operations::page_analysis::comprehensive_tests::test_analyze_text_content_fragment_filtering ... ok
test operations::page_analysis::comprehensive_tests::test_analysis_options_validation ... ok
test operations::page_analysis::comprehensive_tests::test_analyzer_with_custom_options ... ok
test operations::page_analysis::comprehensive_tests::test_analyze_specific_pages ... ok
test operations::page_analysis::comprehensive_tests::test_batch_processing_timing ... ok
test operations::page_analysis::comprehensive_tests::test_batch_processing_error_recovery ... ok
test operations::page_analysis::comprehensive_tests::test_batch_ocr_processing ... ok
test operations::page_analysis::comprehensive_tests::test_batch_size_edge_cases ... ok
test operations::page_analysis::comprehensive_tests::test_comprehensive_page_analysis ... ok
test operations::page_analysis::comprehensive_tests::test_content_analysis_edge_cases ... ok
test operations::page_analysis::comprehensive_tests::test_content_ratios_sum_to_one ... ok
test operations::page_analysis::comprehensive_tests::test_determine_page_type_exact_thresholds ... ok
test operations::page_analysis::comprehensive_tests::test_custom_options_propagation ... ok
test operations::page_analysis::comprehensive_tests::test_custom_min_image_size ... ok
test operations::page_analysis::comprehensive_tests::test_complete_analysis_workflow ... ok
test operations::page_analysis::comprehensive_tests::test_image_analysis_result_struct ... ok
test operations::page_analysis::comprehensive_tests::test_invalid_page_number_handling ... ok
test operations::page_analysis::comprehensive_tests::test_empty_document_analysis ... ok
test operations::page_analysis::comprehensive_tests::test_error_message_formatting ... ok
test operations::merge::merge_tests::tests::test_merge_with_all_page_range_types ... ok
test operations::page_analysis::comprehensive_tests::test_multiple_analyzers ... ok
test operations::page_analysis::comprehensive_tests::test_multiple_analyzers_shared_results ... ok
test operations::page_analysis::comprehensive_tests::test_ocr_automatic_configuration ... ok
test operations::page_analysis::comprehensive_tests::test_ocr_extraction_non_scanned_page ... ok
test operations::page_analysis::comprehensive_tests::test_ocr_language_fallback ... ok
test operations::page_analysis::comprehensive_tests::test_extract_page_image_data_no_xobjects ... ok
test operations::page_analysis::comprehensive_tests::test_ocr_preprocessing_in_analysis ... ok
test operations::page_analysis::comprehensive_tests::test_multiple_sequential_analyzers ... ok
test operations::page_analysis::comprehensive_tests::test_ocr_processing_edge_cases ... ok
test operations::page_analysis::comprehensive_tests::test_ocr_processing_configurations ... ok
test operations::page_analysis::comprehensive_tests::test_ocr_processing_fallback ... ok
test operations::page_analysis::comprehensive_tests::test_ocr_provider_mock_customization ... ok
test operations::page_analysis::comprehensive_tests::test_ocr_result_aggregation ... ok
test operations::page_analysis::comprehensive_tests::test_page_area_calculation ... ok
test operations::page_analysis::comprehensive_tests::test_ocr_provider_robustness ... ok
test operations::page_analysis::comprehensive_tests::test_page_type_all_combinations ... ok
test operations::page_analysis::comprehensive_tests::test_ocr_timeout_simulation ... ok
test operations::page_analysis::comprehensive_tests::test_page_numbers_boundary ... ok
test operations::page_analysis::comprehensive_tests::test_process_scanned_pages_error_handling ... ok
test operations::page_analysis::comprehensive_tests::test_text_analysis_result_struct ... ok
test operations::page_analysis::comprehensive_tests::test_zero_sized_image_filtering ... ok
test operations::page_analysis::page_analysis_ocr_tests::tests::test_analysis_options_with_ocr ... ok
test operations::page_analysis::page_analysis_ocr_tests::tests::test_engine_options_hashmap ... ok
test operations::page_analysis::page_analysis_ocr_tests::tests::test_fragment_types ... ok
test operations::page_analysis::page_analysis_ocr_tests::tests::test_image_preprocessing_options ... ok
test operations::page_analysis::comprehensive_tests::test_memory_stress_multiple_analyses ... ok
test operations::page_analysis::comprehensive_tests::test_resource_cleanup ... ok
test operations::page_analysis::comprehensive_tests::test_simulate_page_ocr_processing ... ok
test operations::page_analysis::page_analysis_ocr_tests::tests::test_mock_ocr_provider_custom_text ... ok
test operations::page_analysis::page_analysis_ocr_tests::tests::test_mock_ocr_provider_supported_formats ... ok
test operations::page_analysis::page_analysis_ocr_tests::tests::test_mock_ocr_provider_validate_image_data ... ok
test operations::page_analysis::page_analysis_ocr_tests::tests::test_ocr_engines ... ok
test operations::page_analysis::page_analysis_ocr_tests::tests::test_ocr_error_types ... ok
test operations::page_analysis::page_analysis_ocr_tests::tests::test_ocr_options_customization ... ok
test operations::page_analysis::page_analysis_ocr_tests::tests::test_ocr_options_default_values ... ok
test operations::page_analysis::page_analysis_ocr_tests::tests::test_mock_ocr_provider_integration ... ok
test operations::page_analysis::page_analysis_ocr_tests::tests::test_ocr_text_fragment_creation ... ok
test operations::page_analysis::page_analysis_tests::tests::test_analysis_options_custom ... ok
test operations::page_analysis::page_analysis_tests::tests::test_analysis_options_default ... ok
test operations::page_analysis::page_analysis_tests::tests::test_analysis_with_empty_document ... ok
test operations::page_analysis::page_analysis_tests::tests::test_analyze_minimal_document ... ok
test operations::page_analysis::page_analysis_ocr_tests::tests::test_mock_ocr_provider_process_page ... ok
test operations::page_analysis::page_analysis_tests::tests::test_analyze_specific_pages ... ok
test operations::page_analysis::page_analysis_tests::tests::test_analyzer_creation ... ok
test operations::page_analysis::page_analysis_tests::tests::test_blank_space_ratio_calculation ... ok
test operations::page_analysis::page_analysis_tests::tests::test_content_analysis_methods ... ok
test operations::page_analysis::page_analysis_tests::tests::test_content_analysis_structure ... ok
test operations::page_analysis::page_analysis_tests::tests::test_error_handling_invalid_file ... ok
test operations::page_analysis::page_analysis_tests::tests::test_error_handling_invalid_page ... ok
test operations::page_analysis::page_analysis_tests::tests::test_analyze_text_heavy_document ... ok
test operations::page_analysis::page_analysis_tests::tests::test_is_scanned_page_convenience_method ... ok
test operations::page_analysis::page_analysis_tests::tests::test_page_type_classification_logic ... ok
test operations::page_analysis::page_analysis_tests::tests::test_find_scanned_pages ... ok
test operations::page_analysis::page_analysis_tests::tests::test_threshold_edge_cases ... ok
test operations::page_analysis::tests::test_analysis_options_default ... ok
test operations::page_analysis::page_analysis_tests::tests::test_page_type_methods ... ok
test operations::page_analysis::tests::test_determine_page_type ... ok
test operations::page_analysis::tests::test_content_analysis_methods ... ok
test operations::page_analysis::tests::test_page_type_classification ... ok
test operations::page_analysis::tests::test_jbig2decode_filter_no_longer_errors_in_ocr_path ... ok
test operations::page_extraction::tests::comprehensive_tests::test_extract_all_pages_from_single_page_document ... ok
test operations::page_analysis::page_analysis_ocr_tests::tests::test_mock_ocr_provider_processing_delay ... ok
test operations::page_extraction::tests::comprehensive_tests::test_extract_first_page ... ok
test operations::page_extraction::tests::comprehensive_tests::test_convenience_functions ... ok
test operations::page_extraction::tests::comprehensive_tests::test_extract_page_error_handling ... ok
test operations::page_extraction::tests::comprehensive_tests::test_extract_last_page ... ok
test operations::page_extraction::tests::comprehensive_tests::test_extract_page_no_metadata ... ok
test operations::page_extraction::tests::comprehensive_tests::test_extract_page_preserve_metadata ... ok
test operations::page_extraction::tests::comprehensive_tests::test_extract_page_range_boundary_conditions ... ok
test operations::page_extraction::tests::comprehensive_tests::test_extract_page_range_edge_cases ... ok
test operations::page_extraction::tests::comprehensive_tests::test_extract_page_range_middle_section ... ok
test operations::page_extraction::tests::comprehensive_tests::test_extract_page_range_reverse_order ... ok
test operations::page_extraction::tests::comprehensive_tests::test_extract_page_with_complex_content ... ok
test operations::page_extraction::tests::comprehensive_tests::test_extract_page_range_all_large ... ok
test operations::page_extraction::tests::comprehensive_tests::test_extract_pages_duplicate_indices ... ok
test operations::page_extraction::tests::comprehensive_tests::test_extract_pages_mixed_valid_invalid ... ok
test operations::page_analysis::page_analysis_ocr_tests::tests::test_ocr_processing_result_methods ... ok
test operations::page_extraction::tests::comprehensive_tests::test_extract_pages_with_custom_options ... ok
test operations::page_extraction::tests::comprehensive_tests::test_extract_pages_ordered_indices ... ok
test operations::page_extraction::tests::comprehensive_tests::test_extract_single_page_from_single_page_document ... ok
test operations::page_extraction::tests::comprehensive_tests::test_page_extraction_options_clone ... ok
test operations::page_extraction::tests::comprehensive_tests::test_page_extraction_options_debug ... ok
test operations::page_extraction::tests::comprehensive_tests::test_extract_to_file_functions ... ok
test operations::page_extraction::tests::test_extract_all_pages_range ... ok
test operations::page_extraction::tests::test_extract_multiple_pages ... ok
test operations::page_extraction::tests::test_extract_nonexistent_file ... ok
test operations::page_analysis::comprehensive_tests::test_ocr_confidence_boundaries ... ok
test operations::page_extraction::tests::test_extract_page_out_of_bounds ... ok
test operations::page_extraction::tests::test_convenience_functions ... ok
test operations::page_extraction::tests::test_extract_page_range ... ok
test operations::page_extraction::tests::test_extract_page_range_invalid ... ok
test operations::page_extraction::tests::test_extract_pages_empty_list ... ok
test operations::page_extraction::tests::test_extract_pages_out_of_bounds ... ok
test operations::page_extraction::tests::test_extract_single_page ... ok
test operations::page_extraction::tests::comprehensive_tests::test_extract_pages_large_document ... ok
test operations::page_extraction::tests::test_metadata_preservation ... ok
test operations::page_extraction::tests::test_page_extraction_options_custom ... ok
test operations::page_extraction::tests::test_page_extraction_options_default ... ok
test operations::page_extraction::tests::test_extract_single_page_range ... ok
test operations::page_extraction::tests::test_metadata_not_preserved ... ok
test operations::page_extraction::tests::test_page_extractor_new ... ok
test operations::page_extraction::tests::test_page_extractor_with_options ... ok
test operations::pdf_ocr_converter::tests::test_conversion_stats ... ok
test operations::pdf_ocr_converter::tests::test_pdf_ocr_converter_creation ... ok
test operations::pdf_ocr_converter::tests::test_conversion_options_default ... ok
test operations::pdf_ocr_converter::tests::atomic_write_replaces_existing_destination ... ok
test operations::page_extraction::tests::test_extract_to_file_functions ... ok
test operations::reorder::reorder_tests::tests::test_page_reorderer_new ... ok
test operations::reorder::reorder_tests::tests::test_move_pdf_page_out_of_bounds ... ok
test operations::reorder::reorder_tests::tests::test_move_pdf_page ... ok
test operations::reorder::reorder_tests::tests::test_reorder_empty_order ... ok
test operations::reorder::reorder_tests::tests::test_edge_cases ... ok
test operations::reorder::reorder_tests::tests::test_reorder_out_of_bounds ... ok
test operations::reorder::reorder_tests::tests::test_reorder_simple ... ok
test operations::reorder::reorder_tests::tests::test_reorder_all_pages ... ok
test operations::reorder::reorder_tests::tests::test_reorder_subset_of_pages ... ok
test operations::reorder::reorder_tests::tests::test_reorder_with_metadata ... ok
test operations::reorder::reorder_tests::tests::test_reorder_duplicate_pages ... ok
test operations::reorder::reorder_tests::tests::test_reorder_without_metadata ... ok
test operations::reorder::tests::test_duplicate_pages_in_order ... ok
test operations::reorder::reorder_tests::tests::test_swap_pdf_pages ... ok
test operations::reorder::tests::test_reorder_options_custom ... ok
test operations::reorder::reorder_tests::tests::test_swap_same_page ... ok
test operations::reorder::tests::test_reorder_options_default ... ok
test operations::reorder::reorder_tests::tests::test_reverse_pdf_pages ... ok
test operations::reorder::tests::test_reorder_pages_simple ... ok
test operations::reorder::tests::test_single_page_reorder ... ok
test operations::reorder::tests::test_move_page ... ok
test operations::reorder::tests::test_validate_page_order_out_of_bounds ... ok
test operations::reorder::tests::test_validate_page_order_empty ... ok
test operations::rotate::rotate_tests::tests::test_page_rotator_new ... ok
test operations::reorder::tests::test_reverse_pages ... ok
test operations::reorder::tests::test_swap_pages ... ok
test operations::rotate::rotate_tests::tests::test_rotate_all_pages_180 ... ok
test operations::rotate::rotate_tests::tests::test_rotate_empty_document ... ok
test operations::rotate::rotate_tests::tests::test_rotate_all_pages_90 ... ok
test operations::rotate::rotate_tests::tests::test_rotate_nonexistent_file ... ok
test operations::rotate::rotate_tests::tests::test_rotate_options_default ... ok
test operations::rotate::rotate_tests::tests::test_rotate_all_pages_270 ... ok
test operations::rotate::rotate_tests::tests::test_rotate_invalid_page_range ... ok
test operations::rotate::rotate_tests::tests::test_multiple_rotation_operations ... ok
test operations::rotate::rotate_tests::tests::test_rotate_preserve_page_size ... ok
test operations::rotate::rotate_tests::tests::test_rotate_page_range ... ok
test operations::rotate::rotate_tests::tests::test_rotate_single_page ... ok
test operations::rotate::rotate_tests::tests::test_rotation_angle_from_degrees_edge_cases ... ok
test operations::rotate::rotate_tests::tests::test_rotation_angle_invalid_degrees ... ok
test operations::rotate::rotate_tests::tests::test_rotation_angle_combine ... ok
test operations::rotate::rotate_tests::tests::test_rotation_angle_to_degrees ... ok
test operations::rotate::tests::test_rotation_angle ... ok
test operations::rotate::tests::test_rotation_associativity ... ok
test operations::rotate::tests::test_rotation_combine ... ok
test operations::rotate::tests::test_rotation_combine_all_combinations ... ok
test operations::rotate::tests::test_rotation_combine_chain ... ok
test operations::rotate::tests::test_rotation_combine_overflow ... ok
test operations::rotate::tests::test_pdf_rotator_new ... ok
test operations::rotate::tests::test_rotation_combine_unwrap_safety ... ok
test operations::rotate::tests::test_rotation_edge_cases ... ok
test operations::rotate::tests::test_rotation_consistency ... ok
test operations::rotate::tests::test_rotation_extreme_values ... ok
test operations::rotate::tests::test_rotation_identity ... ok
test operations::rotate::tests::test_rotation_invalid_angles ... ok
test operations::rotate::tests::test_rotation_inverse ... ok
test operations::rotate::tests::test_rotation_large_negative_angles ... ok
test operations::rotate::tests::test_rotation_multiple_full_rotations ... ok
test operations::rotate::tests::test_rotation_normalization_negative ... ok
test operations::rotate::tests::test_rotation_normalization_positive ... ok
test operations::rotate::tests::test_rotation_options_all_pages ... ok
test operations::rotate::tests::test_rotation_options_default ... ok
test operations::rotate::tests::test_rotation_options_page_list ... ok
test operations::rotate::tests::test_rotation_options_single_page ... ok
test operations::rotate::tests::test_rotation_options_with_angle ... ok
test operations::rotate::tests::test_rotation_to_degrees ... ok
test operations::semantic_preservation::tests::all_page_selection_preserves_annotations_forms_links_and_catalog_bytes_exactly ... ok
test operations::rotate::rotate_tests::tests::test_rotate_page_list ... ok
test operations::semantic_preservation::tests::empty_annotations_array_is_not_reported_as_document_semantics ... ok
test operations::source_highlighter::tests::test_fragment_to_highlight_rect_conversion ... ok
test operations::semantic_preservation::tests::inventories_every_required_catalog_structure_with_explicit_dispositions ... ok
test operations::semantic_preservation::tests::inventories_digital_signatures_separately_from_forms ... ok
test operations::source_highlighter::tests::test_index_build_from_extracted ... ok
test operations::source_highlighter::tests::test_index_cross_page ... ok
test operations::source_highlighter::tests::test_index_exact_boundary ... ok
test operations::source_highlighter::tests::test_index_fragments_grouped_by_page ... ok
test operations::source_highlighter::tests::test_index_multiple_fragments ... ok
test operations::source_highlighter::tests::test_index_no_overlap ... ok
test operations::source_highlighter::tests::test_index_page_offsets ... ok
test operations::source_highlighter::tests::test_index_preserves_order ... ok
test operations::source_highlighter::tests::test_index_single_fragment ... ok
test operations::source_highlighter::tests::test_index_whitespace_only_fragments ... ok
test operations::split::split_tests::tests::test_all_split_mode_variants ... ok
test operations::source_highlighter::tests::test_index_empty_range ... ok
test operations::split::split_tests::tests::test_pdf_splitter_new ... ok
test operations::rotate::rotate_tests::tests::test_rotate_with_metadata ... ok
test operations::split::split_tests::tests::test_pdf_splitter_split_method ... ok
test operations::page_extraction::tests::comprehensive_tests::test_extract_performance_many_pages ... ok
test operations::split::split_tests::tests::test_split_at_invalid_points ... ok
test operations::split::split_tests::tests::test_split_clone_implementations ... ok
test operations::split::split_tests::tests::test_split_debug_implementations ... ok
test operations::split::split_tests::tests::test_split_at_points ... ok
test operations::split::split_tests::tests::test_split_empty_pdf ... ok
test operations::split::split_tests::tests::test_format_output_path_patterns ... ok
test operations::split::split_tests::tests::test_split_edge_cases ... ok
test operations::split::split_tests::tests::test_split_empty_ranges ... ok
test operations::split::split_tests::tests::test_split_by_chunks ... ok
test operations::split::split_tests::tests::test_split_by_ranges ... ok
test operations::split::split_tests::tests::test_split_mode_variants ... ok
test operations::split::split_tests::tests::test_split_nonexistent_file ... ok
test operations::split::split_tests::tests::test_split_options_custom ... ok
test operations::split::split_tests::tests::test_split_options_custom_extended ... ok
test operations::split::split_tests::tests::test_split_options_default ... ok
test operations::split::split_tests::tests::test_split_into_pages_function ... ok
test operations::split::split_tests::tests::test_split_into_single_pages ... ok
test operations::split::split_tests::tests::test_split_pattern_placeholders ... ok
test operations::split::split_tests::tests::test_split_empty_split_points ... ok
test operations::split::split_tests::tests::test_split_with_optimization ... ok
test operations::split::split_tests::tests::test_split_preserve_metadata ... ok
test operations::split::tests::test_format_output_path ... ok
test operations::split::split_tests::tests::test_split_single_chunk_size ... ok
test operations::split::tests::test_output_pattern_formatting ... ok
test operations::split::tests::test_page_range_parse ... ok
test operations::split::tests::test_split_chunk_size_validation ... ok
test operations::split::tests::test_split_mode_chunk_size_edge_cases ... ok
test operations::split::tests::test_page_range_invalid_parse ... ok
test operations::split::tests::test_split_mode_empty_ranges ... ok
test operations::split::split_tests::tests::test_split_without_metadata ... ok
test operations::split::tests::test_split_mode_ranges ... ok
test operations::split::tests::test_split_mode_split_at ... ok
test operations::split::tests::test_split_mode_variants ... ok
test operations::split::tests::test_split_options_all_fields ... ok
test operations::split::tests::test_split_options_default ... ok
test operations::split::tests::test_split_options_optimization ... ok
test operations::split::tests::test_split_options_page_range ... ok
test operations::split::tests::test_split_mode_empty_split_points ... ok
test operations::split::tests::test_split_options_preserve_metadata ... ok
test operations::split::tests::test_split_options_split_at ... ok
test operations::split::tests::test_split_options_with_custom_pattern ... ok
test operations::split::tests::test_split_options_with_modes ... ok
test operations::split::tests::test_split_single_pages_mode ... ok
test operations::tests::test_error_from_io ... ok
test operations::tests::test_operation_error_display ... ok
test operations::tests::test_operation_error_variants ... ok
test operations::tests::test_operation_result_type ... ok
test operations::tests::test_page_range_additional_invalid_formats ... ok
test operations::tests::test_page_range_boundary_values ... ok
test operations::tests::test_page_range_clone ... ok
test operations::tests::test_page_range_edge_cases ... ok
test operations::tests::test_page_range_empty_document ... ok
test operations::tests::test_page_range_empty_list ... ok
test operations::tests::test_page_range_equal_start_end ... ok
test operations::tests::test_page_range_fmt_debug ... ok
test operations::tests::test_page_range_get_indices_empty_document ... ok
test operations::tests::test_page_range_get_indices_single_page_document ... ok
test operations::tests::test_page_range_indices ... ok
test operations::tests::test_module_exports ... ok
test operations::tests::test_page_range_invalid_formats ... ok
test operations::tests::test_page_range_large_document ... ok
test operations::tests::test_page_range_list_out_of_bounds ... ok
test operations::tests::test_page_range_list_unordered ... ok
test operations::tests::test_page_range_list_with_zero ... ok
test operations::tests::test_page_range_parse_case_insensitive ... ok
test operations::tests::test_page_range_parsing ... ok
test operations::tests::test_page_range_with_extra_spaces ... ok
test page::layout_manager_tests::test_layout_manager_centering ... ok
test page::layout_manager_tests::test_layout_manager_overflow ... ok
test page::layout_manager_tests::test_layout_manager_pdf_standard ... ok
test page::layout_manager_tests::test_layout_manager_screen_space ... ok
test operations::tests::test_page_range_list_duplicates ... ok
test page::tests::integration_tests::test_header_footer_date_time_integration ... ok
test page::tests::integration_tests::test_header_footer_alignment_integration ... ok
test page::tests::integration_tests::test_page_content_generation_performance ... ok
test page::tests::integration_tests::test_page_complex_content_integration ... ok
test page::tests::integration_tests::test_page_document_integration ... ok
test page::tests::integration_tests::test_page_error_handling ... ok
test page::tests::integration_tests::test_header_footer_document_integration ... ok
test page::tests::integration_tests::test_page_image_integration ... ok
test page::tests::integration_tests::test_page_standard_sizes ... ok
test page::tests::integration_tests::test_page_margins_integration ... ok
test page::tests::integration_tests::test_page_memory_management ... ok
test page::tests::integration_tests::test_page_text_flow_integration ... ok
test page::tests::integration_tests::test_page_writer_integration ... ok
test page::tests::test_add_image ... ok
test page::tests::test_content_area ... ok
test page::tests::test_add_text_flow ... ok
test page::tests::test_content_dimensions ... ok
test page::tests::test_draw_nonexistent_image ... ok
test page::tests::test_draw_image ... ok
test page::tests::test_graphics_context ... ok
test page::tests::test_generate_content ... ok
test page::tests::test_header_footer_basic ... ok
test page::tests::test_header_footer_custom_values ... ok
test page::tests::test_margins_default ... ok
test page::tests::test_no_headers_footers ... ok
test page::tests::test_page_a4 ... ok
test page::tests::test_page_a4_default_has_no_metrics_store ... ok
test page::tests::test_page_a4_with_metrics_carries_store ... ok
test page::tests::test_page_clone ... ok
test page::tests::test_page_content_with_headers_footers ... ok
test page::tests::test_header_footer_with_page_numbers ... ok
test page::tests::test_page_new ... ok
test page::tests::test_page_letter ... ok
test page::tests::test_page_text_flow_propagates_store ... ok
test page::tests::test_text_context ... ok
test page::tests::test_text_flow ... ok
test page::unit_tests::test_a4_page_dimensions ... ok
test page::unit_tests::test_add_annotation ... ok
test page::unit_tests::test_add_form_widget ... ok
test page::unit_tests::test_add_image ... ok
test page::unit_tests::test_add_table ... ok
test page::unit_tests::test_clone_page ... ok
test page::unit_tests::test_content_area ... ok
test page::unit_tests::test_content_height ... ok
test page::unit_tests::test_content_width ... ok
test page::unit_tests::test_default_margins ... ok
test page::unit_tests::test_draw_image_simple ... ok
test page::tests::test_set_margins ... ok
test operations::split::split_tests::tests::test_split_with_ranges_mode ... ok
test page::unit_tests::test_annotations_mut ... ok
test page::unit_tests::test_generate_operations_empty ... ok
test page::unit_tests::test_draw_nonexistent_image ... ok
test page::unit_tests::test_generate_operations_with_graphics ... ok
test page::unit_tests::test_generate_operations_with_text ... ok
test page::unit_tests::test_get_used_characters_cjk_via_text_context ... ok
test page::unit_tests::test_get_used_characters_combines_both_contexts ... ok
test page::unit_tests::test_graphics_context_access ... ok
test page::unit_tests::test_effective_dimensions ... ok
test page::unit_tests::test_get_used_characters_from_text_context ... ok
test page::unit_tests::test_huge_dimensions ... ok
test page::unit_tests::test_header_footer_rendering ... ok
test page::unit_tests::test_legal_page_dimensions ... ok
test page::unit_tests::test_graphics_operations_chain ... ok
test page::unit_tests::test_letter_page_dimensions ... ok
test page::unit_tests::test_page_from_parsed_basic ... ok
test page::unit_tests::test_negative_margins ... ok
test page::unit_tests::test_new_page_dimensions ... ok
test page::unit_tests::test_page_from_parsed_non_zero_origin ... ok
test page::unit_tests::test_page_from_parsed_small_mediabox ... ok
test page::unit_tests::test_page_from_parsed_with_cropbox ... ok
test page::unit_tests::test_page_from_parsed_with_rotation ... ok
test page::unit_tests::test_rotation_in_pdf_dict ... ok
test page::unit_tests::test_page_rotation ... ok
test page::unit_tests::test_set_footer ... ok
test page::unit_tests::test_set_header ... ok
test page::unit_tests::test_text_context_access ... ok
test page::unit_tests::test_zero_dimensions ... ok
test page::unit_tests::test_text_flow_creation ... ok
test page_forms::tests::test_add_checkbox ... ok
test page_forms::tests::test_add_combo_box ... ok
test page_forms::tests::test_add_checkbox_unchecked ... ok
test page_forms::tests::test_add_combo_box_no_default ... ok
test page_forms::tests::test_add_list_box_multiple_selection ... ok
test page_forms::tests::test_add_list_box ... ok
test page_forms::tests::test_add_multiple_form_fields ... ok
test page_forms::tests::test_add_multiple_radio_buttons ... ok
test page_forms::tests::test_add_push_button ... ok
test page_forms::tests::test_add_radio_button ... ok
test page_forms::tests::test_add_text_field ... ok
test page_forms::tests::test_empty_options_list ... ok
test page_forms::tests::test_add_text_field_without_default ... ok
test page_forms::tests::test_large_text_in_fields ... ok
test page_forms::tests::test_field_positioning ... ok
test page::unit_tests::test_set_margins ... ok
test page_forms::tests::test_overlapping_fields ... ok
test page_labels::page_label::tests::test_clone_and_equality ... ok
test page_forms::tests::test_special_characters_in_names ... ok
test page_labels::page_label::tests::test_format_label_edge_cases ... ok
test page_forms::tests::test_unicode_in_field_values ... ok
test page_labels::page_label::tests::test_large_number_formatting ... ok
test page_labels::page_label::tests::test_letter_edge_cases ... ok
test operations::split::split_tests::tests::test_split_large_document ... ok
test page_labels::page_label::tests::test_page_label_chaining ... ok
test page_labels::page_label::tests::test_letter_conversion ... ok
test page_labels::page_label::tests::test_page_label_creation ... ok
test page_labels::page_label::tests::test_page_label_style_to_pdf_name ... ok
test page_labels::page_label::tests::test_page_label_styles ... ok
test page_labels::page_label::tests::test_page_label_with_all_styles ... ok
test page_labels::page_label::tests::test_prefix_only_variations ... ok
test page_labels::page_label::tests::test_roman_edge_cases ... ok
test page_labels::page_label::tests::test_roman_format_and_pdf_name_agree_on_case ... ok
test page_labels::page_label::tests::test_format_label ... ok
test page_labels::page_label::tests::test_sequential_page_labels ... ok
test page_labels::page_label::tests::test_to_dict ... ok
test page_labels::page_label::tests::test_to_dict_comprehensive ... ok
test page_labels::page_label_tree::tests::test_from_dict_empty ... ok
test page_labels::page_label_tree::tests::test_from_dict_all_style_types ... ok
test page_labels::page_label_tree::tests::test_from_dict_invalid_label_dict ... ok
test page_labels::page_label_tree::tests::test_from_dict_invalid_nums_type ... ok
test page_labels::page_label_tree::tests::test_from_dict_odd_length_array ... ok
test page_labels::page_label_tree::tests::test_from_dict_missing_nums ... ok
test page_labels::page_label::tests::test_special_prefix_combinations ... ok
test page_labels::page_label_tree::tests::test_from_dict_invalid_page_index ... ok
test page_labels::page_label_tree::tests::test_from_dict_with_prefix_and_start ... ok
test page_labels::page_label_tree::tests::test_from_dict_reads_roman_case_per_iso_spec ... ok
test page_labels::page_label_tree::tests::test_get_all_labels ... ok
test page_labels::page_label_tree::tests::test_get_all_labels_empty_tree ... ok
test page_labels::page_label_tree::tests::test_get_label_no_applicable_range ... ok
test page_labels::page_label_tree::tests::test_page_label_builder ... ok
test page_labels::page_label_tree::tests::test_from_dict_with_decimal_labels ... ok
test page_labels::page_label_tree::tests::test_page_label_builder_chained ... ok
test page_labels::page_label_tree::tests::test_page_label_builder_roman_uppercase ... ok
test page_labels::page_label_tree::tests::test_page_label_builder_letter_lowercase ... ok
test page_labels::page_label_tree::tests::test_page_label_tree ... ok
test page_labels::page_label_tree::tests::test_page_label_tree_clone ... ok
test page_labels::page_label_tree::tests::test_page_label_tree_debug ... ok
test page_labels::page_label_tree::tests::test_page_label_with_prefix ... ok
test page_labels::page_label::tests::test_roman_conversion ... ok
test page_labels::page_label_tree::tests::test_page_label_builder_default ... ok
test page_labels::page_label_tree::tests::test_page_label_with_start ... ok
test page_labels::page_label_tree::tests::test_to_dict ... ok
test page_labels::page_label_tree::tests::test_page_label_tree_default ... ok
test page_lists::tests::test_all_bullet_styles ... ok
test page_lists::tests::test_all_ordered_list_styles ... ok
test page_lists::tests::test_list_style_checklist ... ok
test page_lists::tests::test_empty_list ... ok
test page_lists::tests::test_list_style_checklist_marker_color ... ok
test page_lists::tests::test_list_style_clone ... ok
test page_lists::tests::test_list_style_debug ... ok
test page_lists::tests::test_list_style_minimal_ordered ... ok
test page_lists::tests::test_list_style_minimal_unordered ... ok
test page_lists::tests::test_list_style_document ... ok
test page_lists::tests::test_list_style_presentation ... ok
test page_lists::tests::test_list_style_presentation_marker_color ... ok
test page_labels::page_label_tree::tests::test_to_dict_round_trip ... ok
test page_lists::tests::test_list_style_professional_marker_color ... ok
test page_lists::tests::test_list_style_professional ... ok
test page_lists::tests::test_list_styles ... ok
test page_lists::tests::test_list_type_debug ... ok
test page_lists::tests::test_list_type_ordered_variants ... ok
test page_lists::tests::test_list_type_unordered_variants ... ok
test page_lists::tests::test_list_with_long_text ... ok
test page_lists::tests::test_page_lists_trait ... ok
test page_lists::tests::test_quick_unordered_list ... ok
test page_lists::tests::test_styled_lists ... ok
test page_lists::tests::test_styled_unordered_list ... ok
test page_lists::tests::test_styled_ordered_with_wrong_type_fails ... ok
test page_lists::tests::test_styled_unordered_with_wrong_type_fails ... ok
test page_tables::tests::test_empty_table ... ok
test page_lists::tests::test_list_style_mutability ... ok
test page_tables::tests::test_all_styles_integration ... ok
test page_tables::tests::test_many_columns_table ... ok
test page_lists::tests::test_list_type_clone ... ok
test page_tables::tests::test_page_tables_trait ... ok
test page_tables::tests::test_many_rows_table ... ok
test page_tables::tests::test_quick_table_with_options ... ok
test page_tables::tests::test_single_cell_table ... ok
test page_tables::tests::test_single_column_table ... ok
test page_tables::tests::test_styled_table_colorful ... ok
test page_tables::tests::test_styled_table_empty_data ... ok
test page_tables::tests::test_styled_table_custom_font_size ... ok
test page_tables::tests::test_styled_table_empty_headers ... ok
test page_tables::tests::test_styled_table_minimal ... ok
test page_tables::tests::test_single_row_table ... ok
test page_tables::tests::test_styled_table_with_only_header_background ... ok
test page_tables::tests::test_styled_table_with_only_header_text_color ... ok
test page_tables::tests::test_styled_table ... ok
test page_tables::tests::test_table_at_different_positions ... ok
test page_tables::tests::test_table_style_clone ... ok
test page_tables::tests::test_table_style_colorful ... ok
test page_tables::tests::test_table_style_debug ... ok
test page_tables::tests::test_table_style_minimal ... ok
test page_tables::tests::test_table_style_simple ... ok
test page_tables::tests::test_table_styles ... ok
test page_transitions::tests::test_convenience_constructors ... ok
test page_transitions::tests::test_default_transition ... ok
test page_transitions::tests::test_basic_transition ... ok
test page_transitions::tests::test_duration_bounds ... ok
test page_transitions::tests::test_fly_transition_with_scale ... ok
test page_transitions::tests::test_scale_bounds ... ok
test page_transitions::tests::test_split_transition ... ok
test page_transitions::tests::test_transition_dimension_names ... ok
test page_transitions::tests::test_transition_direction_angles ... ok
test page_transitions::tests::test_transition_style_names ... ok
test page_transitions::tests::test_transition_with_duration ... ok
test page_transitions::tests::test_transition_motion_names ... ok
test page_transitions::tests::test_wipe_transition_with_direction ... ok
test page_tree::tests::test_attributes_to_dict ... ok
test page_tree::tests::test_find_pages_complex_predicate ... ok
test page_tree::tests::test_balance_method ... ok
test page_tree::tests::test_inheritable_attributes_complete ... ok
test page_tree::tests::test_find_pages ... ok
test page_tree::tests::test_inheritable_attributes_default ... ok
test page_tree::tests::test_inheritable_attributes_merge ... ok
test page_tree::tests::test_merge_with_parent_inherit_all ... ok
test page_tree::tests::test_max_kids_setting ... ok
test page_tree::tests::test_merge_with_parent_override ... ok
test page_tree::tests::test_page_node_creation ... ok
test page_tree::tests::test_page_tree_add_page ... ok
test page_tree::tests::test_page_tree_builder ... ok
test page_tree::tests::test_page_tree_builder_comprehensive ... ok
test page_tables::tests::test_table_style_professional ... ok
test page_tables::tests::test_table_style_mutability ... ok
test page_tree::tests::test_page_tree_creation ... ok
test page_tree::tests::test_page_tree_empty ... ok
test page_tree::tests::test_page_tree_node_to_dict_pages ... ok
test page_tree::tests::test_page_tree_get_page ... ok
test page_tree::tests::test_page_tree_to_dict ... ok
test page_tree::tests::test_pages_node_creation ... ok
test page_tree::tests::test_rotation_values ... ok
test page_tree::tests::test_set_default_methods ... ok
test parser::content::tests::comprehensive_tests::malformed_operator_does_not_discard_surrounding_text ... ok
test parser::content::tests::comprehensive_tests::test_all_color_operators ... ok
test parser::content::tests::comprehensive_tests::test_all_graphics_state_operators ... ok
test parser::content::tests::comprehensive_tests::test_all_path_painting_operators ... ok
test parser::content::tests::comprehensive_tests::test_complex_content_stream ... ok
test parser::content::tests::comprehensive_tests::test_all_path_construction_operators ... ok
test parser::content::tests::comprehensive_tests::test_all_text_operators ... ok
test page_tree::tests::test_page_tree_node_to_dict_page ... ok
test page_tree::tests::test_page_tree_large_number_of_pages ... ok
test parser::content::tests::comprehensive_tests::test_dash_pattern_empty ... ok
test parser::content::tests::comprehensive_tests::test_empty_content_stream ... ok
test parser::content::tests::comprehensive_tests::test_dash_array_parsing_valid ... ok
test parser::content::tests::comprehensive_tests::test_concurrent_parsing ... ok
test parser::content::tests::comprehensive_tests::test_error_handling_invalid_operator ... ok
test parser::content::tests::comprehensive_tests::test_error_handling_malformed_hex_string ... ok
test parser::content::tests::comprehensive_tests::test_error_handling_malformed_name ... ok
test parser::content::tests::comprehensive_tests::test_error_handling_malformed_string ... ok
test parser::content::tests::comprehensive_tests::test_content_parser_performance ... ok
test parser::content::tests::comprehensive_tests::test_error_handling_insufficient_operands ... ok
test parser::content::tests::comprehensive_tests::test_dash_pattern_complex ... ok
test parser::content::tests::comprehensive_tests::test_hex_string_parsing ... ok
test parser::content::tests::comprehensive_tests::test_inline_image_with_filter ... ok
test parser::content::tests::comprehensive_tests::test_inline_image_handling ... ok
test parser::content::tests::comprehensive_tests::test_large_numbers ... ok
test parser::content::tests::comprehensive_tests::test_negative_operands ... ok
test parser::content::tests::comprehensive_tests::test_operator_parsing_edge_cases ... ok
test parser::content::tests::comprehensive_tests::test_parser_bezier_curves ... ok
test parser::content::tests::comprehensive_tests::test_parser_clipping_operations ... ok
test parser::content::tests::comprehensive_tests::test_parser_color_operations ... ok
test parser::content::tests::comprehensive_tests::test_parser_complex_path_operations ... ok
test parser::content::tests::comprehensive_tests::test_mixed_integer_and_real_operands ... ok
test parser::content::tests::comprehensive_tests::test_parser_empty_content_stream ... ok
test parser::content::tests::comprehensive_tests::test_name_parsing_edge_cases ... ok
test parser::content::tests::comprehensive_tests::test_parser_error_handling_invalid_operators ... ok
test parser::content::tests::comprehensive_tests::test_parser_line_style_operations ... ok
test parser::content::tests::comprehensive_tests::test_parser_marked_content_operations ... ok
test parser::content::tests::comprehensive_tests::test_parser_memory_efficiency_large_strings ... ok
test parser::content::tests::comprehensive_tests::test_parser_painting_operations ... ok
test parser::content::tests::comprehensive_tests::test_parser_optimization_repeated_operations ... ok
test parser::content::tests::comprehensive_tests::test_parser_stress_test_large_coordinates ... ok
test parser::content::tests::comprehensive_tests::test_parser_stream_with_binary_data ... ok
test parser::content::tests::comprehensive_tests::test_parser_graphics_state_operations ... ok
test parser::content::tests::comprehensive_tests::test_parser_text_positioning_advanced ... ok
test parser::content::tests::comprehensive_tests::test_parser_text_state_operations ... ok
test parser::content::tests::comprehensive_tests::test_parser_unicode_text ... ok
test parser::content::tests::comprehensive_tests::test_parser_xobject_operations ... ok
test parser::content::tests::comprehensive_tests::test_pop_array_removes_array_end ... ok
test parser::content::tests::comprehensive_tests::test_scientific_notation ... ok
test parser::content::tests::comprehensive_tests::test_parser_rectangle_operations ... ok
test parser::content::tests::comprehensive_tests::test_show_text_array_complex ... ok
test parser::content::tests::comprehensive_tests::test_string_parsing_edge_cases ... ok
test parser::content::tests::comprehensive_tests::test_text_array_parsing_valid ... ok
test parser::content::tests::comprehensive_tests::test_tokenizer_array_parsing ... ok
test parser::content::tests::comprehensive_tests::test_tokenizer_edge_cases ... ok
test parser::content::tests::comprehensive_tests::test_tokenizer_error_recovery ... ok
test parser::content::tests::comprehensive_tests::test_tokenizer_hex_string_edge_cases ... ok
test parser::content::tests::comprehensive_tests::test_tokenizer_literal_string_escape_sequences ... ok
test parser::content::tests::comprehensive_tests::test_tokenizer_name_hex_escapes ... ok
test parser::content::tests::comprehensive_tests::test_tokenizer_nested_parentheses ... ok
test parser::content::tests::comprehensive_tests::test_tokenizer_number_edge_cases ... ok
test parser::content::tests::comprehensive_tests::test_parser_whitespace_tolerance ... ok
test parser::content::tests::comprehensive_tests::test_tokenizer_comment_handling ... ok
test parser::content::tests::comprehensive_tests::test_tokenizer_performance ... ok
test parser::content::tests::comprehensive_tests::test_tokenizer_whitespace_handling ... ok
test parser::content::tests::comprehensive_tests::test_whitespace_only_content_stream ... ok
test parser::content::tests::incremental_inline_image_terminator_at_next_stream_preserves_bytes ... ok
test parser::content::tests::test_content_parser_inline_image_produces_correct_operation ... ok
test parser::content::tests::comprehensive_tests::test_xobject_and_marked_content_operators ... ok
test parser::content::tests::test_escape_sequences_in_strings ... ok
test parser::content::tests::incremental_operations_match_batch_at_lexical_boundaries ... ok
test parser::content::tests::test_inline_image_binary_with_all_byte_values ... ok
test parser::content::tests::test_content_with_inline_images ... ok
test parser::content::tests::test_inline_image_binary_with_curly_braces ... ok
test parser::content::tests::test_invalid_operator_handling ... ok
test parser::content::tests::test_inline_image_ei_detection ... ok
test parser::content::tests::test_octal_escape_max_valid_377 ... ok
test parser::content::tests::test_octal_escape_overflow_400 ... ok
test parser::content::tests::test_nested_arrays_malformed ... ok
test parser::content::tests::test_octal_escape_overflow_577 ... ok
test parser::content::tests::test_octal_escape_overflow_mixed_with_valid ... ok
test parser::content::tests::test_octal_escape_overflow_777 ... ok
test parser::content::tests::test_operator_with_missing_operands ... ok
test parser::content::tests::test_parse_color_operators ... ok
test parser::content::tests::test_parse_text_operators ... ok
test parser::content::tests::test_parse_graphics_operators ... ok
test parser::content::tests::test_tokenize_hex_strings ... ok
test parser::content::tests::test_tokenize_names ... ok
test parser::content::tests::test_tokenize_numbers ... ok
test parser::content::tests::test_tokenizer_handles_closing_paren ... ok
test parser::content::tests::test_tokenizer_handles_curly_braces ... ok
test parser::content::tests::test_tokenizer_no_infinite_loop_on_consecutive_delimiters ... ok
test parser::content::tests::test_tokenize_operators ... ok
test parser::content::tests::test_tokenize_strings ... ok
test parser::document::tests::comprehensive_tests::test_error_handling_invalid_object_reference ... ok
test parser::document::tests::comprehensive_tests::test_extract_text_from_page ... ok
test parser::document::tests::comprehensive_tests::test_cache_consistency ... ok
test parser::document::tests::comprehensive_tests::test_concurrent_metadata_access ... ok
test parser::content::tests::test_content_stream_too_large ... ok
test parser::document::tests::comprehensive_tests::test_get_object_caching ... ok
test parser::document::tests::comprehensive_tests::test_extract_text_from_page_out_of_bounds ... ok
test parser::document::tests::comprehensive_tests::test_get_object_nonexistent ... ok
test parser::document::tests::comprehensive_tests::test_get_page_cached ... ok
test parser::document::tests::comprehensive_tests::test_get_page_content_streams_empty ... ok
test parser::document::tests::comprehensive_tests::test_get_page_resources ... ok
test parser::document::tests::comprehensive_tests::test_extract_text_with_options ... ok
test parser::document::tests::comprehensive_tests::test_memory_usage_efficiency ... ok
test parser::document::tests::comprehensive_tests::test_page_count_zero ... ok
test parser::document::tests::comprehensive_tests::test_metadata_caching ... ok
test parser::document::tests::comprehensive_tests::test_get_object_different_generations ... ok
test parser::document::tests::comprehensive_tests::test_multiple_object_access ... ok
test parser::document::tests::comprehensive_tests::test_page_properties_comprehensive ... ok
test parser::document::tests::comprehensive_tests::test_page_tree_initialization ... ok
test parser::document::tests::comprehensive_tests::test_resolve_various_object_types ... ok
test parser::document::tests::comprehensive_tests::test_resource_manager_default ... ok
test parser::document::tests::comprehensive_tests::test_resource_manager_multiple_objects ... ok
test parser::document::tests::comprehensive_tests::test_reader_borrow_safety ... ok
test parser::document::tests::comprehensive_tests::test_resource_manager_object_overwrite ... ok
test parser::document::tests::comprehensive_tests::test_resolve_nested_references ... ok
test parser::document::tests::comprehensive_tests::test_version_different_pdf_versions ... ok
test parser::document::tests::test_concurrent_access ... ok
test parser::document::tests::test_extract_text_empty_document ... ok
test parser::document::tests::test_get_page ... ok
test parser::document::tests::test_get_object ... ok
test parser::document::tests::test_get_page_out_of_bounds ... ok
test parser::document::tests::test_invalid_pdf_data ... ok
test parser::document::tests::test_metadata ... ok
test parser::document::tests::test_page_count ... ok
test parser::document::tests::test_pdf_document_is_send ... ok
test parser::document::tests::test_pdf_document_new ... ok
test parser::document::tests::test_resolve_non_reference ... ok
test parser::document::tests::test_resource_cache_roundtrip_after_owned_field ... ok
test parser::document::tests::test_resource_manager_cache_and_get ... ok
test parser::document::tests::test_resource_manager_cache_complex_objects ... ok
test parser::document::tests::test_resource_manager_caching ... ok
test parser::document::tests::test_resource_manager_clear_cache ... ok
test parser::document::tests::test_resource_manager_multiple_generations ... ok
test parser::document::tests::test_resource_manager_new ... ok
test parser::document::tests::test_resource_manager_overwrite_cached ... ok
test parser::document::tests::test_version ... ok
test parser::encoding::tests::test_convenience_functions ... ok
test parser::document::tests::test_resolve_reference ... ok
test parser::encoding::tests::test_encoding_detection ... ok
test parser::encoding::tests::test_latin1_decoding ... ok
test parser::encoding::tests::test_lenient_mode ... ok
test parser::encoding::tests::test_specific_encoding ... ok
test parser::encoding::tests::test_windows1252_decoding ... ok
test parser::encryption_handler::tests::test_cfm_parsed_from_crypt_filter ... ok
test parser::encryption_handler::tests::test_decrypt_with_different_object_ids ... ok
test parser::encryption_handler::tests::test_decrypt_without_key ... ok
test parser::encryption_handler::tests::test_empty_password_attempt ... ok
test parser::encryption_handler::tests::test_encryption_detection ... ok
test parser::encryption_handler::tests::test_encryption_dictionary_edge_values ... ok
test parser::encryption_handler::tests::test_encryption_dictionary_invalid_hash_lengths ... ok
test parser::encryption_handler::tests::test_encryption_flags ... ok
test parser::encryption_handler::tests::test_encryption_handler_creation ... ok
test parser::encryption_handler::tests::test_encryption_handler_thread_safety_simulation ... ok
test parser::encryption_handler::tests::test_encryption_info_parsing ... ok
test parser::encryption_handler::tests::test_encryption_state_transitions ... ok
test parser::encryption_handler::tests::test_encryption_with_different_key_lengths ... ok
test parser::encryption_handler::tests::test_file_id_handling ... ok
test parser::encryption_handler::tests::test_interactive_decryption_cancelled ... ok
test parser::encryption_handler::tests::test_interactive_decryption_edge_cases ... ok
test parser::encoding::tests::test_utf8_decoding ... ok
test parser::encryption_handler::tests::test_interactive_decryption_rejected ... ok
test parser::encryption_handler::tests::test_interactive_decryption_with_sequence ... ok
test parser::encryption_handler::tests::test_malformed_encryption_dictionary_invalid_types ... ok
test parser::content::tests::comprehensive_tests::test_memory_usage_large_content ... ok
test parser::encryption_handler::tests::test_missing_required_keys ... ok
test parser::encryption_handler::tests::test_permissions_edge_cases ... ok
test parser::encryption_handler::tests::test_password_scenarios_comprehensive ... ok
test parser::encryption_handler::tests::test_permissions ... ok
test parser::encryption_handler::tests::test_unsupported_filter ... ok
test parser::encryption_handler::tests::test_unsupported_revision ... ok
test parser::filter_impls::bitstream::tests::test_align_to_byte_not_aligned ... ok
test parser::filter_impls::bitstream::tests::test_align_to_byte_already_aligned ... ok
test parser::filter_impls::bitstream::tests::test_bit_offset ... ok
test parser::filter_impls::bitstream::tests::test_bits_remaining ... ok
test parser::filter_impls::bitstream::tests::test_bits_remaining_exhausted ... ok
test parser::filter_impls::bitstream::tests::test_bitstream_error_debug ... ok
test parser::filter_impls::bitstream::tests::test_bitstream_error_end_of_data_display ... ok
test parser::filter_impls::bitstream::tests::test_bitstream_error_into_parse_error ... ok
test parser::filter_impls::bitstream::tests::test_bitstream_error_invalid_bit_count_display ... ok
test parser::encryption_handler::tests::test_r4_algorithm_info_reflects_cipher ... ok
test parser::filter_impls::bitstream::tests::test_bitstream_error_std_error_trait ... ok
test parser::filter_impls::bitstream::tests::test_bitstream_reader_debug ... ok
test parser::filter_impls::bitstream::tests::test_bitstream_reader_new_empty ... ok
test parser::filter_impls::bitstream::tests::test_byte_position ... ok
test parser::filter_impls::bitstream::tests::test_data_reference ... ok
test parser::filter_impls::bitstream::tests::test_has_bits ... ok
test parser::filter_impls::bitstream::tests::test_is_byte_aligned ... ok
test parser::filter_impls::bitstream::tests::test_is_exhausted ... ok
test parser::filter_impls::bitstream::tests::test_mixed_operations ... ok
test parser::filter_impls::bitstream::tests::test_peek_bit ... ok
test parser::filter_impls::bitstream::tests::test_peek_bit_exhausted ... ok
test parser::filter_impls::bitstream::tests::test_bitstream_reader_new ... ok
test parser::filter_impls::bitstream::tests::test_read_bit_advances_to_next_byte ... ok
test parser::filter_impls::bitstream::tests::test_read_bit_empty_data ... ok
test parser::filter_impls::bitstream::tests::test_read_bit_end_of_data ... ok
test parser::filter_impls::bitstream::tests::test_read_bits_cross_byte_boundary ... ok
test parser::filter_impls::bitstream::tests::test_read_bits_end_of_data ... ok
test parser::filter_impls::bitstream::tests::test_read_bits_invalid_too_large ... ok
test parser::filter_impls::bitstream::tests::test_read_bits_invalid_zero ... ok
test parser::filter_impls::bitstream::tests::test_read_bits_max_32 ... ok
test parser::filter_impls::bitstream::tests::test_read_bits_partial ... ok
test parser::filter_impls::bitstream::tests::test_read_bits_single_byte ... ok
test parser::filter_impls::bitstream::tests::test_read_byte_aligned ... ok
test parser::filter_impls::bitstream::tests::test_read_byte_end_of_data ... ok
test parser::filter_impls::bitstream::tests::test_read_byte_unaligned ... ok
test parser::filter_impls::bitstream::tests::test_bitstream_error_clone ... ok
test parser::filter_impls::bitstream::tests::test_read_signed_bits_8_bit ... ok
test parser::filter_impls::bitstream::tests::test_read_signed_bits_invalid ... ok
test parser::filter_impls::bitstream::tests::test_read_signed_bits_negative ... ok
test parser::filter_impls::bitstream::tests::test_read_signed_bits_positive ... ok
test parser::filter_impls::bitstream::tests::test_read_signed_bits_zero ... ok
test parser::filter_impls::bitstream::tests::test_sequential_byte_reads ... ok
test parser::filter_impls::bitstream::tests::test_skip_bits ... ok
test parser::filter_impls::bitstream::tests::test_skip_bits_cross_boundary ... ok
test parser::filter_impls::bitstream::tests::test_skip_bits_end_of_data ... ok
test parser::filter_impls::bitstream::tests::test_skip_bits_exact_end ... ok
test parser::filter_impls::bitstream::tests::test_skip_bits_partial ... ok
test parser::filter_impls::ccitt::tests::test_bit_reader_align_to_byte ... ok
test parser::document::tests::test_empty_page_tree ... ok
test parser::filter_impls::bitstream::tests::test_read_bit_msb_first ... ok
test parser::filter_impls::bitstream::tests::test_read_signed_bits_min_value ... ok
test parser::filter_impls::ccitt::tests::test_bit_reader_empty_data ... ok
test parser::filter_impls::ccitt::tests::test_bit_reader_has_data ... ok
test parser::filter_impls::ccitt::tests::test_bit_reader_read_beyond_end ... ok
test parser::filter_impls::ccitt::tests::test_bit_reader_read_bits ... ok
test parser::filter_impls::ccitt::tests::test_bit_reader_read_bits_max ... ok
test parser::filter_impls::ccitt::tests::test_bit_reader_mixed_operations ... ok
test parser::filter_impls::ccitt::tests::test_bit_reader_read_bit ... ok
test parser::filter_impls::ccitt::tests::test_ccitt_decode_no_params ... ok
test parser::filter_impls::ccitt::tests::test_ccitt_decode_group4_basic ... ok
test parser::filter_impls::ccitt::tests::test_ccitt_decode_params_debug ... ok
test parser::filter_impls::ccitt::tests::test_ccitt_decode_params_all_fields ... ok
test parser::filter_impls::ccitt::tests::test_ccitt_decode_params_default ... ok
test parser::filter_impls::ccitt::tests::test_ccitt_decode_params_clone ... ok
test parser::filter_impls::ccitt::tests::test_ccitt_decode_params_from_dict ... ok
test parser::filter_impls::ccitt::tests::test_ccitt_decode_params_width_height_aliases ... ok
test parser::filter_impls::ccitt::tests::test_ccitt_decode_params_validation ... ok
test parser::filter_impls::ccitt::tests::test_ccitt_k_clone ... ok
test parser::filter_impls::ccitt::tests::test_ccitt_decode_params_invalid_k_values ... ok
test parser::filter_impls::ccitt::tests::test_ccitt_decode_group3_basic ... ok
test parser::filter_impls::ccitt::tests::test_decode_ccitt_different_column_sizes ... ok
test parser::filter_impls::ccitt::tests::test_ccitt_k_values ... ok
test parser::filter_impls::ccitt::tests::test_ccitt_k_debug ... ok
test parser::filter_impls::ccitt::tests::test_decode_ccitt_empty_data ... ok
test parser::filter_impls::ccitt::tests::test_group3_decoder_add_row_to_result ... ok
test parser::filter_impls::ccitt::tests::test_group3_decoder_add_row_partial_byte ... ok
test parser::filter_impls::ccitt::tests::test_group3_decoder_decode_black_run ... ok
test parser::filter_impls::ccitt::tests::test_group3_decoder_creation ... ok
test parser::filter_impls::ccitt::tests::test_group3_decoder_add_row_to_result_black_is_1 ... ok
test parser::filter_impls::ccitt::tests::test_group3_decoder_decode_white_run ... ok
test parser::filter_impls::ccitt::tests::test_group3_decoder_encoded_byte_align ... ok
test parser::filter_impls::ccitt::tests::test_group3_decoder_skip_eol_not_required ... ok
test parser::filter_impls::ccitt::tests::test_group4_decoder_creation ... ok
test parser::filter_impls::ccitt::tests::test_group3_decoder_skip_eol ... ok
test parser::filter_impls::ccitt::tests::test_group4_decoder_padding ... ok
test parser::filter_impls::ccitt::tests::test_group4_decoder_basic ... ok
test parser::filter_impls::ccitt::tests::test_group4_decoder_unlimited_rows ... ok
test parser::filter_impls::dct::tests::test_decode_dct_returns_original ... ok
test parser::filter_impls::dct::tests::test_decode_dct_with_dirty_data ... ok
test parser::filter_impls::ccitt::tests::test_decode_ccitt_group3_2d ... ok
test parser::filter_impls::dct::tests::test_decode_dct_validates_structure ... ok
test parser::filter_impls::dct::tests::test_color_space_detection ... ok
test parser::filter_impls::dct::tests::test_extract_clean_jpeg_already_clean ... ok
test parser::filter_impls::dct::tests::test_extract_clean_jpeg_missing_eoi ... ok
test parser::filter_impls::dct::tests::test_extract_clean_jpeg_missing_soi ... ok
test parser::filter_impls::dct::tests::test_extract_clean_jpeg_with_extra_bytes_both ... ok
test parser::filter_impls::dct::tests::test_jpeg_color_space_copy ... ok
test parser::filter_impls::dct::tests::test_jpeg_color_space_variants ... ok
test parser::filter_impls::dct::tests::test_jpeg_info_clone ... ok
test parser::filter_impls::dct::tests::test_extract_clean_jpeg_with_extra_bytes_after ... ok
test parser::filter_impls::dct::tests::test_jpeg_info_debug ... ok
test parser::filter_impls::dct::tests::test_extract_clean_jpeg_with_extra_bytes_before ... ok
test parser::filter_impls::dct::tests::test_parse_jpeg_adobe_transform_non_zero ... ok
test parser::filter_impls::dct::tests::test_parse_jpeg_cmyk ... ok
test parser::filter_impls::dct::tests::test_parse_jpeg_empty_data ... ok
test parser::filter_impls::dct::tests::test_parse_jpeg_arithmetic ... ok
test parser::filter_impls::dct::tests::test_parse_jpeg_different_bits_per_component ... ok
test parser::filter_impls::dct::tests::test_parse_jpeg_invalid_component_count ... ok
test parser::filter_impls::dct::tests::test_parse_jpeg_missing_dimensions ... ok
test parser::filter_impls::dct::tests::test_parse_jpeg_invalid_marker ... ok
test parser::filter_impls::dct::tests::test_parse_jpeg_only_soi ... ok
test parser::filter_impls::dct::tests::test_minimal_valid_jpeg ... ok
test parser::filter_impls::dct::tests::test_parse_jpeg_large_dimensions ... ok
test parser::filter_impls::dct::tests::test_parse_jpeg_progressive ... ok
test parser::filter_impls::dct::tests::test_parse_jpeg_segment_too_short ... ok
test parser::filter_impls::dct::tests::test_parse_jpeg_with_padding_bytes ... ok
test parser::filter_impls::dct::tests::test_parse_jpeg_with_restart_markers ... ok
test parser::filter_impls::dct::tests::test_parse_jpeg_with_sos_scan_data ... ok
test parser::filter_impls::dct::tests::test_parse_jpeg_ycbcr_default ... ok
test parser::filter_impls::dct::tests::test_parse_jpeg_with_app1_exif ... ok
test parser::filter_impls::dct::tests::test_parse_jpeg_segment_extends_beyond_data ... ok
test parser::filter_impls::dct::tests::test_validate_jpeg_missing_soi ... ok
test parser::filter_impls::dct::tests::test_validate_jpeg_too_short ... ok
test parser::filter_impls::generic_region::tests::test_at_pixel_default ... ok
test parser::filter_impls::generic_region::tests::test_bitmap_combine_negative_offset ... ok
test parser::filter_impls::dct::tests::test_validate_jpeg_with_padding_after_eoi ... ok
test parser::filter_impls::generic_region::tests::test_bitmap_combine_no_overlap ... ok
test parser::filter_impls::generic_region::tests::test_bitmap_combine_and ... ok
test parser::filter_impls::generic_region::tests::test_bitmap_combine_or ... ok
test parser::filter_impls::generic_region::tests::test_bitmap_combine_with_offset ... ok
test parser::filter_impls::generic_region::tests::test_bitmap_combine_xor ... ok
test parser::filter_impls::generic_region::tests::test_bitmap_combine_replace ... ok
test parser::filter_impls::generic_region::tests::test_bitmap_copy_row ... ok
test parser::filter_impls::generic_region::tests::test_bitmap_combine_xnor ... ok
test parser::filter_impls::generic_region::tests::test_bitmap_data_access ... ok
test parser::filter_impls::generic_region::tests::test_bitmap_default_pixel_one ... ok
test parser::filter_impls::generic_region::tests::test_bitmap_data_mut_access ... ok
test parser::filter_impls::generic_region::tests::test_bitmap_default_pixel_zero ... ok
test parser::filter_impls::generic_region::tests::test_bitmap_get_pixel_signed ... ok
test parser::filter_impls::generic_region::tests::test_bitmap_get_set_pixel ... ok
test parser::filter_impls::generic_region::tests::test_bitmap_into_packed_bytes_zero_copy ... ok
test parser::filter_impls::generic_region::tests::test_bitmap_new_dimensions ... ok
test parser::filter_impls::generic_region::tests::test_bitmap_row_bytes ... ok
test parser::filter_impls::generic_region::tests::test_bitmap_stride_calculation ... ok
test parser::filter_impls::generic_region::tests::test_bitmap_to_packed_bytes ... ok
test parser::filter_impls::generic_region::tests::test_bitmap_zero_height_handled ... ok
test parser::filter_impls::generic_region::tests::test_bitmap_dimension_limit ... ok
test parser::filter_impls::generic_region::tests::test_bitmap_zero_width_rejected ... ok
test parser::filter_impls::generic_region::tests::test_combination_operator_from_u8 ... ok
test parser::filter_impls::generic_region::tests::test_combination_operator_repr ... ok
test parser::filter_impls::generic_region::tests::test_combine_byte_aligned_and ... ok
test parser::filter_impls::generic_region::tests::test_combine_byte_aligned_or ... ok
test parser::filter_impls::generic_region::tests::test_combine_byte_aligned_partial_last_byte ... ok
test parser::filter_impls::generic_region::tests::test_combine_byte_aligned_replace ... ok
test parser::filter_impls::generic_region::tests::test_combine_byte_aligned_xnor ... ok
test parser::filter_impls::generic_region::tests::test_combine_nonaligned_still_works ... ok
test parser::filter_impls::generic_region::tests::test_combine_byte_aligned_consistency ... ok
test parser::filter_impls::generic_region::tests::test_bitmap_get_pixel_out_of_bounds ... ok
test parser::filter_impls::generic_region::tests::test_compute_context_all_one ... ok
test parser::filter_impls::generic_region::tests::test_compute_context_at_pixel_override ... ok
test parser::filter_impls::generic_region::tests::test_compute_context_template3_known_pattern ... ok
test parser::filter_impls::generic_region::tests::test_compute_context_boundary_pixels ... ok
test parser::filter_impls::dct::tests::test_validate_jpeg_missing_eoi ... ok
test parser::filter_impls::generic_region::tests::test_compute_context_template0_known_pattern ... ok
test parser::filter_impls::generic_region::tests::test_decode_mmr_with_consumed_returns_bytes_used ... ok
test parser::filter_impls::generic_region::tests::test_decode_arith_with_consumed_returns_bytes_used ... ok
test parser::filter_impls::generic_region::tests::test_generic_region_arith_8x8_decodes ... ok
test parser::filter_impls::generic_region::tests::test_generic_region_arith_data_too_short ... ok
test parser::filter_impls::generic_region::tests::test_generic_region_arith_empty_data ... ok
test parser::filter_impls::generic_region::tests::test_generic_region_arith_template1 ... ok
test parser::filter_impls::generic_region::tests::test_generic_region_arith_template2 ... ok
test parser::filter_impls::generic_region::tests::test_generic_region_arith_template3 ... ok
test parser::filter_impls::generic_region::tests::test_generic_region_mmr_all_white ... ok
test parser::filter_impls::generic_region::tests::test_generic_region_mmr_dimensions ... ok
test parser::filter_impls::generic_region::tests::test_generic_region_mmr_empty_data ... ok
test parser::filter_impls::generic_region::tests::test_generic_region_params_debug ... ok
test parser::filter_impls::generic_region::tests::test_generic_region_params_default ... ok
test parser::filter_impls::generic_region::tests::test_match_black_code_all_shared_makeup_present ... ok
test parser::filter_impls::generic_region::tests::test_compute_context_all_zero ... ok
test parser::filter_impls::generic_region::tests::test_generic_region_arith_dimensions_output ... ok
test parser::filter_impls::generic_region::tests::test_generic_region_arith_with_at_pixels ... ok
test parser::filter_impls::generic_region::tests::test_match_black_code_shared_makeup_1792 ... ok
test parser::filter_impls::generic_region::tests::test_match_black_code_shared_makeup_2560 ... ok
test parser::filter_impls::generic_region::tests::test_match_white_code_shared_makeup_1024 ... ok
test parser::filter_impls::generic_region::tests::test_match_white_code_shared_makeup_704 ... ok
test parser::filter_impls::generic_region::tests::test_mmr_black_code_unrecognized_returns_error ... ok
test parser::filter_impls::generic_region::tests::test_match_black_code_shared_makeup_704 ... ok
test parser::filter_impls::generic_region::tests::test_match_white_code_all_shared_makeup_present ... ok
test parser::filter_impls::generic_region::tests::test_template0_context_pixel_count ... ok
test parser::filter_impls::generic_region::tests::test_template2_context_pixel_count ... ok
test parser::filter_impls::generic_region::tests::test_template_debug ... ok
test parser::filter_impls::generic_region::tests::test_template1_context_pixel_count ... ok
test parser::filter_impls::generic_region::tests::test_template3_context_pixel_count ... ok
test parser::filter_impls::generic_region::tests::test_tpgd_enabled_decodes ... ok
test parser::filter_impls::generic_region::tests::test_tpgd_flag_false_no_prediction ... ok
test parser::filter_impls::halftone_region::tests::test_grid_formula_axis_aligned ... ok
test parser::filter_impls::halftone_region::tests::test_grid_formula_diagonal ... ok
test parser::filter_impls::halftone_region::tests::test_grid_formula_rotated_90 ... ok
test parser::filter_impls::halftone_region::tests::test_halftone_region_flags_debug ... ok
test parser::filter_impls::halftone_region::tests::test_halftone_region_flags_default ... ok
test parser::filter_impls::generic_region::tests::test_match_white_code_shared_makeup_2560 ... ok
test parser::filter_impls::halftone_region::tests::test_halftone_region_flags_parse ... ok
test parser::filter_impls::halftone_region::tests::test_halftone_region_flags_skip ... ok
test parser::filter_impls::halftone_region::tests::test_halftone_region_2x2_grid ... ok
test parser::filter_impls::generic_region::tests::test_mmr_white_code_unrecognized_returns_error ... ok
test parser::filter_impls::halftone_region::tests::test_halftone_region_flags_too_short ... ok
test parser::filter_impls::halftone_region::tests::test_halftone_region_output_dimensions ... ok
test parser::filter_impls::halftone_region::tests::test_pattern_dict_debug ... ok
test parser::filter_impls::halftone_region::tests::test_pattern_dict_flags_mmr ... ok
test parser::filter_impls::halftone_region::tests::test_pattern_dict_flags_parse ... ok
test parser::filter_impls::halftone_region::tests::test_pattern_dict_flags_template ... ok
test parser::filter_impls::halftone_region::tests::test_pattern_dict_flags_too_short ... ok
test parser::filter_impls::halftone_region::tests::test_pattern_dict_get_pattern_invalid ... ok
test parser::filter_impls::halftone_region::tests::test_pattern_dict_get_pattern_valid ... ok
test parser::filter_impls::halftone_region::tests::test_pattern_dict_decode_arith ... ok
test parser::filter_impls::halftone_region::tests::test_pattern_dict_pattern_dimensions ... ok
test parser::filter_impls::halftone_region::tests::test_pattern_dict_new ... ok
test parser::filter_impls::halftone_region::tests::test_pattern_dict_flags_default ... ok
test parser::filter_impls::halftone_region::tests::test_halftone_region_no_patterns ... ok
test parser::filter_impls::huffman::tests::test_all_standard_tables_valid ... ok
test parser::filter_impls::huffman::tests::test_build_prefix_codes_single ... ok
test parser::filter_impls::huffman::tests::test_build_prefix_codes_empty ... ok
test parser::filter_impls::huffman::tests::test_build_prefix_codes_simple ... ok
test parser::filter_impls::huffman::tests::test_compiled_standard_tables_initialized ... ok
test parser::filter_impls::huffman::tests::test_compiled_tables_match_dynamic ... ok
test parser::filter_impls::huffman::tests::test_decode_code_too_long ... ok
test parser::filter_impls::huffman::tests::test_decode_multiple_values_sequential ... ok
test parser::filter_impls::huffman::tests::test_decode_with_range_bits ... ok
test parser::filter_impls::huffman::tests::test_decode_oob ... ok
test parser::filter_impls::huffman::tests::test_get_compiled_standard_table_returns_same_reference ... ok
test parser::filter_impls::huffman::tests::test_decode_simple_value ... ok
test parser::filter_impls::huffman::tests::test_huffman_decoder_debug ... ok
test parser::filter_impls::huffman::tests::test_huffman_decoder_get_all_tables ... ok
test parser::filter_impls::huffman::tests::test_huffman_entry_clone ... ok
test parser::filter_impls::huffman::tests::test_huffman_decoder_default ... ok
test parser::filter_impls::huffman::tests::test_huffman_entry_debug ... ok
test parser::filter_impls::huffman::tests::test_huffman_decoder_new ... ok
test parser::filter_impls::huffman::tests::test_huffman_entry_new ... ok
test parser::filter_impls::huffman::tests::test_huffman_error_clone ... ok
test parser::filter_impls::huffman::tests::test_huffman_entry_oob ... ok
test parser::filter_impls::huffman::tests::test_huffman_error_debug ... ok
test parser::filter_impls::huffman::tests::test_huffman_error_display ... ok
test parser::filter_impls::huffman::tests::test_negative_range_values ... ok
test parser::filter_impls::huffman::tests::test_standard_table_debug ... ok
test parser::filter_impls::huffman::tests::test_standard_table_from_u8_invalid ... ok
test parser::filter_impls::huffman::tests::test_huffman_error_std_error_trait ... ok
test parser::filter_impls::huffman::tests::test_standard_table_clone ... ok
test parser::filter_impls::huffman::tests::test_standard_table_repr ... ok
test parser::filter_impls::huffman::tests::test_table_b1_structure ... ok
test parser::filter_impls::huffman::tests::test_table_b14_b15_symmetry ... ok
test parser::filter_impls::huffman::tests::test_table_b2_has_oob ... ok
test parser::filter_impls::jbig2::tests::test_checked_add_overflow_in_decode_segments ... ok
test parser::filter_impls::jbig2::tests::test_checked_add_overflow_in_parse_globals ... ok
test parser::filter_impls::jbig2::tests::test_collect_referred_symbols_empty ... ok
test parser::filter_impls::jbig2::tests::test_collect_referred_symbols_missing ... ok
test parser::filter_impls::huffman::tests::test_standard_table_from_u8_valid ... ok
test parser::filter_impls::huffman::tests::test_decode_int_uses_precompiled ... ok
test parser::filter_impls::jbig2::tests::test_compose_on_page_no_page ... ok
test parser::filter_impls::jbig2::tests::test_decode_jbig2_embedded_stream ... ok
test parser::filter_impls::jbig2::tests::test_corrupted_mq_data_graceful ... ok
test parser::filter_impls::jbig2::tests::test_decode_jbig2_graceful_fallback ... ok
test parser::filter_impls::jbig2::tests::test_decode_jbig2_with_globals ... ok
test parser::filter_impls::jbig2::tests::test_end_of_stripe_no_page ... ok
test parser::filter_impls::jbig2::tests::test_decode_jbig2_output_packed_bits ... ok
test parser::filter_impls::jbig2::tests::test_decode_jbig2_with_file_header ... ok
test parser::filter_impls::jbig2::tests::test_finalize_output_page_1 ... ok
test parser::filter_impls::jbig2::tests::test_generic_region_too_short ... ok
test parser::filter_impls::jbig2::tests::test_globals_before_page_segments ... ok
test parser::filter_impls::jbig2::tests::test_globals_empty ... ok
test parser::filter_impls::jbig2::tests::test_globals_empty_data ... ok
test parser::filter_impls::jbig2::tests::test_invalid_segment_type_skipped ... ok
test parser::filter_impls::jbig2::tests::test_halftone_region_too_short ... ok
test parser::filter_impls::jbig2::tests::test_jbig2_decode_empty_data ... ok
test parser::filter_impls::jbig2::tests::test_end_of_stripe_segment ... ok
test parser::filter_impls::jbig2::tests::test_jbig2_decode_no_params ... ok
test parser::filter_impls::jbig2::tests::test_finalize_output_no_pages ... ok
test parser::filter_impls::jbig2::tests::test_jbig2_decode_params_default ... ok
test parser::filter_impls::jbig2::tests::test_jbig2_decode_params_from_empty_dict ... ok
test parser::filter_impls::jbig2::tests::test_jbig2_decode_params_clone ... ok
test parser::filter_impls::jbig2::tests::test_jbig2_decode_params_with_globals ... ok
test parser::filter_impls::jbig2::tests::test_jbig2_decode_params_debug ... ok
test parser::filter_impls::jbig2::tests::test_jbig2_decode_params_from_dict_no_globals ... ok
test parser::filter_impls::jbig2::tests::test_jbig2_decode_too_short ... ok
test parser::filter_impls::jbig2::tests::test_jbig2_embedded_stream ... ok
test parser::filter_impls::jbig2::tests::test_jbig2_file_id_check ... ok
test parser::filter_impls::jbig2::tests::test_jbig2_decoder_creation ... ok
test parser::filter_impls::jbig2::tests::test_jbig2_decode_params_with_globals_empty_is_valid ... ok
test parser::filter_impls::jbig2::tests::test_jbig2_non_sequential_rejected ... ok
test parser::filter_impls::jbig2::tests::test_pattern_dict_too_short ... ok
test parser::filter_impls::jbig2::tests::test_segment_data_length_limit ... ok
test parser::filter_impls::jbig2::tests::test_multiple_page_segments ... ok
test parser::filter_impls::jbig2::tests::test_referred_segments_limit ... ok
test parser::filter_impls::jbig2::tests::test_segment_header_debug_clone ... ok
test parser::filter_impls::jbig2::tests::test_segment_header_long_page_association ... ok
test parser::filter_impls::jbig2::tests::test_segment_header_referred_to_one ... ok
test parser::filter_impls::jbig2::tests::test_segment_header_basic ... ok
test parser::filter_impls::jbig2::tests::test_segment_header_referred_to_zero ... ok
test parser::filter_impls::jbig2::tests::test_segment_routing_end_of_file ... ok
test parser::filter_impls::jbig2::tests::test_segment_header_too_short ... ok
test parser::filter_impls::jbig2::tests::test_segment_routing_end_of_page ... ok
test parser::filter_impls::jbig2::tests::test_segment_routing_intermediate_stored ... ok
test parser::filter_impls::jbig2::tests::test_segment_routing_page_info ... ok
test parser::filter_impls::jbig2::tests::test_segment_routing_unknown_type ... ok
test parser::filter_impls::jbig2::tests::test_segment_type_values ... ok
test parser::filter_impls::jbig2::tests::test_segment_with_indeterminate_length ... ok
test parser::filter_impls::jbig2::tests::test_text_region_too_short_for_region_info ... ok
test parser::filter_impls::jbig2::tests::test_segment_routing_generic_region_immediate ... ok
test parser::filter_impls::jbig2::tests::test_truncated_segment_data_graceful ... ok
test parser::filter_impls::jbig2::tests::test_segment_header_referred_to_short_form ... ok
test parser::filter_impls::jbig2::tests::test_missing_page_info_segment ... ok
test parser::filter_impls::mq_coder::tests::test_context_update_lps_without_switch ... ok
test parser::filter_impls::mq_coder::tests::test_context_update_lps_with_switch ... ok
test parser::filter_impls::mq_coder::tests::test_context_update_mps ... ok
test parser::filter_impls::mq_coder::tests::test_decode_integer_arith_returns_some ... ok
test parser::filter_impls::mq_coder::tests::test_decode_integer_arith_zero_is_not_none ... ok
test parser::filter_impls::mq_coder::tests::test_mq_context_clone ... ok
test parser::filter_impls::mq_coder::tests::test_mq_context_debug ... ok
test parser::filter_impls::mq_coder::tests::test_mq_context_default ... ok
test parser::filter_impls::mq_coder::tests::test_mq_context_initialization ... ok
test parser::filter_impls::mq_coder::tests::test_mq_decode_context_evolution ... ok
test parser::filter_impls::mq_coder::tests::test_mq_decode_iaid_basic ... ok
test parser::filter_impls::mq_coder::tests::test_mq_decode_iaid_codewidth_too_large ... ok
test parser::filter_impls::mq_coder::tests::test_mq_decode_iaid_codewidth_zero ... ok
test parser::filter_impls::mq_coder::tests::test_mq_decode_iaid_context_too_small ... ok
test parser::filter_impls::mq_coder::tests::test_mq_decode_multiple_bits ... ok
test parser::filter_impls::mq_coder::tests::test_mq_decoder_creation ... ok
test parser::filter_impls::mq_coder::tests::test_mq_decode_simple ... ok
test parser::filter_impls::mq_coder::tests::test_decode_integer_arith_multiple_calls_stable ... ok
test parser::filter_impls::mq_coder::tests::test_mq_byte_stuffing ... ok
test parser::filter_impls::mq_coder::tests::test_lps_exchange_no_panic_on_malformed_data ... ok
test parser::filter_impls::mq_coder::tests::test_mq_decoder_too_short ... ok
test parser::filter_impls::mq_coder::tests::test_qe_table_all_states_valid ... ok
test parser::filter_impls::mq_coder::tests::test_mq_decoder_initial_state ... ok
test parser::filter_impls::mq_coder::tests::test_qe_table_state_0 ... ok
test parser::filter_impls::mq_coder::tests::test_mq_decoder_position_tracking ... ok
test parser::filter_impls::mq_coder::tests::test_qe_table_switch_states ... ok
test parser::filter_impls::page_buffer::tests::test_end_of_page_segment_type49 ... ok
test parser::filter_impls::page_buffer::tests::test_immediate_generic_region_type38 ... ok
test parser::filter_impls::page_buffer::tests::test_all_segment_type_values ... ok
test parser::filter_impls::page_buffer::tests::test_immediate_lossless_generic_region_type39 ... ok
test parser::filter_impls::page_buffer::tests::test_end_of_stripe_segment_type50 ... ok
test parser::filter_impls::page_buffer::tests::test_page_buffer_compose_multiple_regions ... ok
test parser::filter_impls::page_buffer::tests::test_page_buffer_compose_or ... ok
test parser::filter_impls::page_buffer::tests::test_page_buffer_compose_single_region ... ok
test parser::filter_impls::page_buffer::tests::test_page_buffer_compose_replace ... ok
test parser::filter_impls::page_buffer::tests::test_page_buffer_compose_offset ... ok
test parser::filter_impls::page_buffer::tests::test_page_buffer_end_of_stripe_extends ... ok
test parser::filter_impls::page_buffer::tests::test_page_buffer_finalize_packed_bytes ... ok
test parser::filter_impls::mq_coder::tests::test_qe_entry_debug ... ok
test parser::filter_impls::page_buffer::tests::test_page_buffer_into_finalize_zero_copy ... ok
test parser::filter_impls::page_buffer::tests::test_page_buffer_multiple_stripes ... ok
test parser::filter_impls::page_buffer::tests::test_page_buffer_striped_growth ... ok
test parser::filter_impls::page_buffer::tests::test_page_info_combination_operator ... ok
test parser::filter_impls::page_buffer::tests::test_page_buffer_stripe_count ... ok
test parser::filter_impls::page_buffer::tests::test_page_info_debug ... ok
test parser::filter_impls::page_buffer::tests::test_page_info_parse_striped ... ok
test parser::filter_impls::page_buffer::tests::test_page_info_default_pixel ... ok
test parser::filter_impls::page_buffer::tests::test_page_info_parse_fixed_size ... ok
test parser::filter_impls::page_buffer::tests::test_region_segment_info_debug ... ok
test parser::filter_impls::page_buffer::tests::test_page_info_too_short ... ok
test parser::filter_impls::page_buffer::tests::test_region_segment_info_parse ... ok
test parser::filter_impls::page_buffer::tests::test_region_segment_info_too_short ... ok
test parser::filter_impls::page_buffer::tests::test_page_buffer_new ... ok
test parser::filter_impls::symbol_dict::tests::test_decode_symbol_dict_huffman_mode_returns_error ... ok
test parser::filter_impls::page_buffer::tests::test_page_info_resolution ... ok
test parser::filter_impls::symbol_dict::tests::test_decode_symbol_dict_arith_mode ... ok
test parser::filter_impls::symbol_dict::tests::test_decode_symbol_dict_empty ... ok
test parser::filter_impls::symbol_dict::tests::test_export_flags_all_exported ... ok
test parser::filter_impls::symbol_dict::tests::test_decode_symbol_dict_with_referred_symbols ... ok
test parser::filter_impls::symbol_dict::tests::test_export_flags_none_exported ... ok
test parser::filter_impls::symbol_dict::tests::test_decode_symbol_dict_refinement_flag_uses_direct_fallback ... ok
test parser::filter_impls::symbol_dict::tests::test_refinement_region_identity ... ok
test parser::filter_impls::symbol_dict::tests::test_refinement_region_template1 ... ok
test parser::filter_impls::symbol_dict::tests::test_refinement_region_offset ... ok
test parser::filter_impls::symbol_dict::tests::test_refinement_region_size_mismatch ... ok
test parser::filter_impls::symbol_dict::tests::test_symbol_dict_flags_context_bits ... ok
test parser::filter_impls::symbol_dict::tests::test_symbol_dict_flags_default ... ok
test parser::filter_impls::symbol_dict::tests::test_symbol_dict_flags_debug ... ok
test parser::filter_impls::symbol_dict::tests::test_symbol_dict_flags_huffman_table_selectors ... ok
test parser::filter_impls::symbol_dict::tests::test_symbol_dict_flags_parse_all_arith ... ok
test parser::filter_impls::symbol_dict::tests::test_symbol_dict_flags_parse_template_selection ... ok
test parser::filter_impls::symbol_dict::tests::test_symbol_dict_flags_parse_huffman_mode ... ok
test parser::filter_impls::symbol_dict::tests::test_refinement_region_template0 ... ok
test parser::filter_impls::symbol_dict::tests::test_symbol_dict_flags_parse_refinement ... ok
test parser::filter_impls::symbol_dict::tests::test_symbol_dict_flags_refinement_template ... ok
test parser::filter_impls::symbol_dict::tests::test_symbol_dict_get_symbol_valid_index ... ok
test parser::filter_impls::symbol_dict::tests::test_symbol_dict_params_at_pixels_template1 ... ok
test parser::filter_impls::symbol_dict::tests::test_symbol_dict_count_limit ... ok
test parser::filter_impls::symbol_dict::tests::test_symbol_dict_get_symbol_invalid_index ... ok
test parser::filter_impls::symbol_dict::tests::test_symbol_dict_params_at_pixels_template0 ... ok
test parser::filter_impls::symbol_dict::tests::test_symbol_dictionary_default ... ok
test parser::filter_impls::symbol_dict::tests::test_symbol_dictionary_new_empty ... ok
test parser::filter_impls::text_region::tests::test_compute_placement_topleft ... ok
test parser::filter_impls::symbol_dict::tests::test_symbol_dictionary_exported_symbols ... ok
test parser::filter_impls::text_region::tests::test_compute_placement_transposed ... ok
test parser::filter_impls::text_region::tests::test_compute_placement_bottomleft ... ok
test parser::filter_impls::text_region::tests::test_text_region_combination_or ... ok
test parser::filter_impls::symbol_dict::tests::test_symbol_dict_params_default ... ok
test parser::filter_impls::text_region::tests::test_text_region_flags_log_strip_size ... ok
test parser::filter_impls::text_region::tests::test_text_region_flags_debug ... ok
test parser::filter_impls::text_region::tests::test_text_region_flags_parse_basic ... ok
test parser::filter_impls::text_region::tests::test_text_region_combination_replace ... ok
test parser::filter_impls::text_region::tests::test_text_region_flags_default ... ok
test parser::filter_impls::text_region::tests::test_text_region_flags_parse_transposed ... ok
test parser::filter_impls::text_region::tests::test_text_region_huffman_mode ... ok
test parser::filter_impls::text_region::tests::test_text_region_huffman_tables_parse ... ok
test parser::filter_impls::text_region::tests::test_text_region_flags_parse_combination_ops ... ok
test parser::filter_impls::text_region::tests::test_text_region_huffman_tables_default ... ok
test parser::filter_impls::text_region::tests::test_text_region_instance_limit ... ok
test parser::filter_impls::text_region::tests::test_text_region_flags_ref_corner ... ok
test parser::filter_impls::text_region::tests::test_text_region_no_refinement ... ok
test parser::filter_impls::text_region::tests::test_text_region_params_default ... ok
test parser::filter_impls::text_region::tests::test_text_region_params_symbol_id_width ... ok
test parser::filter_impls::text_region::tests::test_text_region_strip_size_1 ... ok
test parser::filter_impls::text_region::tests::test_text_region_num_instances_zero ... ok
test parser::filter_impls::text_region::tests::test_text_region_strip_size_2 ... ok
test parser::filter_impls::text_region::tests::test_text_region_output_dimensions ... ok
test parser::filters::tests::test_apply_filter ... ok
test parser::filters::tests::test_apply_filter_lzw ... ok
test parser::filters::tests::test_apply_filter_dct_decode ... ok
test parser::filters::tests::test_apply_filter_unsupported ... ok
test parser::filters::tests::test_apply_filter_run_length ... ok
test parser::filters::tests::test_apply_filter_with_params_lzw ... ok
test parser::filters::tests::test_apply_filter_with_params_no_predictor ... ok
test parser::filters::tests::test_apply_predictor_none ... ok
test parser::filters::tests::test_apply_filter_with_params_run_length ... ok
test parser::filters::tests::test_apply_predictor_unknown ... ok
test parser::filters::tests::test_ascii85_decode ... ok
test parser::filter_impls::text_region::tests::test_text_region_single_symbol_placement ... ok
test parser::filters::tests::test_ascii_hex_decode ... ok
test parser::filters::tests::test_ascii_hex_decode_invalid ... ok
test parser::filters::tests::test_ascii85_decode_empty ... ok
test parser::filters::tests::test_ascii_hex_decode_no_terminator ... ok
test parser::filters::tests::test_ascii85_decode_invalid ... ok
test parser::filters::tests::test_check_compression_ratio_at_exact_floor_allowed ... ok
test parser::filters::tests::test_check_compression_ratio_large_output_low_ratio_allowed ... ok
test parser::filters::tests::test_check_compression_ratio_small_output_high_ratio_allowed ... ok
test parser::filters::tests::test_check_compression_ratio_large_output_high_ratio_rejected ... ok
test parser::filters::tests::test_check_compression_ratio_zero_input ... ok
test parser::filters::tests::test_check_compression_ratio_normal ... ok
test parser::filters::tests::test_ascii_hex_decode_empty ... ok
test parser::filters::tests::test_decode_stream_filter_array ... ok
test parser::filters::tests::test_decode_stream_invalid_filter ... ok
test parser::filters::tests::test_decode_stream_single_filter ... ok
test parser::filters::tests::test_compressed_xref_integration ... ok
test parser::filters::tests::test_filter_equality ... ok
test parser::filters::tests::test_filter_clone ... ok
test parser::filters::tests::test_decode_stream_invalid_filter_type ... ok
test parser::filters::tests::test_filter_from_name ... ok
test parser::filters::tests::test_flate_bound_exceeds_limit ... ok
test parser::filters::tests::test_flate_bound_at_exact_limit ... ok
test parser::filters::tests::test_flate_bound_empty_input ... ok
test parser::filters::tests::test_flate_bound_within_limit ... ok
test parser::filters::tests::test_flate_decode ... ok
test parser::filters::tests::test_flate_large_high_ratio_still_rejected ... ok
test parser::filters::tests::test_decode_stream_no_filter ... ok
test parser::filters::tests::test_get_filter_params_array ... ok
test parser::filters::tests::test_get_filter_params_dict ... ok
test parser::filters::tests::test_get_filter_params_none ... ok
test parser::filters::tests::test_lzw_bit_reader ... ok
test parser::filters::tests::test_lzw_bit_reader_edge_cases ... ok
test parser::filters::tests::test_lzw_decode_clear_code ... ok
test parser::filters::tests::test_lzw_decode_crosses_9_to_10_bit_boundary_early_change ... ok
test parser::filters::tests::test_lzw_decode_early_change_false ... ok
test parser::filters::tests::test_lzw_decode_empty ... ok
test parser::filters::tests::test_lzw_decode_crosses_boundary_no_early_change ... ok
test parser::filters::tests::test_lzw_decode_invalid_code ... ok
test parser::filters::tests::test_flate_normal_data_succeeds ... ok
test parser::filters::tests::test_lzw_decode_simple ... ok
test parser::filters::tests::test_lzw_decode_growing_codes ... ok
test parser::filters::tests::test_lzw_decode_with_repetition ... ok
test parser::filters::tests::test_paeth_predictor_algorithm ... ok
test parser::filters::tests::test_png_predictor_paeth_filter ... ok
test parser::filters::tests::test_png_predictor_average_filter ... ok
test parser::filters::tests::test_png_predictor_sub_filter ... ok
test parser::filters::tests::test_run_length_decode_empty ... ok
test parser::filters::tests::test_run_length_decode_eod ... ok
test parser::filters::tests::test_png_predictor_up_filter ... ok
test parser::filters::tests::test_png_predictor_up_filter_no_prev ... ok
test parser::filters::tests::test_run_length_decode_error_literal_overflow ... ok
test parser::filters::tests::test_run_length_decode_max_literal ... ok
test parser::filters::tests::test_run_length_decode_error_missing_repeat_byte ... ok
test parser::filters::tests::test_run_length_decode_max_repeat ... ok
test parser::filters::tests::test_run_length_decode_literal ... ok
test parser::filters::tests::test_run_length_decode_mixed ... ok
test parser::filters::tests::test_run_length_decode_single_literal ... ok
test parser::filters::tests::test_run_length_decode_repeat ... ok
test parser::header::tests::test_binary_marker_ascii_only ... ok
test parser::filters::tests::test_run_length_decode_single_repeat ... ok
test parser::header::tests::test_binary_marker_exact_threshold ... ok
test parser::header::tests::test_binary_marker_insufficient_bytes ... ok
test parser::header::tests::test_binary_marker_more_than_threshold ... ok
test parser::header::tests::test_binary_marker_mixed_content ... ok
test parser::header::tests::test_binary_marker_no_comment ... ok
test parser::header::tests::test_binary_marker_very_long_line ... ok
test parser::header::tests::test_empty_input ... ok
test parser::header::tests::test_clone_and_debug ... ok
test parser::header::tests::test_header_case_insensitive ... ok
test parser::header::tests::test_header_longer_line_limit ... ok
test parser::header::tests::test_header_no_newline ... ok
test parser::header::tests::test_header_minimal_length ... ok
test parser::header::tests::test_header_too_many_nulls ... ok
test parser::header::tests::test_header_null_byte_protection ... ok
test parser::header::tests::test_header_too_long ... ok
test parser::header::tests::test_header_version_extraction_edge_cases ... ok
test parser::header::tests::test_header_too_short ... ok
test parser::header::tests::test_header_version_without_dot ... ok
test parser::header::tests::test_header_with_cr_only ... ok
test parser::header::tests::test_header_with_extra_whitespace ... ok
test parser::header::tests::test_header_with_crlf ... ok
test parser::header::tests::test_header_with_extra_text ... ok
test parser::header::tests::test_header_with_multiple_spaces ... ok
test parser::header::tests::test_invalid_header ... ok
test parser::header::tests::test_malformed_version_non_numeric ... ok
test parser::header::tests::test_header_with_leading_garbage ... ok
test parser::header::tests::test_malformed_version_single_digit ... ok
test parser::header::tests::test_parse_pdf_20 ... ok
test parser::header::tests::test_parse_pdf_header_basic ... ok
test parser::header::tests::test_malformed_version_too_many_parts ... ok
test parser::header::tests::test_pdf_version_display ... ok
test parser::header::tests::test_pdf_version_is_supported ... ok
test parser::header::tests::test_parse_pdf_header_with_binary_marker ... ok
test parser::header::tests::test_pdf_version_new ... ok
test parser::header::tests::test_pdf_version_equality ... ok
test parser::header::tests::test_unsupported_version ... ok
test parser::header::tests::test_version_all_supported_ranges ... ok
test parser::lexer::tests::comprehensive_tests::test_lexer_comment_without_newline ... ok
test parser::lexer::tests::comprehensive_tests::test_lexer_all_token_types ... ok
test parser::lexer::tests::comprehensive_tests::test_lexer_empty_input ... ok
test parser::lexer::tests::comprehensive_tests::test_lexer_hexadecimal_strings_odd_length ... ok
test parser::lexer::tests::comprehensive_tests::test_lexer_hexadecimal_strings ... ok
test parser::lexer::tests::comprehensive_tests::test_lexer_error_handling_invalid_hex ... ok
test parser::lexer::tests::comprehensive_tests::test_lexer_hexadecimal_strings_whitespace ... ok
test parser::lexer::tests::comprehensive_tests::test_lexer_keywords ... ok
test parser::lexer::tests::comprehensive_tests::test_lexer_large_numbers ... ok
test parser::lexer::tests::comprehensive_tests::test_lexer_mixed_content ... ok
test parser::lexer::tests::comprehensive_tests::test_lexer_names ... ok
test parser::lexer::tests::comprehensive_tests::test_lexer_names_edge_cases ... ok
test parser::lexer::tests::comprehensive_tests::test_lexer_multiple_comments ... ok
test parser::lexer::tests::comprehensive_tests::test_lexer_integer_edge_cases ... ok
test parser::lexer::tests::comprehensive_tests::test_lexer_names_with_special_chars ... ok
test parser::lexer::tests::comprehensive_tests::test_lexer_nested_arrays ... ok
test parser::lexer::tests::comprehensive_tests::test_lexer_nested_dictionaries ... ok
test parser::lexer::tests::comprehensive_tests::test_lexer_position_tracking ... ok
test parser::lexer::tests::comprehensive_tests::test_lexer_push_token ... ok
test parser::lexer::tests::comprehensive_tests::test_lexer_push_multiple_tokens ... ok
test parser::lexer::tests::comprehensive_tests::test_lexer_read_newline ... ok
test parser::filters::tests::test_flate_high_ratio_small_output_decodes_issue_286 ... ok
test parser::lexer::tests::comprehensive_tests::test_lexer_read_bytes ... ok
test parser::lexer::tests::comprehensive_tests::test_lexer_read_until_sequence ... ok
test parser::lexer::tests::comprehensive_tests::test_lexer_scientific_notation ... ok
test parser::lexer::tests::comprehensive_tests::test_lexer_performance ... ok
test parser::lexer::tests::comprehensive_tests::test_lexer_read_until_sequence_not_found ... ok
test parser::lexer::tests::comprehensive_tests::test_lexer_real_edge_cases ... ok
test parser::lexer::tests::comprehensive_tests::test_lexer_string_literal_escapes ... ok
test parser::lexer::tests::comprehensive_tests::test_lexer_string_literal_nested_parens ... ok
test parser::lexer::tests::comprehensive_tests::test_lexer_very_long_name ... ok
test parser::lexer::tests::comprehensive_tests::test_lexer_special_characters_in_streams ... ok
test parser::lexer::tests::comprehensive_tests::test_lexer_string_literal_empty ... ok
test parser::lexer::tests::comprehensive_tests::test_lexer_very_long_string ... ok
test parser::lexer::tests::comprehensive_tests::test_lexer_whitespace_only ... ok
test parser::lexer::tests::comprehensive_tests::test_token_clone ... ok
test parser::lexer::tests::test_lexer_arrays ... ok
test parser::lexer::tests::test_lexer_basic_tokens ... ok
test parser::lexer::tests::test_lexer_character_encoding_recovery ... ok
test parser::lexer::tests::test_lexer_comments ... ok
test parser::lexer::tests::test_lexer_dictionaries ... ok
test parser::lexer::tests::test_lexer_expect_keyword ... ok
test parser::lexer::tests::test_lexer_find_keyword_ahead ... ok
test parser::lexer::tests::test_lexer_negative_numbers ... ok
test parser::lexer::tests::test_lexer_octal_escape_max_valid_377_raw ... ok
test parser::lexer::tests::test_lexer_octal_escape_overflow_400_raw ... ok
test parser::lexer::tests::test_lexer_octal_escape_overflow_777_raw ... ok
test parser::lexer::tests::test_lexer_octal_escape_overflow_mixed_raw ... ok
test parser::lexer::tests::test_lexer_octal_escape_overflow_no_panic_with_encoding ... ok
test parser::lexer::tests::comprehensive_tests::test_token_debug_trait ... ok
test parser::lexer::tests::test_lexer_references ... ok
test parser::lexer::tests::test_lexer_peek_token ... ok
test parser::lexer::tests::test_lexer_strings ... ok
test parser::object_stream::tests::test_object_stream_parse_missing_first ... ok
test parser::object_stream::tests::test_object_stream_parse_missing_n ... ok
test parser::object_stream::tests::test_xref_entry_type_compressed ... ok
test parser::object_stream::tests::test_xref_entry_type_free ... ok
test parser::object_stream::tests::test_xref_entry_type_in_use ... ok
test parser::objects::tests::comprehensive_tests::test_clone_and_equality ... ok
test parser::objects::tests::comprehensive_tests::test_debug_formatting ... ok
test parser::objects::tests::comprehensive_tests::test_error_handling ... ok
test parser::objects::tests::comprehensive_tests::test_parse_complex_dictionary ... ok
test parser::objects::tests::comprehensive_tests::test_parse_complex_nested_structures ... ok
test parser::objects::tests::comprehensive_tests::test_parse_edge_cases ... ok
test parser::lexer::tests::test_lexer_save_restore_position ... ok
test parser::objects::tests::comprehensive_tests::test_parse_empty_structures ... ok
test parser::objects::tests::comprehensive_tests::test_parse_hex_strings ... ok
test parser::objects::tests::comprehensive_tests::test_parse_literal_strings ... ok
test parser::objects::tests::comprehensive_tests::test_parse_references ... ok
test parser::objects::tests::comprehensive_tests::test_parse_string_with_escapes ... ok
test parser::objects::tests::comprehensive_tests::test_pdf_array_methods ... ok
test parser::objects::tests::comprehensive_tests::test_pdf_dictionary_methods ... ok
test parser::objects::tests::comprehensive_tests::test_pdf_name_methods ... ok
test parser::objects::tests::comprehensive_tests::test_pdf_object_array ... ok
test parser::objects::tests::comprehensive_tests::test_pdf_object_boolean ... ok
test parser::lexer::tests::comprehensive_tests::test_token_equality ... ok
test parser::objects::tests::comprehensive_tests::test_parse_names_with_special_chars ... ok
test parser::objects::tests::comprehensive_tests::test_pdf_object_dictionary ... ok
test parser::objects::tests::comprehensive_tests::test_pdf_object_real ... ok
test parser::objects::tests::comprehensive_tests::test_pdf_object_null ... ok
test parser::objects::tests::comprehensive_tests::test_pdf_object_integer ... ok
test parser::objects::tests::comprehensive_tests::test_pdf_object_name ... ok
test parser::objects::tests::comprehensive_tests::test_pdf_object_string ... ok
test parser::objects::tests::comprehensive_tests::test_pdf_stream_methods ... ok
test parser::objects::tests::comprehensive_tests::test_pdf_string_methods ... ok
test parser::objects::tests::comprehensive_tests::test_performance_large_array ... ok
test parser::objects::tests::test_array_bounds_checking ... ok
test parser::objects::tests::test_concurrent_object_access ... ok
test parser::objects::tests::comprehensive_tests::test_pdf_object_reference ... ok
test parser::objects::tests::comprehensive_tests::test_pdf_object_stream ... ok
test parser::objects::tests::comprehensive_tests::test_performance_large_dictionary ... ok
test parser::objects::tests::test_deep_nesting_limits ... ok
test parser::objects::tests::test_dictionary_case_sensitivity ... ok
test parser::objects::tests::test_lenient_stream_no_endstream_found ... ok
test parser::objects::tests::test_name_object_hash_consistency ... ok
test parser::objects::tests::test_lenient_stream_parsing_too_short ... ok
test parser::objects::tests::test_object_cloning_and_equality ... ok
test parser::objects::tests::test_parse_array ... ok
test parser::objects::tests::test_parse_array_with_references ... ok
test parser::objects::tests::test_parse_dictionary ... ok
test parser::objects::tests::test_parse_simple_objects ... ok
test parser::objects::tests::test_parsing_simple_error_cases ... ok
test parser::objects::tests::test_pdf_array_large_capacity ... ok
test parser::objects::tests::test_pdf_array_nested_structures ... ok
test parser::objects::tests::test_pdf_array_type_mixing ... ok
test parser::objects::tests::test_pdf_dictionary_complex_values ... ok
test parser::objects::tests::test_pdf_dictionary_key_operations ... ok
test parser::objects::tests::test_pdf_dictionary_memory_efficiency ... ok
test parser::objects::tests::test_pdf_name_edge_cases ... ok
test parser::objects::tests::test_pdf_name_special_characters ... ok
test parser::objects::tests::test_pdf_object_type_checking ... ok
test parser::objects::tests::test_pdf_string_binary_data ... ok
test parser::objects::tests::test_pdf_string_encoding_validation ... ok
test parser::objects::tests::test_special_numeric_values ... ok
test parser::objects::tests::test_stream_data_edge_cases ... ok
test parser::objects::tests::test_unicode_string_handling ... ok
test parser::objects::tests::test_lenient_stream_parsing_too_long ... ok
test parser::optimized_reader::tests::rigorous::test_cache_clear_resets_stats ... ok
test parser::optimized_reader::tests::rigorous::test_cache_isolation_between_instances ... ok
test parser::optimized_reader::tests::rigorous::test_catalog_access_requires_valid_trailer ... ok
test parser::optimized_reader::tests::rigorous::test_empty_file_error_handling ... ok
test parser::optimized_reader::tests::rigorous::test_estimate_dictionary_size_formula ... ok
test parser::objects::tests::test_object_reference_validation ... ok
test parser::optimized_reader::tests::rigorous::test_estimate_object_size_exact_values ... ok
test parser::optimized_reader::tests::rigorous::test_estimate_string_size_formula ... ok
test parser::optimized_reader::tests::rigorous::test_find_catalog_when_trailer_missing_root ... ok
test parser::optimized_reader::tests::rigorous::test_get_nonexistent_object ... ok
test parser::optimized_reader::tests::rigorous::test_get_object_wrong_generation ... ok
test parser::optimized_reader::tests::rigorous::test_estimate_array_size_formula ... ok
test parser::optimized_reader::tests::rigorous::test_info_none_when_absent ... ok
test parser::optimized_reader::tests::rigorous::test_invalid_header_error_handling ... ok
test parser::optimized_reader::tests::rigorous::test_load_object_from_disk_free_object ... ok
test parser::optimized_reader::tests::rigorous::test_lru_cache_capacity_enforcement ... ok
test parser::optimized_reader::tests::rigorous::test_load_object_generation_mismatch_strict ... ok
test parser::optimized_reader::tests::rigorous::test_open_from_file_path ... ok
test parser::optimized_reader::tests::rigorous::test_lru_cache_hit_tracking ... ok
test parser::optimized_reader::tests::rigorous::test_open_nonexistent_file ... ok
test parser::optimized_reader::tests::rigorous::test_memory_options_min_cache_size ... ok
test parser::optimized_reader::tests::rigorous::test_options_accessibility ... ok
test parser::optimized_reader::tests::rigorous::test_open_with_memory_options ... ok
test parser::optimized_reader::tests::rigorous::test_version_parsing_exact_values ... ok
test parser::optimized_reader::tests::rigorous::test_reader_with_lenient_options ... ok
test parser::optimized_reader::tests::test_estimate_object_size_edge_cases ... ok
test parser::optimized_reader::tests::test_find_catalog_object_range ... ok
test parser::optimized_reader::tests::test_memory_options_builder_pattern ... ok
test parser::optimized_reader::tests::test_memory_options_default_values ... ok
test parser::optimized_reader::tests::test_memory_options_integration ... ok
test parser::optimized_reader::tests::test_memory_options_validation ... ok
test parser::optimized_reader::tests::rigorous::test_open_strict_mode ... ok
test parser::optimized_reader::tests::test_memory_stats_tracking ... ok
test parser::optimized_reader::tests::test_object_size_estimation_array ... ok
test parser::optimized_reader::tests::test_object_size_estimation_consistency ... ok
test parser::optimized_reader::tests::test_object_size_estimation_dictionary ... ok
test parser::optimized_reader::tests::test_object_size_estimation_mixed_array ... ok
test parser::optimized_reader::tests::test_object_size_estimation_negative_values ... ok
test parser::optimized_reader::tests::test_object_size_estimation_stream ... ok
test parser::optimized_reader::tests::test_object_size_estimation_string_types ... ok
test parser::optimized_reader::tests::test_object_size_estimation_unicode_strings ... ok
test parser::optimized_reader::tests::test_object_size_estimation_zero_values ... ok
test parser::optimized_reader::tests::rigorous::test_reader_with_strict_options ... ok
test parser::optimized_reader::tests::test_optimized_reader_creation_with_options ... ok
test parser::optimized_reader::tests::test_optimized_reader_empty_file ... ok
test parser::optimized_reader::tests::test_optimized_reader_invalid_file ... ok
test parser::optimized_reader::tests::test_optimized_reader_version_access ... ok
test parser::outline::tests::exposes_every_standard_destination_view ... ok
test parser::page_tree::page_tree_tests::tests::test_collect_references ... ok
test parser::page_tree::page_tree_tests::tests::test_collect_references_from_object_stream ... ok
test parser::page_tree::page_tree_tests::tests::test_collect_references_nested_structures ... ok
test parser::page_tree::page_tree_tests::tests::test_collect_references_no_references ... ok
test parser::page_tree::page_tree_tests::tests::test_content_streams_empty ... ok
test parser::page_tree::page_tree_tests::tests::test_multiple_page_cache ... ok
test parser::page_tree::page_tree_tests::tests::test_page_tree_cache_operations ... ok
test parser::page_tree::page_tree_tests::tests::test_page_tree_edge_cases ... ok
test parser::page_tree::page_tree_tests::tests::test_page_tree_get_integer ... ok
test parser::page_tree::page_tree_tests::tests::test_page_tree_get_integer_inherited ... ok
test parser::page_tree::page_tree_tests::tests::test_page_tree_get_integer_non_integer ... ok
test parser::page_tree::page_tree_tests::tests::test_page_tree_get_integer_not_found ... ok
test parser::page_tree::page_tree_tests::tests::test_page_tree_get_integer_priority ... ok
test parser::page_tree::page_tree_tests::tests::test_page_tree_get_rectangle ... ok
test parser::page_tree::page_tree_tests::tests::test_page_tree_get_rectangle_array_with_integers ... ok
test parser::page_tree::page_tree_tests::tests::test_page_tree_get_rectangle_inherited ... ok
test parser::page_tree::page_tree_tests::tests::test_page_tree_get_rectangle_invalid_length ... ok
test parser::page_tree::page_tree_tests::tests::test_page_tree_get_rectangle_missing ... ok
test parser::page_tree::page_tree_tests::tests::test_page_tree_get_rectangle_mixed_types ... ok
test parser::page_tree::page_tree_tests::tests::test_page_tree_get_rectangle_non_array ... ok
test parser::page_tree::page_tree_tests::tests::test_page_tree_get_rectangle_priority ... ok
test parser::page_tree::page_tree_tests::tests::test_page_tree_new ... ok
test parser::page_tree::page_tree_tests::tests::test_page_tree_new_with_pages_dict ... ok
test parser::page_tree::page_tree_tests::tests::test_page_tree_pages_dict_constructor ... ok
test parser::page_tree::page_tree_tests::tests::test_parsed_page_clone ... ok
test parser::page_tree::page_tree_tests::tests::test_parsed_page_clone_with_resources ... ok
test parser::page_tree::page_tree_tests::tests::test_parsed_page_clone_with_resources_preserves_existing ... ok
test parser::page_tree::page_tree_tests::tests::test_parsed_page_debug_trait ... ok
test parser::page_tree::page_tree_tests::tests::test_parsed_page_different_media_boxes ... ok
test parser::page_tree::page_tree_tests::tests::test_parsed_page_dimensions ... ok
test parser::page_tree::page_tree_tests::tests::test_parsed_page_dimensions_rotated_180 ... ok
test parser::optimized_reader::tests::test_object_size_estimation_basic_types ... ok
test parser::optimized_reader::tests::test_object_size_estimation_complex_structure ... ok
test parser::page_tree::page_tree_tests::tests::test_parsed_page_dimensions_rotated_270 ... ok
test parser::page_tree::page_tree_tests::tests::test_parsed_page_dimensions_rotated_90 ... ok
test parser::page_tree::page_tree_tests::tests::test_parsed_page_empty_resources ... ok
test parser::page_tree::page_tree_tests::tests::test_parsed_page_extreme_dimensions ... ok
test parser::page_tree::page_tree_tests::tests::test_parsed_page_get_inherited_resources ... ok
test parser::page_tree::page_tree_tests::tests::test_parsed_page_resources_precedence ... ok
test parser::page_tree::page_tree_tests::tests::test_parsed_page_various_rotations ... ok
test parser::page_tree::tests::test_cache_and_get_page ... ok
test parser::page_tree::tests::test_cache_multiple_pages ... ok
test parser::page_tree::tests::test_clear_cache ... ok
test parser::page_tree::tests::test_get_cached_page_empty ... ok
test parser::page_tree::tests::test_get_page_count ... ok
test parser::page_tree::tests::test_page_tree_cache_overflow ... ok
test parser::page_tree::tests::test_page_tree_get_page_bounds ... ok
test parser::page_tree::tests::test_page_tree_new ... ok
test parser::page_tree::tests::test_page_tree_new_with_pages_dict ... ok
test parser::page_tree::tests::test_page_tree_update_cached_page ... ok
test parser::page_tree::tests::test_parsed_page_clone ... ok
test parser::page_tree::tests::test_parsed_page_creation ... ok
test parser::page_tree::tests::test_parsed_page_get_annotations ... ok
test parser::page_tree::tests::test_parsed_page_get_contents ... ok
test parser::page_tree::tests::test_parsed_page_get_resources ... ok
test parser::page_tree::tests::test_parsed_page_inherited_resources ... ok
test parser::page_tree::page_tree_tests::tests::test_parsed_page_get_resources ... ok
test parser::page_tree::page_tree_tests::tests::test_parsed_page_with_crop_box ... ok
test parser::page_tree::tests::test_parsed_page_properties ... ok
test parser::page_tree::tests::test_parsed_page_width_height ... ok
test parser::reader::tests::find_dict_end_locates_the_closing_marker ... ok
test parser::reader::tests::find_dict_end_matches_nesting ... ok
test parser::reader::tests::find_dict_end_offset_is_a_char_boundary_with_multibyte_content ... ok
test parser::reader::tests::find_dict_end_returns_none_when_unbalanced ... ok
test parser::reader::tests::rigorous::test_catalog_has_required_fields ... ok
test parser::reader::tests::rigorous::test_clear_parse_context ... ok
test parser::reader::tests::rigorous::test_find_byte_pattern_at_start ... ok
test parser::reader::tests::rigorous::test_find_byte_pattern_not_found ... ok
test parser::reader::tests::rigorous::test_find_byte_pattern_basic ... ok
test parser::reader::tests::rigorous::test_get_all_pages_with_info ... ok
test parser::page_tree::tests::test_parsed_page_with_crop_box ... ok
test parser::reader::tests::rigorous::test_info_fields_when_present ... ok
test parser::reader::tests::rigorous::test_get_all_pages_empty_pdf ... ok
test parser::reader::tests::rigorous::test_is_encrypted_on_unencrypted ... ok
test parser::reader::tests::rigorous::test_is_immediate_stream_start_no_stream ... ok
test parser::reader::tests::rigorous::test_is_immediate_stream_start_with_stream ... ok
test parser::reader::tests::rigorous::test_is_immediate_stream_start_with_whitespace ... ok
test parser::reader::tests::rigorous::test_is_unlocked_on_unencrypted ... ok
test parser::reader::tests::rigorous::test_metadata_minimal_pdf ... ok
test parser::reader::tests::rigorous::test_metadata_with_info ... ok
test parser::reader::tests::rigorous::test_info_none_when_absent ... ok
test parser::reader::tests::rigorous::test_page_count_minimal_pdf ... ok
test parser::reader::tests::rigorous::test_page_count_with_info_pdf ... ok
test parser::reader::tests::rigorous::test_pages_returns_pages_dict ... ok
test parser::reader::tests::rigorous::test_into_document_consumes_reader ... ok
test parser::reader::tests::rigorous::test_reader_get_nonexistent_object ... ok
test parser::reader::tests::rigorous::test_reader_empty_file ... ok
test parser::reader::tests::rigorous::test_reader_get_object_wrong_generation ... ok
test parser::reader::tests::rigorous::test_reader_invalid_pdf_header ... ok
test parser::reader::tests::rigorous::test_reader_malformed_version ... ok
test parser::reader::tests::rigorous::test_reader_truncated_header ... ok
test parser::reader::tests::rigorous::test_reader_with_lenient_options ... ok
test parser::reader::tests::rigorous::test_reader_with_strict_options ... ok
test parser::reader::tests::rigorous::test_resolve_direct_object ... ok
test parser::reader::tests::rigorous::test_resolve_reference ... ok
test parser::reader::tests::rigorous::test_resolve_stream_length_direct_integer ... ok
test parser::reader::tests::rigorous::test_resolve_stream_length_negative_integer ... ok
test parser::reader::tests::rigorous::test_resolve_stream_length_non_integer ... ok
test parser::reader::tests::rigorous::test_try_empty_password_on_unencrypted ... ok
test parser::reader::tests::rigorous::test_version_exact_values ... ok
test parser::reader::tests::rigorous::test_parse_context_mut_accessible ... ok
test parser::reader::tests::rigorous::test_version_pdf_20 ... ok
test parser::reader::tests::slice_between_extracts_delimited_content ... ok
test parser::reader::tests::slice_between_never_splits_a_multibyte_char ... ok
test parser::reader::tests::slice_between_searches_the_closer_after_the_opener ... ok
test parser::reader::tests::rigorous::test_reader_options_accessible ... ok
test parser::reader::tests::slice_between_returns_none_when_a_delimiter_is_missing ... ok
test parser::reader::tests::test_document_metadata_clone ... ok
test parser::reader::tests::test_document_metadata_default ... ok
test parser::reader::tests::test_document_metadata_struct ... ok
test parser::reader::tests::test_lenient_stream_parsing ... ok
test parser::reader::tests::test_parse_options_clone ... ok
test parser::reader::tests::test_parse_options_default ... ok
test parser::reader::tests::test_reader_catalog ... ok
test parser::reader::tests::test_reader_cache_behavior ... ok
test parser::reader::tests::test_reader_construction ... ok
test parser::reader::tests::test_reader_corrupt_xref ... ok
test parser::reader::tests::test_reader_empty_pdf ... ok
test parser::reader::tests::test_reader_different_versions ... ok
test parser::reader::tests::test_reader_encryption_detection ... ok
test parser::reader::tests::test_reader_encryption_error_handling ... ok
test parser::reader::tests::test_reader_encryption_handler_access ... ok
test parser::filters::tests::test_flate_high_ratio_small_output_now_decodes ... ok
test parser::reader::tests::test_reader_encryption_integration_edge_cases ... ok
test parser::reader::tests::test_reader_encryption_state_consistency ... ok
test parser::reader::tests::test_reader_encryption_methods_unencrypted ... ok
test parser::reader::tests::test_reader_encryption_with_options ... ok
test parser::reader::tests::test_reader_get_free_object ... ok
test parser::reader::tests::test_reader_get_invalid_object ... ok
test parser::reader::tests::test_reader_info_none ... ok
test parser::reader::tests::test_reader_get_object ... ok
test parser::reader::tests::test_reader_info_present ... ok
test parser::reader::tests::test_reader_into_document ... ok
test parser::reader::tests::test_reader_invalid_pdf ... ok
test parser::reader::tests::test_reader_metadata ... ok
test parser::reader::tests::test_reader_metadata_empty ... ok
test parser::reader::tests::test_reader_object_number_mismatch ... ok
test parser::reader::tests::test_reader_missing_trailer ... ok
test parser::reader::tests::test_reader_page_count ... ok
test parser::reader::tests::test_reader_multiple_password_attempts ... ok
test parser::reader::tests::test_reader_pages_dict ... ok
test parser::reader::tests::test_reader_pdf_with_binary_data ... ok
test parser::reader::tests::test_reader_resolve_non_reference ... ok
test parser::reader::tests::test_reader_version ... ok
test parser::reader::tests::test_reader_trailer_validation_error ... ok
test parser::reader::tests::test_reader_with_options ... ok
test parser::reader::tests::test_reader_wrong_generation ... ok
test parser::reader::tests::test_reader_resolve_reference ... ok
test parser::reader::tests::test_reconstruct_malformed_dict_falls_back_without_panic ... ok
test parser::reader::tests::test_signature_verification_reads_full_file_intentionally ... ok
test parser::reader::tests::test_reconstruct_preserves_filter_array_and_decodeparms ... ok
test parser::reader::tests::test_reconstruct_preserves_non_flate_filter ... ok
test parser::reader::tests::truncate_on_char_boundary_cuts_without_splitting ... ok
test parser::stack_safe::tests::test_child_context ... ok
test parser::stack_safe::tests::test_check_timeout_within_limit ... ok
test parser::stack_safe::tests::test_child_context_is_independent ... ok
test parser::stack_safe::tests::test_complex_reference_scenario ... ok
test parser::stack_safe::tests::test_constants ... ok
test parser::stack_safe::tests::test_cycle_detection ... ok
test parser::stack_safe::tests::test_deep_recursion_simulation ... ok
test parser::stack_safe::tests::test_different_generation_numbers ... ok
test parser::stack_safe::tests::test_exit_at_zero_does_not_underflow ... ok
test parser::stack_safe::tests::test_exit_decrements_depth ... ok
test parser::stack_safe::tests::test_multiple_refs_stack_order ... ok
test parser::stack_safe::tests::test_pop_ref_marks_as_completed ... ok
test parser::stack_safe::tests::test_pop_ref_on_empty_stack ... ok
test parser::stack_safe::tests::test_push_ref_adds_to_active_stack ... ok
test parser::stack_safe::tests::test_recursion_guard ... ok
test parser::stack_safe::tests::test_recursion_guard_fails_at_limit ... ok
test parser::stack_safe::tests::test_recursion_guard_nesting ... ok
test parser::stack_safe::tests::test_recursion_limits ... ok
test parser::stack_safe::tests::test_reference_stack_guard ... ok
test parser::stack_safe::tests::test_reference_stack_guard_circular_detection ... ok
test parser::stack_safe::tests::test_enter_increments_depth ... ok
test parser::stack_safe::tests::test_stack_safe_context_debug ... ok
test parser::stack_safe::tests::test_stack_safe_context_default ... ok
test parser::stack_safe::tests::test_stack_safe_context_new ... ok
test parser::stack_safe::tests::test_stack_safe_context_with_limits ... ok
test parser::stack_safe_tests::tests::test_child_context ... ok
test parser::stack_safe_tests::tests::test_context_exit_idempotent ... ok
test parser::stack_safe_tests::tests::test_deep_recursion_limit ... ok
test parser::stack_safe_tests::tests::test_deeply_nested_arrays ... ok
test parser::stack_safe_tests::tests::test_deeply_nested_dictionaries ... ok
test parser::stack_safe_tests::tests::test_guard_failure_cleanup ... ok
test parser::stack_safe_tests::tests::test_malicious_reference_chain ... ok
test parser::stack_safe_tests::tests::test_multiple_reference_generations ... ok
test parser::stack_safe_tests::tests::test_nested_guards ... ok
test parser::stack_safe_tests::tests::test_circular_reference_detection ... ok
test parser::stack_safe_tests::tests::test_performance_with_many_references ... ok
test parser::stack_safe_tests::tests::test_recursion_guard_raii ... ok
test parser::stack_safe_tests::tests::test_stack_safe_context_custom_limits ... ok
test parser::stack_safe_tests::tests::test_reference_stack_guard_raii ... ok
test parser::stack_safe_tests::tests::test_stack_safe_context_defaults ... ok
test parser::stream_length_tests::stream_length_tests::indirect_length_tests::test_consistency_between_new_and_default_options ... ok
test parser::stream_length_tests::stream_length_tests::indirect_length_tests::test_pdf_reader_new_handles_indirect_length ... ok
test parser::stream_length_tests::stream_length_tests::indirect_length_tests::test_pdf_reader_new_uses_lenient_streams ... ok
test parser::stream_length_tests::stream_length_tests::indirect_length_tests::test_pdf_reader_strict_rejects_indirect_length ... ok
test parser::stream_length_tests::stream_length_tests::test_parse_options_builder_pattern ... ok
test parser::stream_length_tests::stream_length_tests::test_pdf_object_creation ... ok
test parser::stream_length_tests::stream_length_tests::test_stream_length_error_scenarios ... ok
test parser::stream_length_tests::stream_length_tests::test_stream_length_options_custom_lenient ... ok
test parser::stream_length_tests::stream_length_tests::test_stream_length_options_custom_strict ... ok
test parser::stream_length_tests::stream_length_tests::test_stream_length_options_default ... ok
test parser::stream_length_tests::stream_length_tests::test_stream_length_options_lenient_preset ... ok
test parser::stream_length_tests::stream_length_tests::test_stream_length_options_strict_preset ... ok
test parser::stream_length_tests::stream_length_tests::test_stream_length_reference_types ... ok
test parser::stream_length_tests::stream_length_tests::test_stream_parsing_configurations ... ok
test parser::test_helpers::tests::test_minimal_pdf_structure ... ok
test parser::test_helpers::tests::test_pdf_with_version ... ok
test parser::tests::test_module_exports ... ok
test parser::tests::test_parse_error_conversion ... ok
test parser::tests::test_parse_error_messages ... ok
test parser::tests::test_parse_error_variants ... ok
test parser::tests::test_parse_options_builder ... ok
test parser::tests::test_parse_options_default ... ok
test parser::tests::test_parse_options_lenient ... ok
test parser::tests::test_parse_options_modifications ... ok
test parser::tests::test_parse_options_skip_errors ... ok
test parser::tests::test_parse_options_strict ... ok
test parser::tests::test_parse_options_tolerant ... ok
test parser::tests::test_pdf_array_operations ... ok
test parser::tests::test_pdf_dictionary_operations ... ok
test parser::tests::test_pdf_name_operations ... ok
test parser::stack_safe_tests::tests::test_timeout_protection ... ok
test parser::tests::test_pdf_string_operations ... ok
test parser::tests::test_resource_types ... ok
test parser::trailer::tests::test_trailer_all_optional_fields ... ok
test parser::trailer::tests::test_trailer_basic ... ok
test parser::trailer::tests::test_trailer_chain_multiple ... ok
test parser::trailer::tests::test_trailer_chain_ordering ... ok
test parser::trailer::tests::test_trailer_chain_single ... ok
test parser::trailer::tests::test_trailer_encrypt_reference ... ok
test parser::tests::test_pdf_object_creation ... ok
test parser::trailer::tests::test_trailer_invalid_root_type ... ok
test parser::trailer::tests::test_trailer_invalid_size_type ... ok
test parser::trailer::tests::test_trailer_prev_as_float ... ok
test parser::trailer::tests::test_trailer_root_missing ... ok
test parser::trailer::tests::test_trailer_size_missing ... ok
test parser::trailer::tests::test_trailer_validation ... ok
test parser::trailer::tests::test_trailer_with_id ... ok
test parser::trailer::tests::test_trailer_with_info ... ok
test parser::trailer::tests::test_trailer_with_prev ... ok
test parser::trailer::tests::test_trailer_large_values ... ok
test parser::xref::tests::byte_pattern_searches_keep_first_and_last_match_semantics ... ok
test parser::xref::tests::test_add_extended_entry ... ok
test parser::xref::tests::test_circular_reference_detection ... ok
test parser::xref::tests::test_find_xref_offset_edge_cases ... ok
test parser::xref::tests::test_find_xref_offset_missing ... ok
test parser::xref::tests::test_find_xref_offset_simple ... ok
test parser::xref::tests::test_find_xref_offset_with_spaces ... ok
test parser::xref::tests::test_get_entry ... ok
test parser::xref::tests::test_add_entry ... ok
test parser::xref::tests::test_invalid_xref_format ... ok
test parser::xref::tests::test_linearized_xref_detection ... ok
test parser::xref::tests::test_get_extended_entry ... ok
test parser::xref::tests::test_parse_multiple_xref_sections ... ok
test parser::xref::tests::test_parse_obj_header ... ok
test parser::xref::tests::test_offset_validation ... ok
test parser::xref::tests::test_parse_with_options_lenient_vs_strict ... ok
test parser::xref::tests::test_parse_xref_entry ... ok
test parser::xref::tests::test_parse_options_effect ... ok
test parser::xref::tests::test_parse_xref_entry_flexible ... ok
test parser::xref::tests::test_parse_xref_entry_invalid ... ok
test parser::xref::tests::test_parse_xref_entry_invalid_static ... ok
test parser::xref::tests::test_parse_xref_entry_invalid_flag_fallback ... ok
test parser::xref::tests::test_parse_xref_entry_malformed ... ok
test parser::xref::tests::test_parse_xref_entry_various_offsets ... ok
test parser::xref::tests::test_parse_xref_with_prev ... ok
test parser::xref::tests::test_parse_xref_with_comments ... ok
test parser::xref::tests::test_recovery_empty_when_no_objects ... ok
test parser::xref::tests::test_recovery_finds_objects_and_catalog_root ... ok
test parser::xref::tests::test_read_object_window_bounded_and_correct ... ok
test parser::xref::tests::test_recovery_uses_root_from_xref_stream ... ok
test parser::xref::tests::test_scan_and_fill_adds_missing_preserves_present ... ok
test parser::xref::tests::test_scan_object_headers_carry_truncation_no_newline_run ... ok
test parser::xref::tests::test_scan_object_headers_empty_input ... ok
test parser::xref::tests::test_scan_object_headers_finds_simple_headers ... ok
test parser::xref::tests::test_scan_object_headers_ignores_endobj_keyword ... ok
test parser::xref::tests::test_scan_object_headers_chunk_invariant_across_boundaries ... ok
test parser::xref::tests::test_scan_page_object_refs_matches_compact_type_page ... ok
test parser::xref::tests::test_set_trailer ... ok
test parser::xref::tests::test_trailer_getter ... ok
test parser::xref::tests::test_xref_entry_clone ... ok
test parser::xref::tests::test_xref_entry_creation ... ok
test parser::xref::tests::test_xref_entry_equality ... ok
test parser::xref::tests::test_xref_entry_equality_advanced ... ok
test parser::xref::tests::test_xref_entry_ext ... ok
test parser::xref::tests::test_xref_entry_ext_creation ... ok
test parser::xref::tests::test_xref_entry_ext_no_compression ... ok
test parser::xref::tests::test_xref_entry_operations ... ok
test parser::xref::tests::test_xref_entry_overflow ... ok
test parser::xref::tests::test_xref_entry_struct ... ok
test parser::xref::tests::test_xref_entry_with_attached_flag ... ok
test parser::xref::tests::test_xref_offset ... ok
test parser::xref::tests::test_xref_parse_with_fallback ... ok
test parser::xref::tests::test_xref_recovery_no_objects ... ok
test parser::xref::tests::test_xref_recovery_parsing ... ok
test parser::xref::tests::test_xref_recovery_with_stream ... ok
test parser::xref::tests::test_xref_stream_parsing ... ok
test parser::xref::tests::test_xref_subsection_incomplete ... ok
test parser::xref::tests::test_xref_table_add_entry ... ok
test parser::xref::tests::test_scan_object_headers_reads_in_bounded_chunks ... ok
test parser::xref::tests::test_xref_table_add_extended_entry ... ok
test parser::xref::tests::test_xref_table_clone ... ok
test parser::xref::tests::test_xref_table_default ... ok
test parser::xref::tests::test_xref_table_default_advanced ... ok
test parser::xref::tests::test_xref_table_get_nonexistent ... ok
test parser::xref::tests::test_xref_table_merge ... ok
test parser::xref::tests::test_xref_table_new ... ok
test parser::xref::tests::test_xref_table_new_advanced ... ok
test parser::xref::tests::test_xref_table_offset ... ok
test parser::xref::tests::test_xref_table_operations ... ok
test parser::xref::tests::test_xref_table_set_trailer ... ok
test parser::xref::tests::test_xref_table_update_entry ... ok
test parser::xref::tests::test_xref_validation_max_object_exceeds_size ... ok
test parser::xref_stream::tests::test_bytes_needed ... ok
test parser::xref_stream::tests::parse_treats_input_as_already_decoded_flate ... ok
test parser::xref_stream::tests::test_compressed_entry_parsing ... ok
test parser::xref_stream::tests::test_multiple_index_ranges ... ok
test parser::xref_stream::tests::test_read_field ... ok
test parser::xref_stream::tests::test_write_field ... ok
test parser::xref_stream::tests::test_xref_entry_parsing ... ok
test parser::xref_stream::tests::test_xref_stream_builder ... ok
test parser::xref_types::tests::test_custom_entry_info ... ok
test parser::xref_types::tests::test_entry_info ... ok
test parser::xref_types::tests::test_free_entry_info ... ok
test parser::xref_types::tests::test_is_in_use ... ok
test parser::xref_types::tests::test_to_value ... ok
test parser::xref_types::tests::test_xref_entry_type_from_value ... ok
test pdf_objects::tests::test_array ... ok
test pdf_objects::tests::test_array_as_slice ... ok
test pdf_objects::tests::test_array_default ... ok
test pdf_objects::tests::test_array_from_iterator ... ok
test pdf_objects::tests::test_array_from_vec ... ok
test pdf_objects::tests::test_array_get_out_of_bounds ... ok
test pdf_objects::tests::test_array_into_vec ... ok
test pdf_objects::tests::test_array_is_empty ... ok
test pdf_objects::tests::test_array_iter ... ok
test pdf_objects::tests::test_array_with_capacity ... ok
test pdf_objects::tests::test_binary_string ... ok
test pdf_objects::tests::test_binary_string_from_slice ... ok
test pdf_objects::tests::test_binary_string_from_str_method ... ok
test pdf_objects::tests::test_binary_string_from_string ... ok
test pdf_objects::tests::test_binary_string_from_vec ... ok
test pdf_objects::tests::test_binary_string_into_bytes ... ok
test pdf_objects::tests::test_binary_string_try_to_string_valid_utf8 ... ok
test pdf_objects::tests::test_dictionary ... ok
test pdf_objects::tests::test_dictionary_clear ... ok
test pdf_objects::tests::test_dictionary_contains_key ... ok
test pdf_objects::tests::test_dictionary_default ... ok
test pdf_objects::tests::test_dictionary_get_dict ... ok
test pdf_objects::tests::test_dictionary_get_dict_not_dict ... ok
test pdf_objects::tests::test_dictionary_get_mut ... ok
test pdf_objects::tests::test_dictionary_get_type_not_name ... ok
test pdf_objects::tests::test_dictionary_iter ... ok
test pdf_objects::tests::test_dictionary_keys ... ok
test pdf_objects::tests::test_dictionary_remove ... ok
test pdf_objects::tests::test_dictionary_remove_nonexistent ... ok
test pdf_objects::tests::test_dictionary_values ... ok
test pdf_objects::tests::test_dictionary_with_capacity ... ok
test pdf_objects::tests::test_name ... ok
test pdf_objects::tests::test_name_as_ref ... ok
test pdf_objects::tests::test_name_from_str ... ok
test pdf_objects::tests::test_name_from_string ... ok
test pdf_objects::tests::test_name_into_string ... ok
test pdf_objects::tests::test_object_as_array ... ok
test pdf_objects::tests::test_object_as_bool ... ok
test pdf_objects::tests::test_object_as_dict ... ok
test pdf_objects::tests::test_object_as_integer ... ok
test pdf_objects::tests::test_object_as_name ... ok
test pdf_objects::tests::test_object_as_real ... ok
test pdf_objects::tests::test_object_as_reference ... ok
test pdf_objects::tests::test_object_as_stream ... ok
test pdf_objects::tests::test_object_as_string ... ok
test pdf_objects::tests::test_object_conversions ... ok
test pdf_objects::tests::test_object_from_binary_string ... ok
test pdf_objects::tests::test_object_from_array ... ok
test pdf_objects::tests::test_object_from_dictionary ... ok
test pdf_objects::tests::test_object_from_f32 ... ok
test pdf_objects::tests::test_object_from_f64 ... ok
test pdf_objects::tests::test_object_from_i64 ... ok
test pdf_objects::tests::test_object_from_name ... ok
test pdf_objects::tests::test_object_from_object_id ... ok
test pdf_objects::tests::test_object_from_stream ... ok
test pdf_objects::tests::test_object_from_string ... ok
test pdf_objects::tests::test_object_from_tuple ... ok
test pdf_objects::tests::test_object_from_vec ... ok
test pdf_objects::tests::test_object_id ... ok
test pdf_objects::tests::test_object_id_from_tuple ... ok
test pdf_objects::tests::test_object_is_null ... ok
test pdf_objects::tests::test_stream_new ... ok
test pdfa::error::tests::test_pdfa_error_display ... ok
test pdfa::error::tests::test_pdfa_error_from_validation_error ... ok
test pdfa::error::tests::test_validation_error_clone ... ok
test pdfa::error::tests::test_validation_error_debug ... ok
test pdfa::error::tests::test_validation_error_display_encryption ... ok
test pdfa::error::tests::test_validation_error_display_invalid_colorspace ... ok
test pdfa::error::tests::test_validation_error_display_font_not_embedded ... ok
test pdfa::error::tests::test_validation_error_display_lzw ... ok
test pdfa::error::tests::test_validation_error_display_javascript ... ok
test pdfa::error::tests::test_validation_error_display_transparency ... ok
test pdfa::error::tests::test_validation_error_display_pdf_version ... ok
test pdfa::error::tests::test_validation_error_display_xmp_missing ... ok
test pdfa::types::tests::test_pdfa_conformance_clone_eq ... ok
test pdfa::error::tests::test_validation_error_is_send_sync ... ok
test pdfa::types::tests::test_pdfa_conformance_display ... ok
test pdfa::types::tests::test_pdfa_conformance_from_str ... ok
test pdfa::types::tests::test_pdfa_level_conformance ... ok
test pdfa::types::tests::test_pdfa_level_clone_eq ... ok
test pdfa::types::tests::test_pdfa_level_embedded_files ... ok
test pdfa::types::tests::test_pdfa_level_from_str ... ok
test pdfa::types::tests::test_pdfa_level_display ... ok
test pdfa::types::tests::test_pdfa_level_from_str_invalid ... ok
test pdfa::types::tests::test_pdfa_level_lzw ... ok
test pdfa::types::tests::test_pdfa_level_part ... ok
test pdfa::types::tests::test_pdfa_level_iso_reference ... ok
test pdfa::types::tests::test_pdfa_level_required_version ... ok
test pdfa::types::tests::test_pdfa_level_transparency ... ok
test pdfa::types::tests::test_validation_result_add_error ... ok
test pdfa::types::tests::test_validation_result_display_invalid ... ok
test pdfa::types::tests::test_validation_result_add_warning ... ok
test pdfa::types::tests::test_validation_result_display_valid ... ok
test pdfa::types::tests::test_validation_result_new ... ok
test pdfa::types::tests::test_validation_result_with_errors ... ok
test pdfa::types::tests::test_validation_warning_display ... ok
test pdfa::validator::tests::test_check_for_external_action_goto_internal ... ok
test pdfa::validator::tests::test_check_for_external_action_launch ... ok
test pdfa::validator::tests::test_check_for_external_action_gotor ... ok
test pdfa::validator::tests::test_check_stream_for_lzw_array_filter ... ok
test pdfa::validator::tests::test_check_stream_for_lzw_no_filter ... ok
test pdfa::validator::tests::test_check_stream_for_lzw_no_lzw ... ok
test pdfa::validator::tests::test_check_stream_for_lzw_single_filter ... ok
test pdfa::validator::tests::test_is_device_dependent_colorspace ... ok
test pdfa::validator::tests::test_is_javascript_action_no_s_key ... ok
test pdfa::validator::tests::test_is_javascript_action_false ... ok
test pdfa::validator::tests::test_pdfa_conformance_level_a ... ok
test pdfa::validator::tests::test_is_javascript_action_true ... ok
test pdfa::validator::tests::test_pdfa_level_allows_embedded_files ... ok
test pdfa::validator::tests::test_validator_clone ... ok
test pdfa::validator::tests::test_validator_collect_all_errors ... ok
test pdfa::validator::tests::test_validator_debug ... ok
test pdfa::validator::tests::test_validator_level_a2b ... ok
test pdfa::validator::tests::test_validator_level_a3b ... ok
test pdfa::validator::tests::test_validator_new ... ok
test pdfa::xmp::tests::test_xml_escape ... ok
test pdfa::xmp::tests::test_xmp_metadata_clone ... ok
test pdfa::xmp::tests::test_xmp_metadata_new ... ok
test pdfa::validator::tests::test_pdfa_level_allows_lzw ... ok
test parser::reader::tests::test_find_page_objects_bounded ... ok
test pdfa::xmp::tests::test_xmp_metadata_parse_dates ... ok
test parser::reader::tests::test_extract_stream_manually_bounded_honors_length ... ok
test pdfa::xmp::tests::test_xmp_metadata_parse_pdfa_id ... ok
test pdfa::xmp::tests::test_xmp_metadata_parse_simple_tag ... ok
test pdfa::xmp::tests::test_xmp_metadata_to_xml ... ok
test pdfa::xmp::tests::test_xmp_metadata_validate_for_pdfa_missing_id ... ok
test pdfa::xmp::tests::test_xmp_metadata_validate_for_pdfa_with_id ... ok
test pdfa::xmp::tests::test_xmp_metadata_parse_creator_list ... ok
test pdfa::xmp::tests::test_xmp_pdfa_identifier_new ... ok
test pdfa::xmp::tests::test_xmp_pdfa_identifier_to_rdf ... ok
test pdfa::xmp::tests::test_xmp_pdfa_identifier_with_amd ... ok
test pipeline::chunk_metadata::tests::aggregate_picks_char_weighted_dominant_font_and_min_confidence ... ok
test pipeline::chunk_metadata::tests::build_metadata_from_chunk_elements ... ok
test pipeline::chunk_metadata::tests::chunk_id_is_deterministic_and_prefixed ... ok
test pdfa::xmp::tests::test_xmp_pdfa_identifier_clone ... ok
test pipeline::chunk_metadata::tests::chunk_metadata_default_is_empty ... ok
test pipeline::chunk_metadata::tests::citation_anchor_page_span_and_per_page_union_bbox ... ok
test pipeline::chunk_metadata::tests::content_types_and_counts ... ok
test pipeline::chunk_metadata::tests::document_source_with_file_sets_only_supplied_fields ... ok
test pipeline::chunk_metadata::tests::citation_anchor_empty_for_no_elements ... ok
test pipeline::chunk_metadata::tests::heading_only_when_all_titles ... ok
test pipeline::chunk_metadata::tests::table_cols_uses_widest_row ... ok
test pipeline::chunk_metadata::tests::table_dims_none_without_table ... ok
test pipeline::chunk_metadata::tests::table_dims_prefers_rich_structure ... ok
test pipeline::export::tests::multi_level_header_flattens_with_separator ... ok
test pipeline::export::tests::no_structure_table_unchanged ... ok
test pipeline::export::tests::single_header_row_structure_unchanged ... ok
test pipeline::partition::tests::bold_short_title_accepts_bold_short_no_terminator ... ok
test pipeline::chunk_metadata::tests::table_dims_from_largest_table ... ok
test pipeline::partition::tests::bold_short_title_rejects_empty ... ok
test pipeline::partition::tests::bold_short_title_rejects_long_text ... ok
test pipeline::partition::tests::bold_short_title_rejects_non_bold ... ok
test pipeline::partition::tests::bold_short_title_rejects_sentence_with_period ... ok
test pipeline::partition::tests::classify_by_struct_tag_recognizes_artifact ... ok
test pipeline::partition::tests::classify_by_struct_tag_recognizes_heading_tags ... ok
test pipeline::partition::tests::classify_by_struct_tag_recognizes_list_tags ... ok
test pipeline::partition::tests::classify_by_struct_tag_returns_none_for_passthrough_tags ... ok
test pipeline::partition::tests::ends_with_sentence_terminator_table ... ok
test pipeline::partition::tests::bold_short_title_fires_without_struct_tag ... ok
test pipeline::partition::tests::footer_zone_rejects_long_text ... ok
test pipeline::partition::tests::header_zone_accepts_short_text ... ok
test pipeline::partition::tests::header_zone_rejects_long_text ... ok
test pipeline::partition::tests::header_zone_rejects_p_struct_tag ... ok
test pipeline::partition::tests::font_ratio_title_still_works ... ok
test pipeline::partition::tests::heading_path_builds_breadcrumb_by_font_size ... ok
test pipeline::partition::tests::heading_path_unknown_size_title_appends_not_resets ... ok
test pipeline::partition::tests::numeric_prefix_title_accepts_known_patterns ... ok
test pipeline::partition::tests::numeric_prefix_title_rejects_flat_numbered_list_marker ... ok
test pipeline::partition::tests::numeric_prefix_title_rejects_just_over_max_len ... ok
test pipeline::partition::tests::numeric_prefix_title_rejects_long_sentence_without_comma ... ok
test pipeline::partition::tests::numeric_prefix_title_fires_without_bold ... ok
test pipeline::partition::tests::numeric_prefix_title_rejects_lowercase_continuation ... ok
test pipeline::partition::tests::numeric_prefix_title_rejects_money_amount ... ok
test pipeline::partition::tests::numeric_prefix_title_rejects_text_with_comma ... ok
test pipeline::partition::tests::numeric_prefix_title_rejects_text_without_prefix ... ok
test pipeline::partition::tests::numeric_prefix_title_rejects_too_long ... ok
test pipeline::partition::tests::numeric_prefix_title_rejects_version_string ... ok
test pipeline::partition::tests::raw_fragments_drive_cell_text_while_reconstructed_drive_claiming ... ok
test pipeline::partition::tests::struct_tag_h1_yields_title_no_font_ratio_needed ... ok
test pipeline::partition::tests::struct_tag_is_body_recognizes_body_tags ... ok
test pipeline::partition::tests::struct_tag_is_body_returns_false_for_artifact ... ok
test pipeline::partition::tests::struct_tag_is_body_returns_false_for_none ... ok
test pipeline::partition::tests::struct_tag_li_yields_list_item ... ok
test pipeline::partition::tests::struct_tag_p_does_not_block_numeric_prefix_title ... ok
test pipeline::partition::tests::struct_tag_p_overrides_bold_short_heuristic ... ok
test pipeline::rag::tests::labeled_filename_fallback_when_no_title ... ok
test pipeline::rag::tests::labeled_full_fields ... ok
test pipeline::rag::tests::labeled_nothing_is_none ... ok
test pipeline::rag::tests::labeled_section_only_without_source ... ok
test pipeline::rag::tests::labeled_single_page ... ok
test pipeline::rag::tests::labeled_title_only ... ok
test pipeline::rag::tests::prose_filename_fallback_and_no_section ... ok
test pipeline::rag::tests::prose_full_fields ... ok
test pipeline::rag::tests::prose_nothing_is_none ... ok
test pipeline::rag::tests::prose_section_only_without_source ... ok
test pipeline::rag::tests::prose_title_only ... ok
test pipeline::token_counter::tests::word_proxy_matches_split_whitespace ... ok
test recovery::corruption::tests::test_analyze_objects_no_objects ... ok
test recovery::corruption::tests::test_analyze_objects_with_pages ... ok
test recovery::corruption::tests::test_check_eof_missing ... ok
test recovery::corruption::tests::test_check_eof_present ... ok
test recovery::corruption::tests::test_check_header_invalid ... ok
test recovery::corruption::tests::test_check_header_too_short ... ok
test recovery::corruption::tests::test_check_header_valid ... ok
test recovery::corruption::tests::test_corruption_report_creation ... ok
test recovery::corruption::tests::test_corruption_report_debug ... ok
test recovery::corruption::tests::test_corruption_type ... ok
test recovery::corruption::tests::test_corruption_type_debug_clone_eq ... ok
test recovery::corruption::tests::test_corruption_type_multiple ... ok
test recovery::corruption::tests::test_determine_corruption_type_multiple ... ok
test recovery::corruption::tests::test_determine_corruption_type_single ... ok
test recovery::corruption::tests::test_detect_corruption_comprehensive ... ok
test recovery::corruption::tests::test_file_stats_debug ... ok
test recovery::corruption::tests::test_file_stats_default ... ok
test recovery::corruption::tests::test_find_pattern ... ok
test recovery::corruption::tests::test_find_pattern_various_cases ... ok
test recovery::corruption::tests::test_is_corrupted_invalid_file ... ok
test recovery::corruption::tests::test_is_corrupted_nonexistent_file ... ok
test recovery::corruption::tests::test_determine_corruption_type_unknown ... ok
test recovery::corruption::tests::test_is_corrupted_valid_file ... ok
test recovery::corruption::tests::test_recoverable_section_creation ... ok
test recovery::corruption::tests::test_scan_xref_found ... ok
test recovery::corruption::tests::test_scan_xref_not_found ... ok
test recovery::corruption::tests::test_section_type_debug_clone ... ok
test recovery::repair::tests::test_aggressive_repair ... ok
test recovery::repair::tests::test_build_xref_table ... ok
test recovery::repair::tests::test_build_xref_table_empty ... ok
test recovery::repair::tests::test_extract_content_no_text ... ok
test recovery::repair::tests::test_extract_content_partial_limit ... ok
test recovery::repair::tests::test_extract_content_with_text ... ok
test recovery::repair::tests::test_extract_object_id ... ok
test recovery::repair::tests::test_extract_object_id_various_formats ... ok
test recovery::repair::tests::test_find_marker ... ok
test recovery::repair::tests::test_find_marker_multiple_occurrences ... ok
test recovery::repair::tests::test_find_pdf_fragments ... ok
test recovery::repair::tests::test_find_pdf_fragments_incomplete ... ok
test recovery::repair::tests::test_fix_structure_missing_eof ... ok
test recovery::repair::tests::test_fix_structure_missing_header ... ok
test recovery::repair::tests::test_fragment_type_debug ... ok
test recovery::repair::tests::test_minimal_repair_empty_file ... ok
test recovery::repair::tests::test_minimal_repair_valid_file ... ok
test recovery::repair::tests::test_pdf_fragment_debug ... ok
test recovery::repair::tests::test_pdf_fragment_looks_like_page ... ok
test recovery::repair::tests::test_rebuild_xref_with_objects ... ok
test recovery::repair::tests::test_pdf_object_debug ... ok
test recovery::repair::tests::test_reconstruct_fragments_no_fragments ... ok
test recovery::repair::tests::test_reconstruct_fragments_with_pages ... ok
test recovery::repair::tests::test_repair_document_all_strategies ... ok
test recovery::repair::tests::test_repair_result_creation ... ok
test recovery::repair::tests::test_repair_strategy_debug_clone ... ok
test recovery::repair::tests::test_repair_strategy_for_all_corruption_types ... ok
test recovery::repair::tests::test_repair_strategy_selection ... ok
test recovery::repair::tests::test_scan_for_objects ... ok
test recovery::repair::tests::test_scan_for_objects_empty ... ok
test recovery::repair::tests::test_scan_for_objects_no_valid_objects ... ok
test recovery::scanner::tests::test_detect_object_type ... ok
test recovery::scanner::tests::test_detect_object_type_all_types ... ok
test recovery::scanner::tests::test_find_object_start ... ok
test recovery::scanner::tests::test_find_object_start_multiple ... ok
test recovery::scanner::tests::test_object_scanner_creation ... ok
test recovery::scanner::tests::test_object_scanner_default ... ok
test recovery::scanner::tests::test_object_type_equality ... ok
test recovery::scanner::tests::test_object_type_other_variant ... ok
test recovery::scanner::tests::test_object_type_variants ... ok
test recovery::scanner::tests::test_parse_object_header ... ok
test recovery::scanner::tests::test_parse_object_header_edge_cases ... ok
test recovery::scanner::tests::test_quick_scan_nonexistent_file ... ok
test recovery::scanner::tests::test_scan_buffer_invalid_objects ... ok
test recovery::scanner::tests::test_scan_buffer_various_objects ... ok
test recovery::scanner::tests::test_scan_file_with_objects ... ok
test recovery::scanner::tests::test_scan_file_empty ... ok
test recovery::scanner::tests::test_scan_result_creation ... ok
test recovery::scanner::tests::test_scan_result_debug ... ok
test recovery::scanner::tests::test_scan_result_sorting ... ok
test recovery::scanner::tests::test_scan_stats_debug_clone ... ok
test recovery::scanner::tests::test_scan_stats_default ... ok
test recovery::scanner::tests::test_scanned_object_creation ... ok
test recovery::scanner::tests::test_scanned_object_debug_clone ... ok
test recovery::scanner::tests::test_scanned_object_with_offset ... ok
test recovery::scanner::tests::test_scanner_reset ... ok
test recovery::scanner::tests::test_scanner_stats_access ... ok
test recovery::scanner::tests::test_validate_object ... ok
test recovery::scanner::tests::test_validate_object_various_cases ... ok
test recovery::tests::test_analyze_corruption_function ... ok
test recovery::tests::test_partial_recovery_debug ... ok
test recovery::tests::test_partial_recovery_default ... ok
test recovery::tests::test_partial_recovery_empty_warnings ... ok
test recovery::tests::test_partial_recovery_page_ordering ... ok
test recovery::tests::test_partial_recovery_statistics ... ok
test recovery::tests::test_partial_recovery_with_data ... ok
test recovery::tests::test_pdf_recovery_clear_warnings ... ok
test recovery::tests::test_pdf_recovery_creation ... ok
test recovery::tests::test_quick_recover_function ... ok
test recovery::tests::test_recovered_page_creation ... ok
test recovery::tests::test_recovered_page_debug ... ok
test recovery::tests::test_recovered_page_mixed_content ... ok
test recovery::tests::test_recovery_error_count ... ok
test recovery::tests::test_recovery_metadata_extraction ... ok
test recovery::tests::test_recovery_metadata_with_dates ... ok
test recovery::tests::test_recovery_options ... ok
test recovery::tests::test_recovery_options_all_setters ... ok
test recovery::tests::test_recovery_options_chaining ... ok
test pdfa::xmp::tests::test_xmp_metadata_parse_title ... ok
test recovery::tests::test_recovery_options_clone ... ok
test recovery::tests::test_recovery_options_defaults ... ok
test recovery::tests::test_recovery_options_debug ... ok
test recovery::tests::test_recovery_options_with_all_flags ... ok
test recovery::tests::test_recovery_warnings_immutable_access ... ok
test recovery::tests::test_recovery_page_extraction ... ok
test recovery::tests::test_recovery_warnings_accumulation ... ok
test recovery::tests::test_recovery_with_embedded_files ... ok
test recovery::tests::test_recovery_with_max_errors_limit ... ok
test recovery::tests::test_recovery_with_skip_validation ... ok
test recovery::validator::tests::test_check_circular_references ... ok
test recovery::validator::tests::test_circular_reference_different_values ... ok
test recovery::validator::tests::test_corrupted_stream_various_ids ... ok
test recovery::validator::tests::test_is_valid_pdf_nonexistent_file ... ok
test recovery::validator::tests::test_is_valid_pdf_with_invalid_content ... ok
test recovery::validator::tests::test_missing_objects_various_lists ... ok
test recovery::validator::tests::test_multiple_validation_errors ... ok
test recovery::validator::tests::test_pdf_validator_default ... ok
test recovery::validator::tests::test_pdf_validator_max_depth ... ok
test recovery::validator::tests::test_pdf_validator_strict_mode ... ok
test recovery::validator::tests::test_pdf_validator_visited_tracking ... ok
test recovery::validator::tests::test_validate_file_nonexistent ... ok
test recovery::validator::tests::test_validate_file_with_invalid_pdf ... ok
test recovery::validator::tests::test_validate_pdf_nonexistent_file ... ok
test recovery::validator::tests::test_validate_strict_nonexistent_file ... ok
test recovery::validator::tests::test_validate_pdf_with_valid_header ... ok
test recovery::validator::tests::test_validate_strict_with_valid_pdf ... ok
test recovery::validator::tests::test_validate_strict_with_warnings ... ok
test recovery::validator::tests::test_validation_comprehensive_scenario ... ok
test recovery::validator::tests::test_validation_error_corrupted_stream ... ok
test recovery::validator::tests::test_validation_error_debug_clone ... ok
test recovery::validator::tests::test_validation_error_invalid_encoding ... ok
test recovery::validator::tests::test_validation_error_invalid_page_tree ... ok
test recovery::validator::tests::test_validation_error_invalid_xref ... ok
test recovery::validator::tests::test_validation_error_missing_objects ... ok
test recovery::validator::tests::test_validation_error_patterns ... ok
test recovery::validator::tests::test_validation_error_security_violation ... ok
test recovery::validator::tests::test_validation_error_string_contents ... ok
test recovery::validator::tests::test_validation_error_types ... ok
test recovery::validator::tests::test_validation_multiple_warnings ... ok
test recovery::validator::tests::test_validation_result_debug ... ok
test recovery::validator::tests::test_validation_result_default ... ok
test recovery::validator::tests::test_validation_result_edge_cases ... ok
test recovery::validator::tests::test_validation_result_with_errors ... ok
test recovery::validator::tests::test_validation_result_with_only_warnings ... ok
test recovery::validator::tests::test_validation_stats ... ok
test recovery::validator::tests::test_validation_stats_accumulation ... ok
test recovery::validator::tests::test_validation_stats_debug_default ... ok
test recovery::validator::tests::test_validation_stats_increments ... ok
test recovery::validator::tests::test_validator_check_circular_references_clears_visited ... ok
test recovery::validator::tests::test_validator_creation ... ok
test recovery::validator::tests::test_validator_visited_operations ... ok
test recovery::validator::tests::test_validator_with_different_max_depths ... ok
test recovery::xref_recovery::tests::test_btree_map_ordering ... ok
test recovery::xref_recovery::tests::test_build_empty_xref ... ok
test recovery::xref_recovery::tests::test_build_xref_table_with_stats ... ok
test recovery::xref_recovery::tests::test_build_xref_with_objects ... ok
test recovery::tests::test_recovery_with_memory_limit ... ok
test recovery::xref_recovery::tests::test_find_object_pattern ... ok
test recovery::xref_recovery::tests::test_find_object_pattern_edge_cases ... ok
test recovery::xref_recovery::tests::test_find_trailer ... ok
test recovery::xref_recovery::tests::test_find_object_pattern_performance ... ok
test recovery::xref_recovery::tests::test_find_trailer_empty ... ok
test recovery::xref_recovery::tests::test_needs_xref_recovery_nonexistent_file ... ok
test recovery::xref_recovery::tests::test_needs_xref_recovery_empty_file ... ok
test recovery::xref_recovery::tests::test_needs_xref_recovery_with_xref ... ok
test recovery::xref_recovery::tests::test_parse_object_header ... ok
test recovery::xref_recovery::tests::test_parse_object_header_utf8_handling ... ok
test recovery::xref_recovery::tests::test_parse_object_header_various_formats ... ok
test recovery::xref_recovery::tests::test_recover_xref_empty_file ... ok
test recovery::xref_recovery::tests::test_recovery_stats_debug ... ok
test recovery::xref_recovery::tests::test_recovery_stats_default ... ok
test recovery::xref_recovery::tests::test_recover_xref_from_file ... ok
test recovery::xref_recovery::tests::test_recovery_with_high_generation_numbers ... ok
test recovery::xref_recovery::tests::test_scan_buffer_edge_positions ... ok
test recovery::xref_recovery::tests::test_scan_buffer_invalid_objects ... ok
test recovery::xref_recovery::tests::test_scan_buffer_multiple_objects ... ok
test recovery::xref_recovery::tests::test_scan_buffer_no_objects ... ok
test recovery::xref_recovery::tests::test_scan_buffer_single_object ... ok
test recovery::xref_recovery::tests::test_scan_buffer_with_offset ... ok
test recovery::xref_recovery::tests::test_scan_file_io_error_handling ... ok
test recovery::xref_recovery::tests::test_needs_xref_recovery_without_xref ... ok
test recovery::xref_recovery::tests::test_stats_access ... ok
test recovery::xref_recovery::tests::test_verify_object_end ... ok
test recovery::xref_recovery::tests::test_verify_object_end_exact_match ... ok
test recovery::xref_recovery::tests::test_verify_object_end_various_cases ... ok
test recovery::xref_recovery::tests::test_xref_entry_properties ... ok
test recovery::xref_recovery::tests::test_xref_recovery_default ... ok
test recovery::xref_recovery::tests::test_xref_recovery_creation ... ok
test recovery::xref_recovery::tests::test_xref_recovery_large_file_simulation ... ok
test semantic::entity::tests::test_confidence_edge_cases ... ok
test pdfa::xmp::tests::test_xmp_metadata_roundtrip ... ok
test semantic::entity::tests::test_custom_entity_type ... ok
test semantic::entity::tests::test_entity_bounds ... ok
test semantic::entity::tests::test_entity_list_type ... ok
test semantic::entity::tests::test_entity_metadata_with_confidence ... ok
test semantic::entity::tests::test_entity_metadata_builder_chain ... ok
test semantic::entity::tests::test_entity_metadata_with_property ... ok
test semantic::entity::tests::test_entity_metadata_with_schema ... ok
test semantic::entity::tests::test_entity_metadata_new ... ok
test semantic::entity::tests::test_entity_new ... ok
test semantic::entity::tests::test_entity_type_variants ... ok
test semantic::entity::tests::test_entity_serialization ... ok
test semantic::entity::tests::test_entity_type_serialization ... ok
test semantic::entity::tests::test_invoice_entity_with_metadata ... ok
test semantic::entity::tests::test_entity_with_metadata ... ok
test semantic::entity::tests::test_financial_entity_types ... ok
test semantic::export::tests::test_add_entities_different_pages ... ok
test semantic::export::tests::test_add_entity ... ok
test semantic::entity::tests::test_multiple_entities ... ok
test semantic::entity::tests::test_metadata_multiple_properties ... ok
test semantic::export::tests::test_add_multiple_entities_same_page ... ok
test semantic::export::tests::test_entities_on_page ... ok
test semantic::export::tests::test_document_metadata ... ok
test semantic::export::tests::test_entities_by_type ... ok
test semantic::export::tests::test_entity_to_schema_org_basic ... ok
test semantic::export::tests::test_entity_to_schema_org_with_metadata ... ok
test semantic::export::tests::test_entity_map_new ... ok
test semantic::export::tests::test_entity_map_default ... ok
test semantic::export::tests::test_entity_type_to_schema_org_custom ... ok
test semantic::export::tests::test_entity_type_to_schema_org_structure ... ok
test semantic::export::tests::test_export_format_default ... ok
test semantic::export::tests::test_export_format_variants ... ok
test semantic::export::tests::test_schemas ... ok
test semantic::export::tests::test_entity_type_to_schema_org_financial ... ok
test semantic::export::tests::test_entity_type_to_schema_org_identity ... ok
test semantic::export::tests::test_to_json_compact ... ok
test semantic::marking::tests::test_entity_creation ... ok
test semantic::export::tests::test_to_json_ld ... ok
test semantic::export::tests::test_to_json ... ok
test semantic::marking::tests::test_entity_metadata_with_confidence ... ok
test semantic::marking::tests::test_entity_metadata_with_property ... ok
test semantic::marking::tests::test_entity_metadata_with_schema ... ok
test semantic::marking::tests::test_entity_type_variants ... ok
test semantic::marking::tests::test_uuid_simple_format ... ok
test semantic::marking::tests::test_uuid_simple_generates_unique_ids ... ok
test semantic::tests::entity_tests::test_all_entity_types ... ok
test semantic::tests::entity_tests::test_entity_clone ... ok
test semantic::tests::entity_tests::test_entity_metadata_builder ... ok
test semantic::tests::entity_tests::test_entity_metadata_confidence_clamping ... ok
test semantic::tests::entity_tests::test_entity_metadata_multiple_properties ... ok
test semantic::tests::entity_tests::test_entity_metadata_new ... ok
test semantic::tests::entity_tests::test_entity_new ... ok
test semantic::marking::tests::test_entity_metadata_new ... ok
test semantic::tests::entity_tests::test_entity_serialization ... ok
test semantic::tests::entity_tests::test_entity_type_debug ... ok
test semantic::tests::entity_tests::test_entity_type_equality ... ok
test semantic::tests::export_tests::test_entity_map_add_duplicate_schemas ... ok
test semantic::tests::export_tests::test_entity_map_add_entity ... ok
test semantic::tests::entity_tests::test_entity_type_serialization ... ok
test semantic::tests::export_tests::test_entity_map_add_schema ... ok
test semantic::tests::export_tests::test_entity_map_compact_vs_pretty_json ... ok
test semantic::tests::export_tests::test_entity_map_document_metadata ... ok
test semantic::tests::export_tests::test_entity_map_add_entity_preserves_metadata ... ok
test semantic::tests::export_tests::test_entity_map_entities_by_type_empty ... ok
test semantic::marking::tests::test_entity_metadata_chaining ... ok
test semantic::tests::export_tests::test_entity_map_empty_json_export ... ok
test semantic::tests::export_tests::test_entity_map_entities_on_invalid_page ... ok
test semantic::tests::export_tests::test_entity_map_json_serialization_with_metadata ... ok
test semantic::tests::export_tests::test_entity_map_mixed_entity_types ... ok
test semantic::tests::export_tests::test_entity_map_json_deserialize ... ok
test semantic::tests::export_tests::test_entity_map_multiple_pages ... ok
test semantic::tests::export_tests::test_entity_map_page_filter ... ok
test semantic::tests::export_tests::test_entity_map_large_document ... ok
test semantic::tests::export_tests::test_entity_map_to_json ... ok
test semantic::tests::export_tests::test_entity_map_type_filter ... ok
test semantic::tests::export_tests::test_entity_map_unicode_document_metadata ... ok
test semantic::tests::export_tests::test_export_format_copy_trait ... ok
test semantic::tests::export_tests::test_export_format_default ... ok
test semantic::tests::export_tests::test_export_format_variants ... ok
test semantic::tests::export_tests::test_entity_map_to_json_compact ... ok
test semantic::tests::marking_tests::test_entity_bounds_validation ... ok
test semantic::tests::export_tests::test_entity_map_new ... ok
test semantic::tests::marking_tests::test_entity_builder_with_all_methods ... ok
test semantic::tests::marking_tests::test_entity_builder_metadata ... ok
test semantic::tests::marking_tests::test_entity_large_page_numbers ... ok
test recovery::xref_recovery::tests::test_scan_file_with_overlap ... ok
test semantic::tests::marking_tests::test_entity_metadata_confidence_edge_cases ... ok
test semantic::tests::marking_tests::test_entity_metadata_empty_property ... ok
test semantic::tests::marking_tests::test_entity_metadata_long_strings ... ok
test semantic::tests::marking_tests::test_entity_metadata_overwrite_property ... ok
test semantic::tests::marking_tests::test_entity_metadata_special_characters_in_schema ... ok
test semantic::tests::marking_tests::test_entity_id_format ... ok
test semantic::tests::marking_tests::test_entity_metadata_unicode_properties ... ok
test semantic::tests::marking_tests::test_entity_negative_bounds ... ok
test semantic::tests::marking_tests::test_entity_type_display_formatting ... ok
test semantic::tests::marking_tests::test_entity_with_all_metadata_fields ... ok
test semantic::tests::marking_tests::test_entity_zero_size_bounds ... ok
test semantic::tests::marking_tests::test_marking_different_entity_types ... ok
test semantic::tests::marking_tests::test_marking_edge_case_bounds ... ok
test signatures::certificate::tests::test_certificate_validation_result_has_warnings ... ok
test signatures::certificate::tests::test_certificate_validation_result_invalid_when_expired ... ok
test signatures::certificate::tests::test_certificate_validation_result_invalid_when_not_trusted ... ok
test semantic::tests::marking_tests::test_entity_metadata_chain_builder ... ok
test signatures::certificate::tests::test_certificate_validation_result_is_valid ... ok
test signatures::certificate::tests::test_oid_to_short_name_c ... ok
test signatures::certificate::tests::test_oid_to_short_name_cn ... ok
test signatures::certificate::tests::test_oid_to_short_name_o ... ok
test signatures::certificate::tests::test_oid_to_short_name_unknown ... ok
test signatures::certificate::tests::test_trust_store_default ... ok
test signatures::certificate::tests::test_trust_store_empty ... ok
test signatures::certificate::tests::test_trust_store_mozilla_roots ... ok
test signatures::certificate::tests::test_validate_certificate_invalid_der ... ok
test signatures::cms::tests::test_ber_to_der_already_der ... ok
test signatures::certificate::tests::test_certificate_validation_result_no_warnings ... ok
test semantic::tests::marking_tests::test_entity_type_variants ... ok
test signatures::cms::tests::test_ber_to_der_buffer_overread_protection ... ok
test signatures::cms::tests::test_ber_to_der_depth_limit_protection ... ok
test signatures::cms::tests::test_ber_to_der_moderate_nesting_ok ... ok
test signatures::cms::tests::test_ber_to_der_size_limit_protection ... ok
test signatures::cms::tests::test_ber_to_der_valid_conversion ... ok
test signatures::cms::tests::test_contains_indefinite_length_constructed_true ... ok
test signatures::cms::tests::test_ber_to_der_empty_input ... ok
test signatures::cms::tests::test_contains_indefinite_length_primitive_false_positive ... ok
test signatures::cms::tests::test_digest_algorithm_clone_copy ... ok
test signatures::cms::tests::test_digest_algorithm_name ... ok
test signatures::cms::tests::test_digest_algorithm_oid ... ok
test signatures::cms::tests::test_parse_digest_algorithm_sha256 ... ok
test signatures::cms::tests::test_parse_digest_algorithm_sha384 ... ok
test signatures::cms::tests::test_parse_digest_algorithm_sha512 ... ok
test signatures::cms::tests::test_parse_digest_algorithm_unsupported ... ok
test signatures::cms::tests::test_parse_pkcs7_empty_input ... ok
test signatures::cms::tests::test_digest_algorithm_debug ... ok
test signatures::cms::tests::test_ber_to_der_length_zero_octets ... ok
test signatures::cms::tests::test_parse_pkcs7_invalid_der ... ok
test signatures::cms::tests::test_parse_signature_algorithm_rsa_sha256 ... ok
test signatures::cms::tests::test_parse_signature_algorithm_unsupported ... ok
test signatures::cms::tests::test_parsed_signature_clone ... ok
test signatures::cms::tests::test_parsed_signature_debug ... ok
test signatures::cms::tests::test_signature_algorithm_clone_copy ... ok
test signatures::cms::tests::test_signature_algorithm_debug ... ok
test signatures::cms::tests::test_signature_algorithm_digest ... ok
test signatures::cms::tests::test_signature_algorithm_name ... ok
test signatures::detection::tests::test_extract_contents_binary ... ok
test signatures::detection::tests::test_extract_contents_invalid ... ok
test signatures::detection::tests::test_extract_contents_string ... ok
test signatures::detection::tests::test_is_signature_field_false_no_ft ... ok
test signatures::detection::tests::test_is_signature_field_false_text ... ok
test signatures::detection::tests::test_is_signature_field_true ... ok
test signatures::error::tests::test_acroform_not_found_error_display ... ok
test signatures::cms::tests::test_parse_signature_algorithm_ecdsa_sha256 ... ok
test signatures::error::tests::test_all_error_variants_display ... ok
test signatures::error::tests::test_certificate_extraction_failed_error_display ... ok
test signatures::cms::tests::test_parse_signature_algorithm_rejects_digest_mismatch ... ok
test signatures::error::tests::test_certificate_validation_failed_error_display ... ok
test signatures::error::tests::test_error_clone_eq ... ok
test signatures::error::tests::test_error_is_std_error ... ok
test signatures::error::tests::test_hash_verification_failed_error_display ... ok
test signatures::error::tests::test_invalid_byterange_error_display ... ok
test signatures::error::tests::test_missing_field_error_display ... ok
test signatures::error::tests::test_signature_verification_failed_error_display ... ok
test signatures::error::tests::test_unsupported_algorithm_error_display ... ok
test signatures::error::tests::test_byterange_exceeds_document_error_display ... ok
test signatures::integration_tests::test_full_signature_validation_result_all_warnings ... ok
test signatures::integration_tests::test_full_signature_validation_result_debug ... ok
test signatures::integration_tests::test_full_signature_validation_result_has_warnings ... ok
test signatures::integration_tests::test_full_signature_validation_result_invalid_certificate ... ok
test signatures::integration_tests::test_full_signature_validation_result_invalid_hash ... ok
test signatures::integration_tests::test_full_signature_validation_result_invalid_signature ... ok
test signatures::integration_tests::test_full_signature_validation_result_is_valid_all_pass ... ok
test signatures::integration_tests::test_full_signature_validation_result_modified_after_signing ... ok
test signatures::integration_tests::test_full_signature_validation_result_clone ... ok
test signatures::integration_tests::test_full_signature_validation_result_signer_name ... ok
test signatures::integration_tests::test_full_signature_validation_result_signer_name_unknown ... ok
test signatures::permissions::tests::ocr_page_content_is_forbidden_at_every_permission_level ... ok
test signatures::permissions::tests::page_tree_reordering_is_forbidden_at_every_permission_level ... ok
test signatures::permissions::tests::permission_levels_classify_reusable_incremental_edits ... ok
test signatures::permissions::tests::tagged_structure_edits_are_forbidden_at_every_permission_level ... ok
test signatures::error::tests::test_cms_parsing_failed_error_display ... ok
test signatures::permissions::tests::page_tree_mutations_are_forbidden_at_every_permission_level ... ok
test semantic::tests::marking_tests::test_uuid_generation ... ok
test signatures::signing::tests::incremental_signature_rejects_docmdp_reference_to_zero_offset_entry ... ok
test signatures::types::tests::test_byterange_display ... ok
test signatures::types::tests::test_byterange_from_array_negative_offset ... ok
test signatures::types::tests::test_byterange_from_array_odd_elements ... ok
test signatures::types::tests::test_byterange_from_array_too_few_elements ... ok
test signatures::types::tests::test_byterange_from_array_negative_length ... ok
test signatures::types::tests::test_byterange_is_empty ... ok
test signatures::types::tests::test_byterange_from_array_valid ... ok
test signatures::types::tests::test_byterange_validate_first_not_zero ... ok
test signatures::signing::tests::incremental_signature_accepts_free_zero_offset_entry_control ... ok
test signatures::types::tests::test_byterange_validate_valid ... ok
test signatures::types::tests::test_byterange_validate_overlapping ... ok
test signatures::types::tests::test_byterange_total_bytes ... ok
test signatures::types::tests::test_signature_field_clone ... ok
test signatures::types::tests::test_signature_field_contents_size ... ok
test signatures::types::tests::test_signature_field_display ... ok
test signatures::types::tests::test_signature_field_is_pades ... ok
test signatures::types::tests::test_signature_field_is_pkcs7_detached ... ok
test signatures::types::tests::test_signature_field_new ... ok
test signatures::verification::tests::test_compute_pdf_hash_byterange_exceeds_document ... ok
test signatures::verification::tests::test_compute_pdf_hash_deterministic ... ok
test signatures::verification::tests::test_compute_pdf_hash_empty_byterange ... ok
test signatures::verification::tests::test_compute_pdf_hash_multiple_ranges ... ok
test signatures::types::tests::test_byterange_validate_wrong_range_count ... ok
test signatures::verification::tests::test_compute_pdf_hash_sha256 ... ok
test signatures::verification::tests::test_has_incremental_update_empty_byterange ... ok
test signatures::verification::tests::test_compute_pdf_hash_sha384 ... ok
test signatures::verification::tests::test_compute_pdf_hash_sha512 ... ok
test signatures::verification::tests::test_has_incremental_update_no_update ... ok
test signatures::verification::tests::test_has_incremental_update_with_update ... ok
test signatures::verification::tests::test_hash_known_value ... ok
test signatures::verification::tests::test_hash_hex_format ... ok
test signatures::verification::tests::test_hash_verification_result_clone ... ok
test signatures::verification::tests::test_hashes_match_different ... ok
test signatures::verification::tests::test_hash_verification_result_debug ... ok
test signatures::verification::tests::test_hashes_match_different_length ... ok
test signatures::verification::tests::test_hashes_match_empty ... ok
test signatures::verification::tests::test_signature_verification_result_clone ... ok
test signatures::verification::tests::test_signature_verification_result_is_valid_both_valid ... ok
test signatures::verification::tests::test_hashes_match_identical ... ok
test signatures::verification::tests::test_signature_verification_result_debug ... ok
test signatures::verification::tests::test_signature_verification_result_is_valid_hash_invalid ... ok
test streaming::chunk_processor::tests::test_chunk_filtering ... ok
test signatures::verification::tests::test_signature_verification_result_is_valid_signature_invalid ... ok
test streaming::chunk_processor::tests::test_chunk_filtering_multiple_types ... ok
test streaming::chunk_processor::tests::test_chunk_options_all_chunk_types ... ok
test streaming::chunk_processor::tests::test_chunk_options_default ... ok
test streaming::chunk_processor::tests::test_chunk_options_debug_clone ... ok
test streaming::chunk_processor::tests::test_chunk_options_empty_chunk_types ... ok
test streaming::chunk_processor::tests::test_chunk_options_validation ... ok
test streaming::chunk_processor::tests::test_chunk_processor_exact_chunk_size ... ok
test streaming::chunk_processor::tests::test_chunk_processor ... ok
test streaming::chunk_processor::tests::test_chunk_processor_position_tracking ... ok
test streaming::chunk_processor::tests::test_chunk_processor_with_zero_max_size ... ok
test streaming::chunk_processor::tests::test_chunk_type_detection ... ok
test streaming::chunk_processor::tests::test_chunk_type_debug_clone_eq ... ok
test streaming::chunk_processor::tests::test_content_chunk ... ok
test streaming::chunk_processor::tests::test_content_chunk_as_text_with_invalid_utf8 ... ok
test streaming::chunk_processor::tests::test_content_chunk_debug_clone ... ok
test streaming::chunk_processor::tests::test_content_chunk_image_methods ... ok
test streaming::chunk_processor::tests::test_content_chunk_as_text_with_utf8 ... ok
test streaming::chunk_processor::tests::test_content_chunk_non_text_as_text ... ok
test streaming::chunk_processor::tests::test_content_chunk_with_binary_data ... ok
test streaming::chunk_processor::tests::test_detect_form_xobject ... ok
test streaming::chunk_processor::tests::test_content_chunk_size_calculation ... ok
test streaming::chunk_processor::tests::test_detect_chunk_type_edge_cases ... ok
test streaming::chunk_processor::tests::test_large_content_splitting ... ok
test streaming::chunk_processor::tests::test_page_tracking ... ok
test streaming::chunk_processor::tests::test_process_in_chunks_empty_data ... ok
test streaming::chunk_processor::tests::test_process_in_chunks ... ok
test streaming::chunk_processor::tests::test_process_in_chunks_large_buffer ... ok
test streaming::chunk_processor::tests::test_process_in_chunks_with_invalid_options ... ok
test streaming::chunk_processor::tests::test_process_in_chunks_with_callback_error ... ok
test streaming::chunk_processor::tests::test_process_in_chunks_with_io_error ... ok
test streaming::chunk_processor::tests::test_processor_multiple_pages ... ok
test signatures::signing::tests::incremental_signature_ignores_unreferenced_in_use_zero_offset_entry ... ok
test streaming::chunk_processor::tests::test_processor_reset ... ok
test streaming::incremental_parser::tests::test_complete_pdf_parsing_sequence ... ok
test streaming::incremental_parser::tests::test_buffer_management ... ok
test streaming::incremental_parser::tests::test_feed_empty_data ... ok
test streaming::incremental_parser::tests::test_feed_multiple_lines ... ok
test streaming::incremental_parser::tests::test_feed_partial_lines ... ok
test streaming::incremental_parser::tests::test_ignore_input_after_completion ... ok
test streaming::incremental_parser::tests::test_incremental_parser_creation ... ok
test streaming::incremental_parser::tests::test_incremental_parser_default ... ok
test streaming::incremental_parser::tests::test_multiple_objects_in_sequence ... ok
test streaming::incremental_parser::tests::test_object_parsing_with_generation ... ok
test streaming::incremental_parser::tests::test_object_to_stream_transition ... ok
test streaming::incremental_parser::tests::test_parse_eof ... ok
test streaming::incremental_parser::tests::test_parse_event_debug ... ok
test streaming::incremental_parser::tests::test_parse_object_header_invalid ... ok
test streaming::incremental_parser::tests::test_parse_object_header_valid ... ok
test streaming::incremental_parser::tests::test_parse_header ... ok
test streaming::incremental_parser::tests::test_parse_object ... ok
test streaming::incremental_parser::tests::test_parse_stream ... ok
test streaming::incremental_parser::tests::test_parse_xref_entry_invalid ... ok
test streaming::incremental_parser::tests::test_parser_state_debug ... ok
test streaming::incremental_parser::tests::test_parser_state_transitions ... ok
test streaming::incremental_parser::tests::test_parser_with_whitespace_handling ... ok
test streaming::incremental_parser::tests::test_process_incrementally ... ok
test streaming::incremental_parser::tests::test_process_incrementally_empty_reader ... ok
test streaming::incremental_parser::tests::test_process_incrementally_with_callback_error ... ok
test streaming::incremental_parser::tests::test_process_incrementally_with_io_error ... ok
test streaming::incremental_parser::tests::test_stream_data_collection ... ok
test streaming::incremental_parser::tests::test_stream_to_object_transition ... ok
test streaming::incremental_parser::tests::test_parse_xref_entry_valid ... ok
test streaming::incremental_parser::tests::test_take_events_clears_buffer ... ok
test streaming::incremental_parser::tests::test_xref_entry_debug_clone ... ok
test streaming::incremental_parser::tests::test_xref_state_from_any_state ... ok
test streaming::incremental_parser::tests::test_xref_to_trailer_transition ... ok
test streaming::page_streamer::tests::test_extract_text_streaming ... ok
test streaming::page_streamer::tests::test_page_iterator ... ok
test streaming::page_streamer::tests::test_page_iterator_collect ... ok
test streaming::page_streamer::tests::test_page_iterator_creation ... ok
test streaming::page_streamer::tests::test_page_iterator_empty_after_exhaustion ... ok
test streaming::page_streamer::tests::test_page_iterator_enumerate ... ok
test streaming::page_streamer::tests::test_page_iterator_for_loop ... ok
test streaming::page_streamer::tests::test_page_iterator_skip ... ok
test streaming::page_streamer::tests::test_page_iterator_take ... ok
test streaming::page_streamer::tests::test_page_streamer ... ok
test streaming::page_streamer::tests::test_page_streamer_creation ... ok
test streaming::page_streamer::tests::test_page_streamer_exhaustion ... ok
test streaming::page_streamer::tests::test_page_streamer_page_properties ... ok
test streaming::page_streamer::tests::test_page_streamer_seek ... ok
test streaming::page_streamer::tests::test_page_streamer_seek_beyond_pages ... ok
test streaming::page_streamer::tests::test_page_streamer_seek_middle ... ok
test streaming::page_streamer::tests::test_page_streamer_seek_to_zero ... ok
test streaming::page_streamer::tests::test_page_streamer_total_pages ... ok
test streaming::page_streamer::tests::test_process_content ... ok
test streaming::page_streamer::tests::test_streaming_page ... ok
test streaming::page_streamer::tests::test_streaming_page_content_callback_data ... ok
test streaming::page_streamer::tests::test_streaming_page_debug_clone ... ok
test streaming::page_streamer::tests::test_streaming_page_extract_text_different_pages ... ok
test streaming::page_streamer::tests::test_streaming_page_large_dimensions ... ok
test streaming::page_streamer::tests::test_streaming_page_media_box_various_sizes ... ok
test streaming::page_streamer::tests::test_streaming_page_new_for_test ... ok
test streaming::page_streamer::tests::test_streaming_page_process_content_callback_error ... ok
test streaming::page_streamer::tests::test_streaming_page_process_content_multiple_calls ... ok
test streaming::page_streamer::tests::test_streaming_page_zero_dimensions ... ok
test streaming::tests::test_next_page ... ok
test streaming::tests::test_process_pages ... ok
test streaming::tests::test_streaming_document_creation ... ok
test streaming::tests::test_streaming_options_builder ... ok
test streaming::tests::test_streaming_options_default ... ok
test streaming::tests::test_streaming_options_fast ... ok
test streaming::tests::test_streaming_options_minimal ... ok
test streaming::tests::test_streaming_stats ... ok
test streaming::text_streamer::tests::test_buffer_management ... ok
test streaming::text_streamer::tests::test_buffer_size_calculation ... ok
test streaming::text_streamer::tests::test_buffer_with_different_font_names ... ok
test streaming::text_streamer::tests::test_check_buffer_size_edge_cases ... ok
test streaming::text_streamer::tests::test_check_buffer_size_empty ... ok
test streaming::tests::test_memory_management ... ok
test streaming::text_streamer::tests::test_complex_content_operations ... ok
test streaming::text_streamer::tests::test_empty_text_operations ... ok
test streaming::text_streamer::tests::test_extract_text_empty_buffer ... ok
test streaming::text_streamer::tests::test_extract_text_horizontal_sorting ... ok
test streaming::text_streamer::tests::test_extract_text_no_sorting ... ok
test streaming::text_streamer::tests::test_extract_text_single_chunk ... ok
test streaming::text_streamer::tests::test_extract_text_sorted ... ok
test streaming::text_streamer::tests::test_font_name_with_spaces ... ok
test streaming::text_streamer::tests::test_max_buffer_size_zero ... ok
test streaming::text_streamer::tests::test_min_font_size_filter ... ok
test streaming::text_streamer::tests::test_negative_font_size ... ok
test streaming::text_streamer::tests::test_preserve_formatting_option ... ok
test streaming::text_streamer::tests::test_process_chunk_text ... ok
test streaming::text_streamer::tests::test_process_chunk_with_multiple_font_changes ... ok
test streaming::text_streamer::tests::test_process_chunk_multiple_operations ... ok
test streaming::text_streamer::tests::test_sorting_with_equal_positions ... ok
test streaming::text_streamer::tests::test_stream_text_empty_streams ... ok
test streaming::text_streamer::tests::test_stream_text_callback_state ... ok
test streaming::text_streamer::tests::test_process_chunk_error_propagation ... ok
test streaming::text_streamer::tests::test_stream_text_function ... ok
test streaming::text_streamer::tests::test_stream_text_with_error_callback ... ok
test streaming::text_streamer::tests::test_stream_text_with_mixed_content ... ok
test streaming::text_streamer::tests::test_text_chunk ... ok
test streaming::text_streamer::tests::test_text_chunk_debug_clone ... ok
test streaming::text_streamer::tests::test_text_chunk_extreme_positions ... ok
test streaming::text_streamer::tests::test_text_position_nan_handling ... ok
test streaming::text_streamer::tests::test_text_stream_options_default ... ok
test streaming::text_streamer::tests::test_text_chunk_without_font_name ... ok
test streaming::text_streamer::tests::test_text_stream_options_custom ... ok
test streaming::text_streamer::tests::test_text_stream_options_debug_clone ... ok
test streaming::text_streamer::tests::test_text_streamer_begin_text_resets_position ... ok
test streaming::text_streamer::tests::test_text_streamer_clear_buffer ... ok
test streaming::text_streamer::tests::test_text_streamer_creation ... ok
test streaming::text_streamer::tests::test_text_streamer_font_tracking ... ok
test streaming::text_streamer::tests::test_text_streamer_get_buffered_chunks ... ok
test streaming::text_streamer::tests::test_text_streamer_position_tracking ... ok
test streaming::text_streamer::tests::test_text_streamer_accumulated_position ... ok
test streaming::text_streamer::tests::test_text_streamer_process_empty_chunk ... ok
test streaming::text_streamer::tests::test_text_streamer_process_invalid_content ... ok
test streaming::text_streamer::tests::test_text_with_special_characters ... ok
test structure::destination::tests::test_destination_debug_clone ... ok
test structure::destination::tests::test_destination_edge_cases ... ok
test streaming::text_streamer::tests::test_very_large_font_size ... ok
test structure::destination::tests::test_destination_from_array ... ok
test structure::destination::tests::test_destination_from_array_all_types ... ok
test structure::destination::tests::test_destination_from_array_integer_coordinates ... ok
test structure::destination::tests::test_destination_from_array_errors ... ok
test structure::destination::tests::test_destination_from_array_with_nulls ... ok
test structure::destination::tests::test_destination_from_array_with_page_ref ... ok
test structure::destination::tests::test_destination_roundtrip ... ok
test structure::destination::tests::test_destination_to_array_all_types ... ok
test structure::destination::tests::test_destination_to_array_xyz_with_nulls ... ok
test structure::destination::tests::test_destination_to_array_page_ref ... ok
test structure::destination::tests::test_destination_type_debug_clone_partial_eq ... ok
test structure::destination::tests::test_destination_type_all_variants ... ok
test structure::destination::tests::test_fit_b_destinations ... ok
test structure::destination::tests::test_fit_destination ... ok
test structure::destination::tests::test_fit_r_destination ... ok
test structure::destination::tests::test_fit_v_destination ... ok
test structure::destination::tests::test_page_destination_debug_clone ... ok
test structure::destination::tests::test_page_destination_variants ... ok
test structure::destination::tests::test_xyz_destination ... ok
test structure::destination::tests::test_fit_h_destination ... ok
test structure::marked_content::tests::test_bmc_operator ... ok
test structure::marked_content::tests::test_bdc_with_mcid ... ok
test structure::marked_content::tests::test_empty_tag ... ok
test structure::marked_content::tests::test_deep_nesting ... ok
test structure::marked_content::tests::test_finish_with_open_sections ... ok
test structure::marked_content::tests::test_end_without_begin ... ok
test structure::marked_content::tests::test_invalid_tag_name ... ok
test structure::marked_content::tests::test_nested_marked_content ... ok
test structure::marked_content::tests::test_nesting_limit_exceeded ... ok
test structure::marked_content::tests::test_bdc_with_properties ... ok
test structure::marked_content::tests::test_property_enum_equality ... ok
test structure::marked_content::tests::test_reset ... ok
test structure::marked_content::tests::test_property_string_escaping ... ok
test structure::marked_content::tests::test_tag_length_limit ... ok
test structure::marked_content::tests::test_tag_stack ... ok
test structure::marked_content::tests::test_typed_properties ... ok
test structure::marked_content::tests::test_validate_tag_function ... ok
test structure::marked_content::tests::test_tag_validation_alphanumeric ... ok
test structure::marked_content::tests::test_tag_validation_invalid_chars ... ok
test structure::name_tree::tests::test_name_tree_add_multiple ... ok
test structure::name_tree::tests::test_name_tree_add_updates_limits ... ok
test structure::name_tree::tests::test_name_tree_array_values ... ok
test structure::name_tree::tests::test_name_tree_btree_ordering ... ok
test structure::name_tree::tests::test_name_tree_case_sensitive ... ok
test structure::name_tree::tests::test_name_tree_default ... ok
test structure::name_tree::tests::test_name_tree_dictionary_values ... ok
test structure::name_tree::tests::test_name_tree_empty_string_key ... ok
test structure::name_tree::tests::test_name_tree_from_dict ... ok
test structure::name_tree::tests::test_name_tree_from_dict_empty ... ok
test structure::name_tree::tests::test_name_tree_from_dict_non_string_keys ... ok
test structure::name_tree::tests::test_name_tree_from_dict_odd_length_array ... ok
test structure::name_tree::tests::test_name_tree_from_dict_various_value_types ... ok
test structure::name_tree::tests::test_name_tree_get_nonexistent ... ok
test structure::name_tree::tests::test_name_tree_node_debug_clone ... ok
test structure::name_tree::tests::test_name_tree_add ... ok
test structure::name_tree::tests::test_name_tree_node_empty_leaf ... ok
test structure::name_tree::tests::test_name_tree_node_intermediate ... ok
test structure::name_tree::tests::test_name_tree_node_leaf ... ok
test structure::name_tree::tests::test_name_tree_node_to_dict_intermediate ... ok
test structure::name_tree::tests::test_name_tree_overwrite_value ... ok
test structure::name_tree::tests::test_name_tree_to_dict ... ok
test structure::name_tree::tests::test_name_tree_to_dict_multiple_entries ... ok
test structure::name_tree::tests::test_name_tree_unicode_names ... ok
test structure::name_tree::tests::test_named_destinations ... ok
test structure::name_tree::tests::test_named_destinations_add_and_get ... ok
test structure::name_tree::tests::test_named_destinations_default ... ok
test structure::name_tree::tests::test_named_destinations_get_non_array_value ... ok
test structure::name_tree::tests::test_named_destinations_to_dict ... ok
test structure::outline::tests::test_outline_builder ... ok
test structure::outline::tests::test_outline_builder_auto_pop ... ok
test structure::outline::tests::test_outline_builder_default ... ok
test structure::outline::tests::test_outline_builder_empty_pop ... ok
test structure::outline::tests::test_outline_builder_nested_structure ... ok
test structure::outline::tests::test_outline_complex_visibility ... ok
test structure::outline::tests::test_outline_count ... ok
test structure::outline::tests::test_outline_flags ... ok
test structure::outline::tests::test_outline_flags_debug_clone_default ... ok
test structure::outline::tests::test_outline_hierarchy ... ok
test structure::outline::tests::test_outline_item_bold_italic ... ok
test structure::outline::tests::test_outline_item_builder ... ok
test structure::outline::tests::test_outline_item_count_deep_hierarchy ... ok
test structure::outline::tests::test_outline_item_debug_clone ... ok
test structure::outline::tests::test_outline_item_italic ... ok
test structure::outline::tests::test_outline_item_new ... ok
test structure::outline::tests::test_outline_item_to_dict_basic ... ok
test structure::outline::tests::test_outline_item_to_dict_closed_with_children ... ok
test structure::outline::tests::test_outline_item_to_dict_no_flags ... ok
test structure::outline::tests::test_outline_item_to_dict_with_children ... ok
test structure::outline::tests::test_outline_item_to_dict_with_color_rgb ... ok
test structure::outline::tests::test_outline_item_to_dict_with_color_cmyk ... ok
test structure::outline::tests::test_outline_item_to_dict_with_color_gray ... ok
test structure::outline::tests::test_outline_item_to_dict_with_destination ... ok
test structure::outline::tests::test_outline_item_to_dict_with_flags ... ok
test structure::outline::tests::test_outline_item_to_dict_with_siblings ... ok
test structure::outline::tests::test_outline_item_with_complex_destination ... ok
test structure::outline::tests::test_outline_item_with_different_colors ... ok
test structure::outline::tests::test_outline_tree_add_multiple_items ... ok
test structure::outline::tests::test_outline_tree_default ... ok
test structure::outline::tests::test_outline_tree_empty_counts ... ok
test structure::outline::tests::test_outline_tree_with_closed_items ... ok
test structure::page_tree::tests::test_add_page ... ok
test structure::page_tree::tests::test_node_to_dict ... ok
test structure::page_tree::tests::test_page_tree_add_kid_to_invalid_parent ... ok
test structure::page_tree::tests::test_page_tree_add_page_to_non_existent_parent ... ok
test structure::page_tree::tests::test_page_tree_add_pages_node ... ok
test structure::page_tree::tests::test_page_tree_add_pages_node_without_parent ... ok
test structure::page_tree::tests::test_page_tree_builder ... ok
test structure::page_tree::tests::test_page_tree_builder_empty ... ok
test structure::page_tree::tests::test_page_tree_builder_large_number_of_pages ... ok
test structure::page_tree::tests::test_page_tree_builder_with_custom_start_id ... ok
test structure::page_tree::tests::test_page_tree_different_page_sizes ... ok
test structure::page_tree::tests::test_page_tree_get_page_invalid_index ... ok
test structure::page_tree::tests::test_page_tree_multiple_pages ... ok
test structure::page_tree::tests::test_page_tree_nested_structure ... ok
test structure::page_tree::tests::test_page_tree_new ... ok
test structure::page_tree::tests::test_page_tree_node_clone ... ok
test structure::page_tree::tests::test_page_tree_node_to_dict_invalid_node ... ok
test structure::page_tree::tests::test_page_tree_node_to_dict_page_node ... ok
test structure::page_tree::tests::test_page_tree_node_to_dict_root_no_parent ... ok
test structure::page_tree::tests::test_page_tree_node_to_dict_with_media_box ... ok
test structure::page_tree::tests::test_page_tree_node_to_dict_with_parent ... ok
test structure::page_tree::tests::test_page_tree_node_to_dict_with_resources ... ok
test structure::page_tree::tests::test_page_tree_page_map ... ok
test structure::page_tree::tests::test_page_tree_update_ancestor_counts ... ok
test structure::tagged::tests::test_custom_structure_type ... ok
test structure::tagged::tests::test_marked_content_references ... ok
test structure::tagged::tests::test_role_map ... ok
test structure::tagged::tests::test_standard_structure_type_names ... ok
test structure::page_tree::tests::test_page_tree_node_page_variant ... ok
test structure::tagged::tests::test_struct_tree_creation ... ok
test structure::tagged::tests::test_standard_structure_type_parsing ... ok
test structure::tagged::tests::test_struct_tree_error_handling ... ok
test structure::tagged::tests::test_struct_tree_hierarchy ... ok
test structure::page_tree::tests::test_page_tree_empty_kids_array ... ok
test templates::context::tests::test_context_merge ... ok
test templates::context::tests::test_nested_objects ... ok
test templates::context::tests::test_template_context_basic ... ok
test structure::tagged::tests::test_structure_attributes_builder ... ok
test templates::context::tests::test_template_value_conversions ... ok
test templates::context::tests::test_variable_not_found ... ok
test templates::error::tests::test_all_variants_debug ... ok
test templates::error::tests::test_circular_reference_display ... ok
test structure::tagged::tests::test_structure_element_creation ... ok
test templates::error::tests::test_empty_string_errors ... ok
test templates::error::tests::test_error_clone ... ok
test templates::error::tests::test_error_debug ... ok
test templates::error::tests::test_error_is_std_error ... ok
test templates::error::tests::test_from_regex_error ... ok
test templates::error::tests::test_invalid_placeholder_display ... ok
test templates::error::tests::test_invalid_variable_name_display ... ok
test templates::error::tests::test_error_display ... ok
test templates::error::tests::test_parse_error_display ... ok
test templates::error::tests::test_template_result_ok ... ok
test templates::error::tests::test_template_result_err ... ok
test templates::error::tests::test_render_error_display ... ok
test templates::error::tests::test_unicode_in_errors ... ok
test templates::integration_test::tests::test_nested_object_deep ... ok
test templates::error::tests::test_variable_not_found_display ... ok
test templates::integration_test::tests::test_template_analysis ... ok
test templates::integration_test::tests::test_template_error_handling ... ok
test templates::parser::tests::test_basic_placeholder_parsing ... ok
test templates::parser::tests::test_count_placeholders ... ok
test templates::integration_test::tests::test_invoice_template_integration ... ok
test templates::integration_test::tests::test_template_render_simple ... ok
test templates::parser::tests::test_has_placeholders ... ok
test templates::parser::tests::test_get_variable_names ... ok
test templates::parser::tests::test_dot_notation_variables ... ok
test templates::parser::tests::test_invalid_variable_names ... ok
test templates::parser::tests::test_placeholder_positions ... ok
test templates::parser::tests::test_invalid_placeholder_patterns ... ok
test templates::parser::tests::test_whitespace_handling ... ok
test templates::renderer::tests::test_basic_rendering ... ok
test templates::renderer::tests::test_complex_template ... ok
test templates::renderer::tests::test_duplicate_placeholders ... ok
test templates::renderer::tests::test_missing_variable_error ... ok
test templates::renderer::tests::test_get_variables ... ok
test templates::renderer::tests::test_render_simple ... ok
test templates::renderer::tests::test_nested_variables ... ok
test templates::renderer::tests::test_number_and_boolean_values ... ok
test templates::renderer::tests::test_template_without_placeholders ... ok
test tests::test_color_creation ... ok
test tests::test_create_empty_document ... ok
test tests::test_create_page ... ok
test templates::renderer::tests::test_template_analysis ... ok
test tests::test_document_with_metadata ... ok
test tests::test_error_types ... ok
test tests::test_font_types ... ok
test tests::test_image_types ... ok
test templates::renderer::tests::test_template_validation ... ok
test tests::test_module_exports ... ok
test tests::test_ocr_types ... ok
test tests::test_pdf_version_constants ... ok
test tests::test_text_utilities ... ok
test tests::test_version_info ... ok
test tests::test_version_string_format ... ok
test text::cmap::tests::bfrange_array_form_increments_src_with_big_endian_carry ... ok
test text::cmap::tests::bfrange_array_form_with_empty_array_emits_zero_mappings_no_panic ... ok
test text::cmap::tests::boe_single_line_codespacerange_parses_full_cmap ... ok
test text::cmap::tests::increment_be_carries_across_byte_boundary ... ok
test text::cmap::tests::lone_gt_delimiter_terminates ... ok
test text::cmap::tests::mixed_single_line_and_multi_line_directives_parse ... ok
test tests::test_page_creation_variants ... ok
test text::cmap::tests::single_line_beginbfchar_parses ... ok
test text::cmap::tests::single_line_beginbfrange_parses ... ok
test text::cmap::tests::source_code_for_unicode_resolves_single_and_range_mappings ... ok
test text::cmap::tests::stray_close_delimiters_do_not_hang_tokenizer ... ok
test text::cmap::tests::test_calculate_offset ... ok
test text::cmap::tests::test_calculate_offset_with_byte_borrow ... ok
test text::cmap::tests::test_cmap_to_unicode ... ok
test text::cmap::tests::test_code_range ... ok
test text::cmap::tests::test_identity_cmap ... ok
test text::cmap::tests::test_multibyte_mapping ... ok
test text::cmap::tests::test_one_byte_bfchar_under_two_byte_codespace ... ok
test text::cmap::tests::test_parse_hex ... ok
test text::cmap::tests::test_simple_cmap_parsing ... ok
test text::cmap::tests::test_tounicode_builder ... ok
test text::cmap::tests::unterminated_hex_string_does_not_discard_following_mappings ... ok
test text::cmap::tests::usecmap_external_ucs2_parent_maps_to_ordering ... ok
test text::cmap::tests::usecmap_identity_h_inheritance_provides_fallback ... ok
test text::cmap::tests::usecmap_identity_v_inheritance_provides_fallback ... ok
test text::cmap::tests::usecmap_non_identity_parent_does_not_enable_identity_fallback ... ok
test text::cmap_tests::tests::test_cmap_builder_large_mapping ... ok
test text::cmap_tests::tests::test_cmap_entry_range ... ok
test text::cmap_tests::tests::test_cmap_entry_single ... ok
test text::cmap_tests::tests::test_cmap_identity_h ... ok
test text::cmap_tests::tests::test_cmap_identity_v ... ok
test text::cmap_tests::tests::test_cmap_parse_simple ... ok
test text::cmap_tests::tests::test_cmap_parse_with_ranges ... ok
test text::cmap_tests::tests::test_cmap_to_unicode_utf16 ... ok
test text::cmap::tests::test_bf_range_mapping ... ok
test text::cmap_tests::tests::test_cmap_valid_codespace ... ok
test text::cmap_tests::tests::test_code_range_basic ... ok
test text::cmap_tests::tests::test_code_range_multibyte ... ok
test text::cmap_tests::tests::test_string_to_utf16_be ... ok
test text::cmap_tests::tests::test_tounicode_builder_multibyte ... ok
test text::cmap_tests::tests::test_hex_string ... ok
test text::cmap_tests::tests::test_tounicode_builder_single_byte ... ok
test text::encoding::tests::escape_show_text_literal_bytes_named_escape_parity ... ok
test text::encoding::tests::escape_show_text_literal_bytes_octal_fallback_three_digits ... ok
test text::encoding::tests::test_empty_string_encoding ... ok
test text::encoding::tests::escape_show_text_literal_bytes_printable_ascii_passthrough ... ok
test text::encoding::tests::test_encoding_clone ... ok
test text::encoding::tests::test_encoding_copy ... ok
test text::encoding::tests::test_encoding_debug ... ok
test text::encoding::tests::test_encoding_equality ... ok
test text::encoding::tests::test_long_text_encoding_roundtrip ... ok
test text::encoding::tests::test_mac_roman_decode_extended_range ... ok
test text::encoding::tests::test_mac_roman_decode_high_range ... ok
test text::encoding::tests::test_mac_roman_encode_special_characters ... ok
test text::encoding::tests::test_mac_roman_decode_final_range ... ok
test text::encoding::tests::test_mac_roman_encode_symbols ... ok
test text::encoding::tests::test_mac_roman_encoding_basic_ascii ... ok
test text::encoding::tests::test_mac_roman_unmapped_character ... ok
test text::encoding::tests::test_mac_roman_encoding_special_chars ... ok
test text::encoding::tests::test_pdf_doc_encoding ... ok
test text::encoding::tests::test_pdf_doc_encoding_basic_ascii ... ok
test text::encoding::tests::test_standard_encoding_basic_ascii ... ok
test text::encoding::tests::test_text_encoding_variants ... ok
test text::encoding::tests::test_win_ansi_ascii_range ... ok
test text::encoding::tests::test_win_ansi_decode_all_special_bytes ... ok
test text::encoding::tests::test_win_ansi_decode_undefined_bytes ... ok
test text::encoding::tests::test_win_ansi_encode_all_special_mappings ... ok
test text::encoding::tests::test_win_ansi_encoding_basic_ascii ... ok
test text::encoding::tests::test_win_ansi_encoding_latin_supplement ... ok
test text::encoding::tests::test_win_ansi_encoding_round_trip_special_chars ... ok
test text::encoding::tests::test_win_ansi_encoding_special_characters ... ok
test text::encoding::tests::test_win_ansi_encoding_special_chars ... ok
test text::encoding::tests::test_win_ansi_encoding_unmapped_character ... ok
test text::encoding::tests::winansi_decode_char_is_inverse_of_encode ... ok
test text::encoding::tests::winansi_decode_char_specific_points ... ok
test text::encoding::tests::test_win_ansi_latin1_overlap ... ok
test text::encoding_cmap::tests::adversarial_input_terminates_without_hang ... ok
test text::encoding_cmap::tests::gbk_codespace_yields_mixed_widths ... ok
test text::encoding_cmap::tests::cidchar_and_cidrange_map_to_cids ... ok
test text::encoding_cmap::tests::notdefchar_maps_to_notdef_cid ... ok
test text::encoding_cmap::tests::notdefrange_maps_to_notdef_cid ... ok
test text::encoding_cmap::tests::parse_reads_codespace_and_usecmap_parent ... ok
test text::encoding_cmap::tests::parse_retains_vertical_writing_mode ... ok
test text::encoding_cmap::tests::predefined_uni_families_resolve_to_utf16be ... ok
test text::encoding_cmap::tests::single_cid_takes_precedence_over_overlapping_range ... ok
test text::encoding_cmap::tests::utf16be_decodes_bmp_and_surrogates ... ok
test text::encoding_cmap::tests::utf16be_drops_trailing_odd_byte ... ok
test text::extraction::tests::assign_row_ids_empty_slice_returns_empty ... ok
test text::extraction::tests::assign_row_ids_floor_2pt_for_small_fonts ... ok
test text::extraction::tests::assign_row_ids_ignores_superscript_within_threshold ... ok
test text::extraction::tests::assign_row_ids_increments_on_y_up_jump_above_threshold ... ok
test text::extraction::tests::assign_row_ids_monotone_y_descending_keeps_zero ... ok
test text::extraction::tests::column_detection_does_not_join_independent_layout_regions ... ok
test text::extraction::tests::decode_pdf_string_ascii_pdfdocencoding_passthrough ... ok
test text::extraction::tests::decode_pdf_string_empty_input_returns_empty ... ok
test text::extraction::tests::decode_pdf_string_lone_bom_returns_empty ... ok
test text::extraction::tests::decode_pdf_string_utf16be_bom_decodes_fi_ligature ... ok
test text::extraction::tests::flat_space_threshold_uses_unscaled_fallback_for_tiny_baseline ... ok
test text::extraction::tests::hyphen_wrap_fusion_drops_trailing_horizontal_whitespace ... ok
test text::extraction::tests::hyphen_wrap_fusion_preserves_render_mode_boundaries ... ok
test text::extraction::tests::merge_close_fragments_preserves_render_mode_boundaries ... ok
test text::extraction::tests::merge_close_fragments_superscript_does_not_merge_in_legacy_path ... ok
test text::extraction::tests::merge_close_fragments_superscript_merges_when_reconstruct_paragraphs ... ok
test text::extraction::tests::merge_into_lines_groups_same_baseline_fragments ... ok
test text::extraction::tests::merge_into_lines_inserts_space_only_when_gap_exceeds_threshold ... ok
test text::extraction::tests::merge_into_lines_keeps_emission_order_for_font_switch_overlap ... ok
test text::extraction::tests::merge_into_lines_keeps_emission_when_run_backfills_covered_span ... ok
test text::extraction::tests::merge_into_lines_preserves_render_mode_boundaries ... ok
test text::extraction::tests::merge_into_lines_preserves_single_column_continuation ... ok
test text::extraction::tests::merge_into_lines_splits_columns_with_uniform_mcid ... ok
test text::extraction::tests::merge_into_lines_splits_two_columns_emitted_sequentially ... ok
test text::extraction::tests::merge_into_lines_unioned_bounding_box ... ok
test text::extraction::tests::merge_into_lines_uses_x_order_for_disjoint_backward_jump ... ok
test text::extraction::tests::merge_into_paragraphs_drops_hyphen_trailing_horizontal_whitespace ... ok
test text::extraction::tests::merge_into_paragraphs_drops_hyphen_when_merge_hyphenated ... ok
test text::extraction::tests::merge_into_paragraphs_groups_consecutive_lines ... ok
test text::extraction::tests::merge_into_paragraphs_preserves_render_mode_boundaries ... ok
test text::extraction::tests::merge_into_paragraphs_splits_on_font_size_change ... ok
test text::extraction::tests::merge_into_paragraphs_splits_on_large_vertical_gap ... ok
test text::extraction::tests::merge_into_paragraphs_splits_on_weight_change ... ok
test text::extraction::tests::merge_into_paragraphs_tolerates_subpoint_font_size_jitter ... ok
test text::extraction::tests::pen_delta_degenerate_matrix_falls_back_to_raw_deltas ... ok
test text::extraction::tests::pen_delta_identity_matrix_returns_raw_deltas ... ok
test text::extraction::tests::pen_delta_mirrored_baseline_measures_advance_direction ... ok
test text::extraction::tests::pen_delta_rotation_recovers_text_space_advance ... ok
test text::extraction::tests::reconstruct_text_from_fragments_drops_hyphen_trailing_horizontal_whitespace ... ok
test text::extraction::tests::resolve_props_decodes_utf16be_actualtext ... ok
test text::extraction::tests::resolve_props_extracts_integer_mcid ... ok
test text::extraction::tests::resolve_props_negative_mcid_rejected ... ok
test text::extraction::tests::resolve_props_resource_ref_overflow_mcid_rejected ... ok
test text::extraction::tests::resolve_props_returns_none_for_unresolvable_resource_ref ... ok
test text::extraction::tests::sort_and_merge_fragments_keeps_emission_regions_atomic ... ok
test text::extraction::tests::sort_and_merge_fragments_nan_y_does_not_swallow_other_lines ... ok
test text::extraction::tests::sort_and_merge_fragments_uses_mcid_as_a_region_boundary ... ok
test text::extraction::tests::standard_14_no_widths_uses_effective_encoding_for_pen_advance ... ok
test text::extraction::tests::standard_14_space_width_maps_base_fonts_and_substitutes ... ok
test text::extraction::tests::test_append_bounded_does_not_fuse_a_space_separator ... ok
test text::extraction::tests::test_append_bounded_does_not_fuse_when_merge_hyphenated_disabled ... ok
test text::extraction::tests::test_append_bounded_fuses_hyphen_wrap_when_enabled ... ok
test text::extraction::tests::test_append_bounded_fuses_hyphen_wrap_with_trailing_horizontal_whitespace ... ok
test text::extraction::tests::test_append_bounded_fusion_with_trailing_whitespace_respects_budget ... ok
test text::extraction::tests::test_append_bounded_hyphen_fusion_respects_budget ... ok
test text::extraction::tests::test_append_bounded_is_noop_once_truncated ... ok
test text::extraction::tests::test_append_bounded_no_fusion_without_a_trailing_hyphen ... ok
test text::extraction::tests::test_append_bounded_no_limit_always_appends ... ok
test text::extraction::tests::test_append_bounded_preserves_trailing_horizontal_whitespace_without_hyphen ... ok
test text::extraction::tests::test_append_bounded_undershoot_counts_separator ... ok
test text::extraction::tests::test_append_bounded_zero_limit_truncates_immediately ... ok
test text::extraction::tests::test_calculate_text_width_character_outside_range ... ok
test text::extraction::tests::test_calculate_text_width_different_font_sizes ... ok
test text::extraction::tests::test_calculate_text_width_empty_string ... ok
test text::extraction::tests::test_calculate_text_width_missing_width_in_array ... ok
test text::extraction::tests::test_calculate_text_width_proportional_vs_monospace ... ok
test text::extraction::tests::test_calculate_text_width_unicode_characters ... ok
test text::extraction::tests::test_calculate_text_width_with_complete_metrics ... ok
test text::extraction::tests::test_calculate_text_width_with_empty_metrics ... ok
test text::extraction::tests::test_calculate_text_width_with_kerning ... ok
test text::extraction::tests::test_calculate_text_width_with_no_font_info ... ok
test text::extraction::tests::test_clamp_to_budget_cuts_and_flags ... ok
test text::extraction::tests::test_clamp_to_budget_never_splits_utf8 ... ok
test text::extraction::tests::test_clamp_to_budget_no_limit_or_fits_is_noop ... ok
test text::extraction::tests::test_extracted_text ... ok
test text::extraction::tests::test_extraction_options_custom ... ok
test text::extraction::tests::test_extraction_options_default ... ok
test text::extraction::tests::test_matrix_multiplication ... ok
test text::extraction::tests::test_matrix_operations ... ok
test text::extraction::tests::test_parse_font_style_bold ... ok
test text::extraction::tests::test_parse_font_style_bold_italic ... ok
test text::extraction::tests::test_parse_font_style_edge_cases ... ok
test text::encoding::tests::test_encode_strict_matches_encode_across_bmp ... ok
test text::extraction::tests::test_parse_font_style_italic ... ok
test text::extraction::tests::test_parse_font_style_regular ... ok
test text::encoding_cmap::tests::gbk_euc_h_loads_and_maps_ascii_and_cjk ... ok
test text::extraction::tests::test_parse_kern_table_no_kern_table ... ok
test text::extraction::tests::test_parse_truetype_kern_table_minimal ... ok
test text::extraction::tests::test_text_extractor_new ... ok
test text::extraction::tests::test_text_extractor_with_options ... ok
test text::extraction::tests::test_text_fragment ... ok
test text::extraction::tests::test_transform_point ... ok
test text::extraction::tests::width_from_codes_uses_char_code_not_decoded_unicode ... ok
test text::extraction_cmap::tests::embedded_encoding_cmap_decodes_via_cid_table ... ok
test text::extraction_cmap::tests::explicit_bfchar_overrides_usecmap_cid_fallback ... ok
test text::extraction_cmap::tests::extract_font_metrics_type3_font_matrix_scaling ... ok
test text::extraction_cmap::tests::simple_font_one_byte_tounicode_under_two_byte_codespace_decodes ... ok
test text::extraction_cmap::tests::test_decode_macroman ... ok
test text::extraction_cmap::tests::test_decode_winansi ... ok
test text::extraction::tests::test_text_state_default ... ok
test text::extraction_cmap::tests::test_font_info_creation ... ok
test text::extraction_cmap::tests::type0_utf16be_encoding_decodes_through_dispatch ... ok
test text::flat_reading_order_tests::adversarial_inputs_do_not_panic ... ok
test text::flat_reading_order_tests::horizontal_threshold_degrades_on_both_sides ... ok
test text::flat_reading_order_tests::inverted_boxes_do_not_recurse_forever ... ok
test text::extraction_cmap::tests::test_decode_with_encoding_differences ... ok
test text::flat_reading_order_tests::output_is_always_a_permutation ... ok
test text::extraction_cmap::tests::test_glyph_name_to_unicode ... ok
test text::flat_reading_order_tests::single_column_in_reading_order_is_the_identity_permutation ... ok
test text::flat_reading_order_tests::stacked_sections_drawn_bottom_first_come_out_top_first ... ok
test text::flat_reading_order_tests::vertical_threshold_degrades_on_both_sides ... ok
test text::flow::tests::test_at_position ... ok
test text::flow::tests::nan_cursor_position_in_flow_is_sanitised_at_emission ... ok
test text::flow::tests::test_at_position_edge_cases ... ok
test text::flow::tests::test_available_width_clamps_to_zero ... ok
test text::flow::tests::test_available_width_respects_cursor_x ... ok
test text::flow::tests::test_clear_operations ... ok
test text::flow::tests::test_clear_resets_operations_only ... ok
test text::flow::tests::test_content_width ... ok
test text::flow::tests::test_content_width_different_margins ... ok
test text::flow::tests::test_cursor_position ... ok
test text::flow::tests::test_cursor_x_reset_on_newline ... ok
test text::flow::tests::test_custom_line_height ... ok
test text::flow::tests::test_different_fonts ... ok
test text::flow::tests::test_empty_operations_initially ... ok
test text::flow::tests::test_extreme_line_height ... ok
test text::flow::tests::test_font_size_variations ... ok
test text::flow::tests::test_generate_operations ... ok
test text::flow::tests::test_generate_operations_encoding ... ok
test text::flat_reading_order_tests::two_columns_drawn_right_first_come_out_left_first ... ok
test text::flow::tests::test_justified_text_last_line ... ok
test text::flow::tests::test_justified_text_single_word_line ... ok
test text::flow::tests::test_long_text_wrapping ... ok
test text::flow::tests::test_method_chaining ... ok
test text::flow::tests::test_multiple_newlines ... ok
test text::flow::tests::test_newline ... ok
test text::flow::tests::test_page_dimensions ... ok
test text::flow::tests::test_set_alignment ... ok
test text::flow::tests::test_set_font ... ok
test text::flow::tests::test_set_line_height ... ok
test text::flow::tests::test_text_align_clone ... ok
test text::flow::tests::test_text_align_copy ... ok
test text::flow::tests::test_text_align_debug ... ok
test text::flow::tests::test_text_align_variants ... ok
test text::flow::tests::test_text_flow_context_new ... ok
test text::flow::tests::test_margins_access ... ok
test text::flow::tests::test_text_flow_context_threads_metrics_store ... ok
test text::flow::tests::test_write_paragraph ... ok
test text::flow::tests::test_write_paragraph_empty ... ok
test text::flow::tests::test_write_paragraph_spacing ... ok
test text::flow::tests::test_write_wrapped_at_x_limits_available_width ... ok
test text::flow::tests::test_write_wrapped_cursor_movement ... ok
test text::flow::tests::test_write_wrapped_empty_text ... ok
test text::flow::tests::test_write_wrapped_newlines_tabs ... ok
test text::flow::tests::test_write_wrapped_simple ... ok
test text::flow::tests::test_write_wrapped_special_characters ... ok
test text::flow::tests::test_write_wrapped_very_long_word ... ok
test text::flow::tests::test_write_wrapped_whitespace_only ... ok
test text::flow::tests::test_write_wrapped_with_alignment_center ... ok
test text::flow::tests::test_write_wrapped_with_alignment_justified ... ok
test text::flow::tests::test_write_wrapped_with_alignment_right ... ok
test text::flow::tests::test_write_wrapped_with_narrow_content ... ok
test text::flow::tests::test_zero_content_width ... ok
test text::font::tests::test_all_courier_variants ... ok
test text::font::tests::test_all_helvetica_variants ... ok
test text::font::tests::test_all_times_variants ... ok
test text::font::tests::test_custom_encoding ... ok
test text::font::tests::test_font_clone ... ok
test text::font::tests::test_font_convenience_methods ... ok
test text::font::tests::test_font_debug ... ok
test text::font::tests::test_font_encoding_equality ... ok
test text::font::tests::test_font_encoding_pdf_names ... ok
test text::font::tests::test_font_encoding_recommended_for_font ... ok
test text::font::tests::test_font_equality ... ok
test text::font::tests::test_font_family_bold ... ok
test text::font::tests::test_font_family_bold_italic ... ok
test text::font::tests::test_font_family_clone ... ok
test text::font::tests::test_font_family_copy ... ok
test text::font::tests::test_font_family_debug ... ok
test text::font::tests::test_font_family_equality ... ok
test text::font::tests::test_font_family_italic ... ok
test text::font::tests::test_font_family_regular ... ok
test text::font::tests::test_font_hash ... ok
test text::font::tests::test_font_is_symbolic ... ok
test text::font::tests::test_font_pdf_names ... ok
test text::font::tests::test_font_with_encoding_clone ... ok
test text::font::tests::test_font_with_encoding_copy ... ok
test text::font::tests::test_font_with_encoding_debug ... ok
test text::font::tests::test_font_with_encoding_equality ... ok
test text::font::tests::test_font_with_encoding_from_font ... ok
test text::font::tests::test_font_with_encoding_new ... ok
test text::font::tests::test_font_with_encoding_with_recommended ... ok
test text::font::tests::test_font_with_encoding_with_specific ... ok
test text::font::tests::test_font_with_encoding_without_encoding ... ok
test text::font_manager::tests::test_custom_font_truetype ... ok
test text::font_manager::tests::test_custom_font_type1 ... ok
test text::font_manager::tests::test_detect_font_file_type ... ok
test text::font_manager::tests::test_encoding_difference ... ok
test text::font_manager::tests::test_font_descriptor ... ok
test text::font_manager::tests::test_font_descriptor_optional_fields ... ok
test text::font_manager::tests::test_font_encoding ... ok
test text::font_manager::tests::test_font_flags ... ok
test text::font_manager::tests::test_font_manager ... ok
test text::font_manager::tests::test_font_metrics ... ok
test text::font_manager::tests::test_font_pdf_dict_generation ... ok
test text::font_manager::tests::test_font_type ... ok
test text::fonts::embedding::tests::test_chars_to_glyphs_conversion ... ok
test text::fonts::embedding::tests::test_embedding_options_default ... ok
test text::fonts::embedding::tests::test_font_descriptor_generation ... ok
test text::fonts::embedding::tests::test_font_embedder_creation ... ok
test text::fonts::embedding::tests::test_generate_tounicode_cmap_empty ... ok
test text::fonts::embedding::tests::test_generate_truetype_dictionary ... ok
test text::fonts::embedding::tests::test_generate_type0_dictionary ... ok
test text::fonts::embedding::tests::test_unicode_mappings_creation ... ok
test text::fonts::standard::tests::base_font_resolution_is_exact_and_rejects_lookalikes ... ok
test text::fonts::standard::tests::encoded_width_respects_base_encoding_and_differences ... ok
test text::fonts::standard::tests::encoded_width_uses_symbolic_builtin_encodings ... ok
test text::fonts::standard::tests::glyph_name_lookup_covers_non_winansi_and_symbolic_afm_glyphs ... ok
test text::fonts::standard::tests::test_char_width_unicode_maps_through_winansi ... ok
test text::fonts::standard::tests::test_courier_metrics ... ok
test text::fonts::standard::tests::test_font_families ... ok
test text::fonts::standard::tests::test_font_weights ... ok
test text::fonts::standard::tests::test_get_string_width_counts_chars_not_utf8_bytes ... ok
test text::fonts::standard::tests::test_helvetica_metrics ... ok
test text::fonts::standard::tests::test_italic_flags ... ok
test text::fonts::standard::tests::test_get_standard_font_metrics ... ok
test text::fonts::standard::tests::test_times_metrics ... ok
test text::fonts::standard::tests::test_user_space_conversion ... ok
test text::fonts::standard::tests::test_winansi_non_ascii_byte_widths_match_afm ... ok
test text::flow::tests::test_write_wrapped_respects_cursor_x_offset ... ok
test text::fonts::truetype::tests::test_cff_font_detection ... ok
test text::fonts::truetype::tests::test_cff_table_detection ... ok
test text::fonts::truetype::tests::test_cmap_subtable_creation ... ok
test text::fonts::truetype::tests::test_font_metrics ... ok
test text::fonts::truetype::tests::test_font_name_parsing ... ok
test text::fonts::truetype::tests::test_font_with_invalid_signature ... ok
test text::fonts::truetype::tests::test_font_with_zero_tables ... ok
test text::fonts::truetype::tests::test_get_glyph_data ... ok
test text::fonts::truetype::tests::test_get_glyph_data_bounds_checking ... ok
test text::fonts::truetype::tests::test_get_table_found ... ok
test text::fonts::truetype::tests::test_get_table_not_found ... ok
test text::fonts::truetype::tests::test_glyph_info_creation ... ok
test text::fonts::truetype::tests::test_glyph_metrics ... ok
test text::fonts::truetype::tests::test_invalid_font_signatures ... ok
test text::fonts::truetype::tests::test_loca_format_variations ... ok
test text::fonts::truetype::tests::test_minimal_font_too_small ... ok
test text::fonts::truetype::tests::test_parse_head_table_too_small ... ok
test text::fonts::truetype::tests::test_parse_loca_long_format ... ok
test text::fonts::truetype::tests::test_parse_loca_short_format ... ok
test text::fonts::truetype::tests::test_parse_maxp_table_too_small ... ok
test text::fonts::truetype::tests::test_parse_table_entries_edge_cases ... ok
test text::fonts::truetype::tests::test_read_helpers ... ok
test text::fonts::truetype::tests::test_read_i16 ... ok
test text::fonts::truetype::tests::test_read_u16 ... ok
test text::fonts::truetype::tests::test_read_u32 ... ok
test text::fonts::truetype::tests::test_required_tables ... ok
test text::fonts::truetype::tests::test_required_tables_for_cff ... ok
test text::fonts::truetype::tests::test_cmap_format_0 ... ok
test text::fonts::truetype::tests::test_subset_creation ... ok
test text::fonts::truetype::tests::test_subset_font_data_too_small ... ok
test text::fonts::truetype::tests::test_subset_font_empty ... ok
test text::fonts::truetype::tests::test_subset_with_missing_glyphs ... ok
test text::fonts::truetype::tests::test_table_entry_creation ... ok
test text::fonts::truetype_subsetter::tests::test_build_hmtx_uses_design_units_not_scaled ... ok
test text::fonts::truetype_subsetter::tests::test_calculate_checksum ... ok
test text::fonts::truetype_subsetter::tests::test_char_count_at_threshold_small_font ... ok
test text::fonts::truetype_subsetter::tests::test_checksum_overflow ... ok
test text::fonts::truetype_subsetter::tests::test_empty_chars_returns_full_font ... ok
test text::fonts::truetype_subsetter::tests::test_expand_composite_glyphs_transitive ... ok
test text::fonts::truetype_subsetter::tests::test_extract_composite_components_returns_component_gids ... ok
test text::fonts::truetype_subsetter::tests::test_extract_composite_components_single_component ... ok
test text::fonts::truetype_subsetter::tests::test_extract_composite_components_with_scale ... ok
test text::fonts::truetype_subsetter::tests::test_extract_composite_returns_empty_for_short_data ... ok
test text::fonts::truetype_subsetter::tests::test_extract_composite_returns_empty_for_simple_glyph ... ok
test text::fonts::truetype_subsetter::tests::test_extract_composite_with_all_flags_combined ... ok
test text::fonts::truetype_subsetter::tests::test_extract_composite_with_two_by_two ... ok
test text::fonts::truetype_subsetter::tests::test_extract_composite_with_word_args ... ok
test text::fonts::truetype_subsetter::tests::test_extract_composite_with_x_and_y_scale ... ok
test text::fonts::truetype_subsetter::tests::test_font_at_threshold_boundary ... ok
test text::fonts::truetype_subsetter::tests::test_font_header_validation ... ok
test text::fonts::truetype_subsetter::tests::test_glyph_id_remapping ... ok
test text::fonts::truetype_subsetter::tests::test_glyph_remapping_consistency ... ok
test text::fonts::truetype_subsetter::tests::test_issue_115_large_font_few_chars_should_subset ... ok
test text::fonts::truetype_subsetter::tests::test_just_below_both_thresholds ... ok
test text::fonts::truetype_subsetter::tests::test_large_font_many_chars_should_subset ... ok
test text::fonts::truetype_subsetter::tests::test_loca_short_format_max_offset_constant ... ok
test text::fonts::truetype_subsetter::tests::test_loca_table_format ... ok
test text::fonts::truetype_subsetter::tests::test_optional_tables ... ok
test text::fonts::truetype_subsetter::tests::test_read_u32 ... ok
test text::fonts::truetype_subsetter::tests::test_remap_composite_glyph_leaves_simple_glyph_unchanged ... ok
test text::fonts::truetype_subsetter::tests::test_remap_composite_glyph_rewrites_component_gids ... ok
test text::fonts::truetype_subsetter::tests::test_remap_composite_unmapped_gid_falls_back_to_notdef ... ok
test text::fonts::truetype_subsetter::tests::test_required_tables ... ok
test text::fonts::truetype_subsetter::tests::test_small_font_many_chars_should_subset ... ok
test text::fonts::truetype_subsetter::tests::test_strip_composite_glyph_instructions_noop_when_flag_absent ... ok
test text::fonts::truetype_subsetter::tests::test_strip_composite_glyph_instructions_with_flag_set ... ok
test text::fonts::truetype_subsetter::tests::test_strip_composite_glyph_multi_component_clears_only_last_flag ... ok
test text::fonts::truetype_subsetter::tests::test_strip_simple_glyph_instructions_noop_when_instr_truncated ... ok
test text::fonts::truetype_subsetter::tests::test_strip_simple_glyph_instructions_noop_when_too_short ... ok
test text::fonts::truetype_subsetter::tests::test_strip_simple_glyph_instructions_noop_when_zero_instructions ... ok
test text::fonts::truetype_subsetter::tests::test_strip_simple_glyph_instructions_removes_bytecode ... ok
test text::fonts::truetype_subsetter::tests::test_subsetting_constants_are_reasonable ... ok
test text::fonts::truetype_subsetter::tests::test_table_directory_size ... ok
test text::fonts::truetype_subsetter::tests::test_table_record_structure ... ok
test text::fonts::truetype_subsetter::tests::test_small_font_few_chars_can_skip_subsetting ... ok
test text::fonts::truetype_subsetter::tests::test_update_hhea_num_h_metrics_is_set_to_num_glyphs ... ok
test text::fonts::truetype_subsetter::tests::test_update_hhea_preserves_other_fields ... ok
test text::fonts::truetype_subsetter::tests::test_update_hhea_rejects_too_short_table ... ok
test text::fonts::truetype_subsetter::tests::test_we_have_instructions_constant_has_correct_value ... ok
test text::fonts::truetype_tests::tests::test_all_glyphs_subset ... ok
test text::fonts::truetype_tests::tests::test_cmap_format_0_parsing ... ok
test text::fonts::truetype_tests::tests::test_cmap_format_12_parsing ... ok
test text::fonts::truetype_tests::tests::test_cmap_format_6_parsing ... ok
test text::fonts::truetype_tests::tests::test_empty_glyph_set ... ok
test text::fonts::truetype_tests::tests::test_font_bbox_calculation ... ok
test text::fonts::truetype_tests::tests::test_font_name_parsing ... ok
test text::fonts::truetype_tests::tests::test_glyph_info_struct ... ok
test text::fonts::truetype_tests::tests::test_glyph_metrics ... ok
test text::fonts::truetype_tests::tests::test_invalid_font_data ... ok
test text::fonts::truetype_tests::tests::test_missing_required_tables ... ok
test text::fonts::truetype_tests::tests::test_parse_cmap ... ok
test text::fonts::truetype_tests::tests::test_parse_minimal_ttf ... ok
test text::fonts::truetype_tests::tests::test_platform_encoding_combinations ... ok
test text::fonts::truetype_tests::tests::test_subset_creation ... ok
test text::fonts::truetype_subsetter::tests::test_ttf_subset_excludes_cmap_os2_name_tables ... ok
test text::graphics_state_stack::tests::a_refused_push_never_builds_its_snapshot ... ok
test text::graphics_state_stack::tests::a_balanced_unwind_past_the_cap_pairs_every_push_with_its_own_pop ... ok
test text::fonts::truetype_subsetter::tests::test_build_subset_font_strips_instructions_from_real_ttf ... ok
test text::graphics_state_stack::tests::extra_pops_are_ignored_and_do_not_corrupt_the_count ... ok
test text::header_footer::tests::test_calculate_positions ... ok
test text::header_footer::tests::test_footer_creation ... ok
test text::header_footer::tests::test_header_creation ... ok
test text::header_footer::tests::test_alignment_positions ... ok
test text::header_footer::tests::test_multiple_placeholders ... ok
test text::header_footer::tests::test_no_placeholders ... ok
test text::header_footer::tests::test_render_custom_values ... ok
test text::header_footer::tests::test_render_page_numbers ... ok
test text::header_footer::tests::test_with_options ... ok
test text::invoice::error::tests::test_config_error ... ok
test text::invoice::error::tests::test_error_debug_impl ... ok
test text::invoice::error::tests::test_error_is_send_sync ... ok
test text::invoice::error::tests::test_generic_error ... ok
test text::invoice::error::tests::test_invalid_threshold_negative ... ok
test text::invoice::error::tests::test_invalid_threshold_too_high ... ok
test text::invoice::error::tests::test_no_text_found_error ... ok
test text::invoice::error::tests::test_no_text_found_page_zero ... ok
test text::invoice::error::tests::test_pattern_error ... ok
test text::invoice::error::tests::test_regex_error ... ok
test text::invoice::error::tests::test_result_type_alias ... ok
test text::invoice::error::tests::test_unsupported_language ... ok
test text::invoice::extractor::tests::test_builder_confidence_threshold ... ok
test text::invoice::extractor::tests::test_builder_defaults ... ok
test text::invoice::extractor::tests::test_builder_use_kerning ... ok
test text::invoice::extractor::tests::test_use_kerning_stored_for_future_use ... ok
test text::header_footer::tests::test_render_date_placeholders ... ok
test text::invoice::patterns::tests::test_field_pattern_creation ... ok
test text::invoice::patterns::tests::test_pattern_library_new ... ok
test text::invoice::patterns::tests::test_field_pattern_invalid_regex ... ok
test text::invoice::patterns::tests::test_pattern_matches ... ok
test text::invoice::types::tests::test_bounding_box_area ... ok
test text::invoice::types::tests::test_invoice_data_filter_by_confidence ... ok
test text::invoice::types::tests::test_bounding_box_contains ... ok
test text::invoice::types::tests::test_invoice_data_get_field ... ok
test text::invoice::types::tests::test_invoice_field_name ... ok
test text::invoice::types::tests::test_language_code ... ok
test text::invoice::types::tests::test_language_from_code ... ok
test text::invoice::validators::tests::test_leap_year ... ok
test text::invoice::validators::tests::test_validate_amount_invalid ... ok
test text::invoice::validators::tests::test_validate_amount_non_numeric ... ok
test text::invoice::validators::tests::test_validate_amount_non_standard ... ok
test text::invoice::validators::tests::test_validate_amount_valid ... ok
test text::invoice::validators::tests::test_validate_date_iso8601 ... ok
test text::invoice::validators::tests::test_validate_date_invalid ... ok
test text::invoice::validators::tests::test_validate_date_slash_format ... ok
test text::invoice::validators::tests::test_validate_date_year_out_of_range ... ok
test text::invoice::validators::tests::test_validate_invoice_number ... ok
test text::invoice::validators::tests::test_validate_invoice_number_special_chars ... ok
test text::invoice::validators::tests::test_validate_vat_number ... ok
test text::invoice::validators::tests::test_validate_vat_unknown_format ... ok
test text::layout::tests::test_column_content ... ok
test text::layout::tests::test_column_layout_creation ... ok
test text::layout::tests::test_column_layout_with_options ... ok
test text::layout::tests::test_column_options_default ... ok
test text::invoice::validators::tests::test_validate_invoice_number_letters_only ... ok
test text::layout::tests::test_column_width_out_of_bounds ... ok
test text::layout::tests::test_custom_column_widths ... ok
test text::layout::tests::test_column_x_positions ... ok
test text::layout::tests::test_flow_context_creation ... ok
test text::layout::tests::test_empty_custom_widths_panic - should panic ... ok
test text::layout::tests::test_split_text_into_words ... ok
test text::layout::tests::test_text_format ... ok
test text::layout::tests::test_text_width_estimation ... ok
test text::list::tests::test_add_items ... ok
test text::layout::tests::test_zero_columns_panic - should panic ... ok
test text::list::tests::test_advanced_numbering_styles ... ok
test text::invoice::extractor::tests::test_builder_with_language ... ok
test text::list::tests::test_custom_prefix_suffix ... ok
test text::list::tests::test_deeply_nested_lists ... ok
test text::list::tests::test_height_calculation_with_nested ... ok
test text::list::tests::test_custom_bullet ... ok
test text::list::tests::test_helper_functions ... ok
test text::list::tests::test_list_cloning ... ok
test text::list::tests::test_list_element_enum ... ok
test text::list::tests::test_list_height_calculation ... ok
test text::list::tests::test_list_item_structure ... ok
test text::list::tests::test_list_options_advanced ... ok
test text::list::tests::test_list_options_default ... ok
test text::list::tests::test_list_position ... ok
test text::list::tests::test_marker_generation_decimal ... ok
test text::list::tests::test_marker_generation_lower_alpha ... ok
test text::list::tests::test_bullet_styles ... ok
test text::list::tests::test_marker_generation_roman ... ok
test text::list::tests::test_marker_generation_upper_alpha ... ok
test text::list::tests::test_ordered_list_creation ... ok
test text::list::tests::test_roman_numerals ... ok
test text::list::tests::test_start_number ... ok
test text::list::tests::test_text_wrapping ... ok
test text::list::tests::test_unordered_list_creation ... ok
test text::list::tests::test_unordered_list_custom_bullets ... ok
test text::metrics::tests::test_all_font_metrics_exist ... ok
test text::metrics::tests::test_courier_monospace_property ... ok
test text::metrics::tests::test_courier_variants_use_base_metrics ... ok
test text::list::tests::test_nested_lists ... ok
test text::metrics::tests::test_create_default_custom_metrics ... ok
test text::metrics::tests::test_custom_font_no_auto_register_default ... ok
test text::metrics::tests::test_font_metrics_creation ... ok
test text::metrics::tests::test_font_metrics_clone ... ok
test text::metrics::tests::test_font_metrics_store_clone_shares_state ... ok
test text::metrics::tests::test_font_metrics_store_get_miss_returns_none_no_side_effects ... ok
test text::metrics::tests::test_font_metrics_store_register_and_get ... ok
test text::metrics::tests::test_font_metrics_with_widths ... ok
test text::metrics::tests::test_font_metrics_store_overwrite_same_name ... ok
test text::metrics::tests::test_font_size_scaling ... ok
test text::metrics::tests::test_font_variants_use_base_metrics ... ok
test text::metrics::tests::test_get_custom_font_metrics_not_found ... ok
test text::metrics::tests::test_helvetica_bold_metrics ... ok
test text::metrics::tests::test_helvetica_specific_characters ... ok
test text::metrics::tests::test_lookup_falls_through_to_global_when_store_misses ... ok
test text::metrics::tests::test_lookup_document_scope_takes_precedence_over_global ... ok
test text::metrics::tests::test_lookup_with_none_store_uses_global_then_default ... ok
test text::metrics::tests::test_measure_char_custom_font ... ok
test text::metrics::tests::test_measure_char_courier ... ok
test text::metrics::tests::test_measure_char_symbolic ... ok
test text::metrics::tests::test_measure_char_helvetica ... ok
test text::metrics::tests::test_measure_text_back_compat_shim_passes_none ... ok
test text::metrics::tests::test_measure_text_consistency ... ok
test text::metrics::tests::test_measure_text_courier ... ok
test text::metrics::tests::test_measure_text_custom_font ... ok
test text::metrics::tests::test_measure_text_empty_string ... ok
test text::metrics::tests::test_measure_text_helvetica ... ok
test text::metrics::tests::test_measure_text_symbolic_fonts ... ok
test text::metrics::tests::test_measure_text_with_uses_document_scope ... ok
test text::metrics::tests::test_non_ascii_measure_text_string ... ok
test text::metrics::tests::test_measure_char_with_uses_document_scope ... ok
test text::metrics::tests::test_non_ascii_winansi_width_courier_is_monospace ... ok
test text::metrics::tests::test_non_ascii_winansi_width_matches_afm_helvetica_bold ... ok
test text::metrics::tests::test_non_ascii_winansi_width_matches_afm_times ... ok
test text::metrics::tests::test_register_custom_font_metrics ... ok
test text::metrics::tests::test_split_into_words_empty ... ok
test text::metrics::tests::test_split_into_words_leading_trailing_spaces ... ok
test text::metrics::tests::test_split_into_words_mixed_whitespace ... ok
test text::metrics::tests::test_split_into_words_multiple_spaces ... ok
test text::metrics::tests::test_split_into_words_only_spaces ... ok
test text::metrics::tests::test_split_into_words_simple ... ok
test text::metrics::tests::test_split_into_words_single_word ... ok
test text::metrics::tests::test_split_into_words_tabs_newlines ... ok
test text::metrics::tests::test_times_roman_metrics ... ok
test text::metrics::tests::test_times_specific_characters ... ok
test text::metrics::tests::test_times_variants_use_their_own_metrics ... ok
test text::metrics::tests::test_unicode_characters_default_width ... ok
test text::metrics::tests::test_unknown_custom_font_does_not_register_on_read ... ok
test text::metrics::tests::test_non_ascii_winansi_width_matches_afm_helvetica ... ok
test text::metrics::tests::test_unknown_custom_font_returns_default_widths ... ok
test text::ocr::postprocessor_tests::test_correction_types ... ok
test text::ocr::postprocessor_tests::test_fragment_average_word_confidence ... ok
test text::ocr::postprocessor_tests::test_fragment_confidence_report ... ok
test text::ocr::postprocessor_tests::test_fragment_get_correction_candidates ... ok
test text::ocr::postprocessor_tests::test_fragment_get_low_confidence_words ... ok
test text::ocr::postprocessor_tests::test_fragment_has_low_confidence_words ... ok
test text::ocr::postprocessor_tests::test_fragment_words_by_confidence ... ok
test text::ocr::postprocessor_tests::test_ocr_region_contains_point ... ok
test text::ocr::postprocessor_tests::test_ocr_region_overlaps_with ... ok
test text::ocr::postprocessor_tests::test_ocr_region_with_label ... ok
test text::metrics::tests::test_warn_unknown_font_rate_limited_once_per_name ... ok
test text::ocr::postprocessor_tests::test_post_processor_character_substitution ... ok
test text::ocr::postprocessor_tests::test_post_processor_edit_distance ... ok
test text::metrics::tests::test_create_default_custom_metrics_is_cached ... ok
test text::ocr::postprocessor_tests::test_post_processor_pattern_correction ... ok
test text::ocr::postprocessor_tests::test_post_processor_with_dictionary ... ok
test text::ocr::postprocessor_tests::test_word_confidence_average_character_confidence ... ok
test text::ocr::postprocessor_tests::test_word_confidence_is_low_confidence ... ok
test text::ocr::rigorous_tests::test_character_substitution_multiple_instances ... ok
test text::ocr::rigorous_tests::test_character_substitution_no_confusables ... ok
test text::ocr::rigorous_tests::test_character_substitution_single_character ... ok
test text::ocr::rigorous_tests::test_confidence_report_format_with_words ... ok
test text::ocr::postprocessor_tests::test_post_processor_process_fragment ... ok
test text::ocr::rigorous_tests::test_confidence_report_format_without_words ... ok
test text::ocr::rigorous_tests::test_confidence_report_with_character_level ... ok
test text::ocr::rigorous_tests::test_correction_candidates_respects_threshold ... ok
test text::ocr::postprocessor_tests::test_post_processor_suggestion_limit ... ok
test text::ocr::rigorous_tests::test_dictionary_correction_edit_distance_1 ... ok
test text::ocr::rigorous_tests::test_dictionary_correction_exact_match ... ok
test text::ocr::rigorous_tests::test_dictionary_correction_exceeds_max_distance ... ok
test text::ocr::rigorous_tests::test_edit_distance_complex ... ok
test text::ocr::rigorous_tests::test_edit_distance_deletion ... ok
test text::ocr::rigorous_tests::test_edit_distance_empty_strings ... ok
test text::ocr::rigorous_tests::test_correction_candidates_position_tracking ... ok
test text::ocr::rigorous_tests::test_edit_distance_insertion ... ok
test text::ocr::rigorous_tests::test_edit_distance_substitution ... ok
test text::ocr::rigorous_tests::test_fragment_average_confidence_empty_words ... ok
test text::ocr::rigorous_tests::test_fragment_average_confidence_single_word ... ok
test text::ocr::rigorous_tests::test_pattern_correction_cl_to_d ... ok
test text::ocr::rigorous_tests::test_pattern_correction_multiple_occurrences ... ok
test text::ocr::rigorous_tests::test_dictionary_correction_edit_distance_2 ... ok
test text::ocr::rigorous_tests::test_pattern_correction_rn_to_m ... ok
test text::ocr::rigorous_tests::test_edit_distance_identical ... ok
test text::ocr::rigorous_tests::test_region_contains_point_boundaries ... ok
test text::ocr::rigorous_tests::test_region_overlaps_edge_touching ... ok
test text::ocr::rigorous_tests::test_region_zero_dimensions ... ok
test text::ocr::rigorous_tests::test_suggestion_limit_enforced ... ok
test text::ocr::rigorous_tests::test_suggestion_sorting_by_confidence ... ok
test text::ocr::rigorous_tests::test_words_by_confidence_equal_confidences ... ok
test text::ocr::rigorous_tests::test_region_overlaps_single_pixel ... ok
test text::ocr::rigorous_tests::test_words_by_confidence_sorted_ascending ... ok
test text::ocr::rigorous_tests::test_word_confidence_boundary_threshold ... ok
test text::ocr::tests::tests::comprehensive_tests::test_error_chain_context ... ok
test text::ocr::tests::tests::comprehensive_tests::test_fragment_boundary_calculations ... ok
test text::ocr::tests::tests::comprehensive_tests::test_fragment_type_copy ... ok
test text::ocr::tests::tests::comprehensive_tests::test_fragment_position_calculations ... ok
test text::ocr::tests::tests::comprehensive_tests::test_concurrent_result_processing ... ok
test text::ocr::tests::tests::comprehensive_tests::test_image_preprocessing_combinations ... ok
test text::ocr::tests::tests::comprehensive_tests::test_image_preprocessing_scale_factor ... ok
test text::ocr::tests::tests::comprehensive_tests::test_mock_provider_confidence_clamping ... ok
test text::ocr::tests::tests::comprehensive_tests::test_image_preprocessing_clone ... ok
test text::ocr::tests::tests::comprehensive_tests::test_mock_provider_process_page ... ok
test text::ocr::tests::tests::comprehensive_tests::test_mock_provider_validate_png ... ok
test text::ocr::tests::tests::comprehensive_tests::test_mock_provider_validate_tiff ... ok
test text::ocr::tests::tests::comprehensive_tests::test_mock_provider_thread_safety ... ok
test text::ocr::tests::tests::comprehensive_tests::test_ocr_engine_equality ... ok
test text::ocr::tests::tests::comprehensive_tests::test_ocr_engine_display ... ok
test text::ocr::tests::tests::comprehensive_tests::test_ocr_error_debug_format ... ok
test text::ocr::tests::tests::comprehensive_tests::test_ocr_error_display ... ok
test text::ocr::tests::tests::comprehensive_tests::test_ocr_error_from_io_error ... ok
test text::ocr::tests::tests::comprehensive_tests::test_ocr_options_clone ... ok
test text::ocr::tests::tests::comprehensive_tests::test_ocr_options_confidence_threshold ... ok
test text::ocr::tests::tests::comprehensive_tests::test_ocr_engine_format_support_matrix ... ok
test text::ocr::tests::tests::comprehensive_tests::test_ocr_options_engine_specific ... ok
test text::ocr::tests::tests::comprehensive_tests::test_ocr_options_timeout_configuration ... ok
test text::ocr::tests::tests::comprehensive_tests::test_ocr_options_with_all_preprocessing ... ok
test text::ocr::tests::tests::comprehensive_tests::test_ocr_result_complex_region_filtering ... ok
test text::ocr::tests::tests::comprehensive_tests::test_ocr_result_confidence_edge_cases ... ok
test text::ocr::tests::tests::comprehensive_tests::test_ocr_result_empty_handling ... ok
test text::ocr::tests::tests::comprehensive_tests::test_ocr_result_fragment_type_combinations ... ok
test text::ocr::tests::tests::comprehensive_tests::test_ocr_result_large_fragment_set ... ok
test text::ocr::tests::tests::comprehensive_tests::test_ocr_options_custom_language ... ok
test text::ocr::tests::tests::comprehensive_tests::test_ocr_text_fragment_creation ... ok
test text::ocr::tests::tests::comprehensive_tests::test_validate_image_data_all_formats ... ok
test text::ocr::tests::tests::test_fragment_type_equality ... ok
test text::ocr::tests::tests::test_image_preprocessing_default ... ok
test text::ocr::tests::tests::test_mock_ocr_provider_creation ... ok
test text::ocr::tests::tests::test_mock_ocr_provider_engine_info ... ok
test text::ocr::tests::tests::comprehensive_tests::test_ocr_text_fragment_clone ... ok
test text::ocr::tests::tests::test_mock_ocr_provider_supported_formats ... ok
test text::ocr::tests::tests::test_mock_ocr_provider_supports_format ... ok
test text::ocr::tests::tests::test_mock_ocr_provider_validate_image_data ... ok
test text::ocr::tests::tests::test_mock_ocr_provider_with_custom_text ... ok
test text::ocr::tests::tests::test_ocr_engine_name ... ok
test text::ocr::tests::tests::test_ocr_engine_supports_format ... ok
test text::ocr::tests::tests::test_ocr_options_default ... ok
test text::ocr::tests::tests::test_ocr_processing_result_average_confidence ... ok
test text::ocr::tests::tests::test_ocr_processing_result_average_confidence_empty ... ok
test text::ocr::tests::tests::test_ocr_processing_result_filter_by_confidence ... ok
test text::ocr::tests::tests::test_ocr_processing_result_fragments_in_region ... ok
test text::ocr::tests::tests::test_ocr_processing_result_fragments_of_type ... ok
test text::plaintext::extractor::tests::test_apply_line_break_mode_auto ... ok
test text::plaintext::extractor::tests::test_apply_line_break_mode_normalize ... ok
test text::plaintext::extractor::tests::test_apply_line_break_mode_preserve_all ... ok
test text::plaintext::extractor::tests::test_auto_line_breaks_empty_lines ... ok
test text::plaintext::extractor::tests::test_auto_line_breaks_punctuation ... ok
test text::plaintext::extractor::tests::test_auto_line_breaks_wrapped ... ok
test text::plaintext::extractor::tests::test_config_getter ... ok
test text::plaintext::extractor::tests::test_default ... ok
test text::plaintext::extractor::tests::test_multiply_matrix ... ok
test text::plaintext::extractor::tests::test_new ... ok
test text::plaintext::extractor::tests::test_normalize_line_breaks_hyphenated ... ok
test text::plaintext::extractor::tests::test_normalize_line_breaks_no_hyphen ... ok
test text::plaintext::extractor::tests::test_transform_point ... ok
test text::plaintext::extractor::tests::test_with_config ... ok
test text::plaintext::types::tests::test_config_default ... ok
test text::plaintext::types::tests::test_config_dense ... ok
test text::plaintext::types::tests::test_config_loose ... ok
test text::plaintext::types::tests::test_config_new ... ok
test text::plaintext::types::tests::test_config_preserve_layout ... ok
test text::plaintext::types::tests::test_line_break_mode_equality ... ok
test text::plaintext::types::tests::test_plain_text_result_empty ... ok
test text::plaintext::types::tests::test_plain_text_result_is_empty ... ok
test text::plaintext::types::tests::test_plain_text_result_line_count ... ok
test text::plaintext::types::tests::test_plain_text_result_new ... ok
test text::structured::detector::tests::test_detector_config_update ... ok
test text::structured::detector::tests::test_detector_creation ... ok
test text::structured::detector::tests::test_detector_empty_input ... ok
test text::structured::detector::tests::test_detector_selective_detection ... ok
test text::structured::keyvalue::tests::test_calculate_kv_confidence ... ok
test text::structured::keyvalue::tests::test_detect_colon_multiple ... ok
test text::structured::keyvalue::tests::test_detect_colon_no_match ... ok
test text::structured::keyvalue::tests::test_detect_colon_simple ... ok
test text::structured::keyvalue::tests::test_detect_key_value_pairs_integrated ... ok
test text::structured::keyvalue::tests::test_detect_spatial_alignment ... ok
test text::structured::keyvalue::tests::test_detect_spatial_no_gap ... ok
test text::structured::keyvalue::tests::test_detect_tabular ... ok
test text::structured::keyvalue::tests::test_detect_tabular_multiple_tabs ... ok
test text::structured::keyvalue::tests::test_group_by_y_position ... ok
test text::structured::layout::tests::test_assign_to_columns_two_columns ... ok
test text::structured::layout::tests::test_calculate_column_bbox ... ok
test text::structured::layout::tests::test_column_layout_empty ... ok
test text::structured::layout::tests::test_column_layout_single_column ... ok
test text::structured::layout::tests::test_column_layout_two_columns ... ok
test text::structured::layout::tests::test_column_sorting_reading_order ... ok
test text::structured::layout::tests::test_detect_no_boundaries ... ok
test text::structured::layout::tests::test_detect_three_columns ... ok
test text::structured::layout::tests::test_detect_two_columns ... ok
test text::structured::layout::tests::test_find_column_index ... ok
test text::structured::table::tests::test_cluster_columns_simple ... ok
test text::structured::table::tests::test_cluster_columns_single ... ok
test text::structured::table::tests::test_cluster_rows_descending ... ok
test text::structured::table::tests::test_detect_empty_input ... ok
test text::structured::table::tests::test_detect_irregular_table ... ok
test text::structured::table::tests::test_detect_simple_table ... ok
test text::structured::table::tests::test_detect_table_with_threshold ... ok
test text::structured::table::tests::test_table_cell_assignment ... ok
test text::structured::table::tests::test_table_confidence_full ... ok
test text::structured::table::tests::test_table_confidence_sparse ... ok
test text::structured::types::tests::test_alignment_default ... ok
test text::structured::types::tests::test_bounding_box_basic ... ok
test text::structured::types::tests::test_bounding_box_contains ... ok
test text::structured::types::tests::test_cell_operations ... ok
test text::structured::types::tests::test_column_edges ... ok
test text::structured::types::tests::test_config_builder ... ok
test text::structured::types::tests::test_table_accessors ... ok
test text::table::tests::test_add_header_row ... ok
test text::table::tests::test_add_row_mismatch ... ok
test text::table::tests::test_auto_row_height ... ok
test text::table::tests::test_cell_border_style ... ok
test text::table::tests::test_cell_with_background ... ok
test text::table::tests::test_cell_with_custom_border ... ok
test text::table::tests::test_custom_row_colspan_validation ... ok
test text::table::tests::test_custom_row_invalid_colspan ... ok
test text::table::tests::test_fixed_row_height ... ok
test text::table::tests::test_grid_styles ... ok
test text::table::tests::test_header_style ... ok
test text::table::tests::test_row_with_alignment ... ok
test text::table::tests::test_table_cell_creation ... ok
test text::table::tests::test_table_cell_setters ... ok
test text::table::tests::test_table_cell_with_colspan ... ok
test text::table::tests::test_table_creation ... ok
test text::table::tests::test_table_dimensions ... ok
test text::table::tests::test_table_equal_columns ... ok
test text::table::tests::test_table_options_default ... ok
test text::table::tests::test_table_position ... ok
test text::table::tests::test_table_with_alternating_colors ... ok
test text::table_detection::tests::test_bounding_box_area ... ok
test text::table_detection::tests::test_bounding_box_contains_point ... ok
test text::table_detection::tests::test_detected_table_get_cell ... ok
test text::table_detection::tests::test_table_cell_new ... ok
test text::table_detection::tests::test_table_cell_set_text ... ok
test text::table_detection::tests::test_table_detection_config_default ... ok
test text::tests::nan_char_spacing_sanitised_at_emission ... ok
test text::tests::nan_horizontal_scaling_sanitised_at_emission ... ok
test text::tests::nan_leading_and_text_rise_sanitised_at_emission ... ok
test text::tests::pos_inf_word_spacing_sanitised_at_emission ... ok
test text::tests::test_all_text_state_operators_generated ... ok
test text::tests::test_character_spacing ... ok
test text::tests::test_clear ... ok
test text::tests::test_generate_operations ... ok
test text::tests::test_horizontal_scaling ... ok
test text::tests::test_leading ... ok
test text::tests::test_method_chaining ... ok
test text::tests::test_position ... ok
test text::tests::test_rendering_mode_clip ... ok
test text::tests::test_rendering_mode_fill ... ok
test text::tests::test_rendering_mode_fill_clip ... ok
test text::tests::test_rendering_mode_fill_stroke ... ok
test text::tests::test_rendering_mode_fill_stroke_clip ... ok
test text::tests::test_rendering_mode_invisible ... ok
test text::tests::test_rendering_mode_stroke ... ok
test text::tests::test_rendering_mode_stroke_clip ... ok
test text::tests::test_set_font ... ok
test text::tests::test_special_characters_encoding ... ok
test text::tests::test_text_color_operations ... ok
test text::tests::test_text_context_default ... ok
test text::tests::test_text_context_new ... ok
test text::tests::test_text_context_threads_metrics_store ... ok
test text::tests::test_text_matrix_access ... ok
test text::tests::test_text_rise ... ok
test text::tests::test_text_state_parameters_chaining ... ok
test text::tests::test_used_characters_empty_initially ... ok
test text::tests::test_used_characters_multiple_writes ... ok
test text::tests::test_used_characters_tracking_ascii ... ok
test text::tests::test_used_characters_tracking_cjk ... ok
test text::tests::test_word_spacing ... ok
test text::tests::test_write_line ... ok
test text::tests::test_write_simple_text ... ok
test text::tests::test_write_text_with_escaping ... ok
test text::text_block::tests::test_compute_line_widths_empty ... ok
test text::text_block::tests::test_compute_line_widths_single_word ... ok
test text::text_block::tests::test_measure_text_block_empty ... ok
test text::text_block::tests::test_measure_text_block_with_uses_document_scope ... ok
test text::text_block::tests::test_measure_text_block_with_uses_store_across_wrap ... ok
test text::ocr::tests::tests::comprehensive_tests::test_mock_provider_configuration_mutations ... ok
test parser::stack_safe_tests::tests::test_error_messages_informatve ... ok
test text::ocr::tests::tests::test_mock_ocr_provider_process_image ... ok
test text::validation::tests::test_match_type_variants ... ok
test text::validation::tests::test_date_validation ... ok
test text::validation::tests::test_string_similarity_different_lengths ... ok
test text::validation::tests::test_string_similarity_empty ... ok
test text::validation::tests::test_string_similarity_identical ... ok
test text::validation::tests::test_string_similarity_partial ... ok
test text::validation::tests::test_extract_key_info_no_matches ... ok
test text::validation::tests::test_monetary_amount_match_type ... ok
test text::validation::tests::test_key_info_extraction ... ok
test text::validation::tests::test_target_search ... ok
test text::validation::tests::test_target_search_case_insensitive ... ok
test text::validation::tests::test_target_search_not_found ... ok
test text::validation::tests::test_target_search_multiple_occurrences ... ok
test verification::comparators::tests::test_calculate_similarity_score ... ok
test verification::comparators::tests::test_calculate_similarity_score_cosmetic ... ok
test verification::comparators::tests::test_calculate_similarity_score_empty ... ok
test verification::comparators::tests::test_calculate_similarity_score_important ... ok
test verification::comparators::tests::test_calculate_similarity_score_max_penalty ... ok
test verification::comparators::tests::test_calculate_similarity_score_minor ... ok
test text::validation::tests::test_text_validator_default ... ok
test verification::comparators::tests::test_calculate_similarity_score_multiple ... ok
test verification::comparators::tests::test_compare_annotations_different_count ... ok
test verification::comparators::tests::test_compare_catalogs_both_none ... ok
test verification::comparators::tests::test_compare_annotations_same_count ... ok
test verification::comparators::tests::test_compare_catalogs_generated_missing_key ... ok
test verification::comparators::tests::test_compare_catalogs_generated_none ... ok
test verification::comparators::tests::test_compare_catalogs_reference_missing_key ... ok
test verification::comparators::tests::test_compare_catalogs_reference_none ... ok
test verification::comparators::tests::test_compare_catalogs_both_present_with_diff ... ok
test verification::comparators::tests::test_compare_fonts_empty ... ok
test verification::comparators::tests::test_compare_fonts_missing_reference ... ok
test verification::comparators::tests::test_compare_fonts_identical ... ok
test verification::comparators::tests::test_compare_graphics_states_different_count ... ok
test text::validation::tests::test_validate_contract_no_matches ... ok
test verification::comparators::tests::test_compare_page_trees_both_none ... ok
test verification::comparators::tests::test_compare_graphics_states_different_line_width ... ok
test verification::comparators::tests::test_compare_page_trees_different_count ... ok
test verification::comparators::tests::test_compare_page_trees_different_type ... ok
test verification::comparators::tests::test_compare_page_trees_generated_none ... ok
test verification::comparators::tests::test_compare_text_objects_different_count ... ok
test verification::comparators::tests::test_comparison_result_clone ... ok
test verification::comparators::tests::test_difference_severity_equality ... ok
test verification::comparators::tests::test_extract_pdf_differences ... ok
test verification::comparators::tests::test_extract_pdf_differences_identical ... ok
test verification::comparators::tests::test_identical_pdfs ... ok
test verification::comparators::tests::test_major_version_difference ... ok
test verification::comparators::tests::test_pdf_difference_clone ... ok
test verification::comparators::tests::test_compare_text_objects_different_content ... ok
test verification::comparators::tests::test_pdfs_structurally_equivalent_true ... ok
test verification::comparators::tests::test_pdfs_structurally_equivalent_invalid_pdf ... ok
test verification::comparators::tests::test_compare_page_trees_reference_none ... ok
test verification::comparators::tests::test_structural_difference ... ok
test verification::comparators::tests::test_version_difference ... ok
test verification::compliance_report::tests::test_generate_compliance_report ... ok
test verification::compliance_report::tests::test_format_report_markdown ... ok
test verification::compliance_report::tests::test_is_high_priority_requirement ... ok
test verification::compliance_report::tests::test_is_critical_requirement ... ok
test verification::curated_matrix::tests::test_by_feature_area ... ok
test verification::curated_matrix::tests::test_by_priority ... ok
test verification::curated_matrix::tests::test_all_requirements ... ok
test verification::curated_matrix::tests::test_by_section ... ok
test verification::curated_matrix::tests::test_calculate_stats ... ok
test verification::curated_matrix::tests::test_parse_curated_matrix ... ok
test verification::curated_matrix::tests::test_priority_from_str ... ok
test verification::curated_matrix::tests::test_get_by_id ... ok
test verification::curated_matrix::tests::test_mandatory_requirements ... ok
test verification::iso_matrix::tests::test_calculate_compliance_stats ... ok
test verification::curated_matrix::tests::test_unimplemented ... ok
test verification::iso_matrix::tests::test_get_requirement_by_id ... ok
test verification::iso_matrix::tests::test_get_unimplemented_requirements ... ok
test verification::iso_matrix::tests::test_get_all_requirements ... ok
test verification::iso_matrix::tests::test_load_matrix ... ok
test verification::parser::tests::test_extract_fonts ... ok
test verification::parser::tests::test_extract_version ... ok
test verification::parser::tests::test_color_space_detection ... ok
test verification::parser::tests::test_extract_catalog ... ok
test verification::semantic_comparison::tests::all_xmp_timestamp_forms_are_normalized ... ok
test verification::parser::tests::test_improved_color_detection ... ok
test text::validation::tests::test_validation_metadata ... ok
test verification::semantic_comparison::tests::content_outside_page_bounds_is_still_reported ... ok
test verification::semantic_comparison::tests::every_configured_budget_fails_closed ... ok
test verification::semantic_comparison::tests::cyclic_graphs_terminate_and_respect_object_limits ... ok
test verification::semantic_comparison::tests::object_numbers_and_definition_order_are_serialization_only ... ok
test verification::semantic_comparison::tests::equivalent_objects_are_reported_even_when_the_documents_differ ... ok
test verification::semantic_comparison::tests::forms_outlines_and_tags_are_independent_structural_domains ... ok
test verification::semantic_comparison::tests::permitted_info_and_xmp_timestamp_noise_is_ignored ... ok
test verification::semantic_comparison::tests::incremental_changes_are_attributed_to_their_revision ... ok
test verification::semantic_comparison::tests::semantically_redundant_incremental_revision_is_serialization_only ... ok
test verification::semantic_comparison::tests::reachable_object_budget_fails_closed ... ok
test verification::semantic_comparison::tests::optional_content_annotations_metadata_and_attachments_have_stable_paths ... ok
test verification::semantic_comparison::tests::stream_compression_is_serialization_only ... ok
test verification::tagged_pdf::tests::applies_semantic_rules_after_role_mapping ... ok
test verification::semantic_comparison::tests::unreachable_and_historical_changes_are_reported ... ok
test verification::tagged_pdf::tests::element_language_does_not_replace_catalog_language ... ok
test verification::tagged_pdf::tests::enforces_decoded_content_limit ... ok
test verification::tagged_pdf::tests::enforces_nesting_limit ... ok
test verification::tagged_pdf::tests::numbered_headings_must_start_at_h1_and_not_mix_with_h ... ok
test verification::tagged_pdf::tests::inventories_artifact_markers_and_subtypes ... ok
test verification::tagged_pdf::tests::rejects_a_direct_structure_tree_root ... ok
test verification::tagged_pdf::tests::rejects_cyclic_role_maps ... ok
test verification::tagged_pdf::tests::rejects_an_mcid_absent_from_page_content ... ok
test verification::tagged_pdf::tests::rejects_direct_mcr_stream_associations ... ok
test verification::tagged_pdf::tests::rejects_direct_structure_elements ... ok
test verification::tagged_pdf::tests::rejects_duplicate_content_mcids ... ok
test verification::tagged_pdf::tests::rejects_malformed_number_tree_order_and_limits ... ok
test verification::tagged_pdf::tests::rejects_logical_order_that_reverses_page_content ... ok
test verification::tagged_pdf::tests::rejects_overlapping_parent_tree_child_ranges ... ok
test verification::tagged_pdf::tests::rejects_structure_cycles_without_recursing_forever ... ok
test verification::tagged_pdf::tests::reports_figure_without_text_alternative ... ok
test verification::tagged_pdf::tests::reports_malformed_role_and_class_maps ... ok
test verification::tagged_pdf::tests::reports_missing_language_for_tagged_documents ... ok
test verification::tagged_pdf::tests::reports_parent_tree_owner_mismatch ... ok
test verification::tagged_pdf::tests::reports_skipped_heading_levels_in_structure_order ... ok
test verification::tagged_pdf::tests::reports_untagged_document_without_failing_parse ... ok
test verification::tagged_pdf::tests::resolves_mcid_from_a_resource_property_list ... ok
test verification::tagged_pdf::tests::validates_bidirectional_tagged_structure ... ok
test verification::tagged_pdf::tests::validates_objr_through_struct_parent ... ok
test verification::tagged_pdf::tests::validates_table_header_attributes_and_link_annotation_semantics ... ok
test verification::unit_tests::test_pdf_generation_verification ... ok
test verification::tagged_pdf::tests::validates_table_list_and_link_structure ... ok
test verification::unit_tests::test_verification_level_from_u8 ... ok
test verification::semantic_comparison::tests::visible_content_change_is_visual_and_textual ... ok
test verification::unit_tests::test_verification_level_percentage ... ok
test verification::semantic_comparison::tests::signatures_and_post_signing_updates_are_security_differences ... ok
test verification::validators::tests::test_check_available_validators ... ok
test verification::validators::tests::test_get_install_instructions ... ok
test verification::validators::tests::test_get_install_instructions_pdftk_content ... ok
test verification::validators::tests::test_check_available_validators_returns_vec ... ok
test verification::validators::tests::test_get_install_instructions_verapdf_content ... ok
test verification::validators::tests::test_install_instructions_completeness ... ok
test verification::validators::tests::test_external_validation_result_fields ... ok
test verification::validators::tests::test_validate_external_result_structure ... ok
test verification::validators::tests::test_validate_with_pdftk_nonexistent_file ... ok
test verification::validators::tests::test_validate_external_with_mock_pdf ... ok
test verification::validators::tests::test_validate_with_pdftk_not_available ... ok
test verification::validators::tests::test_validate_with_adobe_preflight_not_available ... ok
test verification::validators::tests::test_validate_external_empty_pdf ... ok
test verification::validators::tests::test_validate_with_qpdf_invalid_pdf ... ok
test verification::validators::tests::test_validate_with_qpdf_nonexistent_file ... ok
test verification::validators::tests::test_validate_with_verapdf_not_available ... ok
test viewer_preferences::tests::test_all_page_layouts_to_dict ... ok
test viewer_preferences::tests::test_center_window_to_dict ... ok
test viewer_preferences::tests::test_basic_preferences ... ok
test viewer_preferences::tests::test_convenience_constructors ... ok
test viewer_preferences::tests::test_direction ... ok
test viewer_preferences::tests::test_display_doc_title_to_dict ... ok
test viewer_preferences::tests::test_duplex_flip_short_edge_to_dict ... ok
test viewer_preferences::tests::test_direction_to_dict ... ok
test verification::validators::tests::test_validate_with_qpdf_valid_pdf ... ok
test viewer_preferences::tests::test_duplex_modes ... ok
test viewer_preferences::tests::test_duplex_simplex_to_dict ... ok
test viewer_preferences::tests::test_empty_preferences ... ok
test viewer_preferences::tests::test_hide_window_ui_to_dict ... ok
test viewer_preferences::tests::test_non_full_screen_page_mode_to_dict ... ok
test viewer_preferences::tests::test_num_copies_bounds ... ok
test viewer_preferences::tests::test_page_layout_names ... ok
test viewer_preferences::tests::test_page_layout_preference ... ok
test viewer_preferences::tests::test_page_mode_names ... ok
test viewer_preferences::tests::test_full_preferences_to_dict ... ok
test viewer_preferences::tests::test_page_mode_to_dict ... ok
test viewer_preferences::tests::test_non_full_screen_page_mode_names ... ok
test viewer_preferences::tests::test_pick_tray_by_pdf_size_to_dict ... ok
test viewer_preferences::tests::test_print_area_and_clip ... ok
test viewer_preferences::tests::test_print_page_range_reversed ... ok
test verification::validators::tests::test_validate_with_qpdf_truncated_pdf ... ok
test viewer_preferences::tests::test_print_page_ranges ... ok
test viewer_preferences::tests::test_print_preferences ... ok
test viewer_preferences::tests::test_print_scaling ... ok
test viewer_preferences::tests::test_print_scaling_app_default_to_dict ... ok
test viewer_preferences::tests::test_view_area_and_clip ... ok
test writer::build_identification::tests::test_build_identification_creation ... ok
test writer::build_identification::tests::test_build_hash_format ... ok
test writer::build_identification::tests::test_compute_features_empty ... ok
test writer::build_identification::tests::test_compute_features_with_encryption ... ok
test writer::build_identification::tests::test_features_fingerprint_format ... ok
test writer::build_identification::tests::test_edition_as_str ... ok
test writer::build_identification::tests::test_write_to_info_dict ... ok
test writer::content_stream_utils::tests::test_collision_mapping_disambiguates_against_reserved_and_preserved ... ok
test writer::content_stream_utils::tests::test_collision_mapping_overlay_font_key ... ok
test writer::content_stream_utils::tests::test_apply_font_rename_map_renames_only_mapped_keys ... ok
test writer::content_stream_utils::tests::test_collision_mapping_empty_when_no_collision ... ok
test writer::content_stream_utils::tests::test_collision_mapping_renames_only_colliding_keys ... ok
test writer::content_stream_utils::tests::test_extract_font_references_multiple ... ok
test writer::content_stream_utils::tests::test_extract_font_references_ignore_false_positives ... ok
test writer::content_stream_utils::tests::test_extract_font_references_multiline ... ok
test writer::content_stream_utils::tests::test_extract_font_references_simple ... ok
test writer::content_stream_utils::tests::test_has_embedded_font_data_descriptor_without_streams ... ok
test writer::content_stream_utils::tests::test_has_embedded_font_data_descriptor_as_reference ... ok
test writer::content_stream_utils::tests::test_extract_font_references_no_fonts ... ok
test writer::content_stream_utils::tests::test_extract_font_references_with_named_fonts ... ok
test writer::content_stream_utils::tests::test_has_embedded_font_data_empty_dict ... ok
test writer::content_stream_utils::tests::test_has_embedded_font_data_multiple_font_files ... ok
test writer::content_stream_utils::tests::test_has_embedded_font_data_with_fontfile2 ... ok
test writer::content_stream_utils::tests::test_has_embedded_font_data_standard_font ... ok
test writer::content_stream_utils::tests::test_has_embedded_font_data_with_fontfile ... ok
test writer::content_stream_utils::tests::test_has_embedded_font_data_with_fontfile3 ... ok
test writer::content_stream_utils::tests::test_rename_preserved_fonts_all_keys_prefixed ... ok
test writer::content_stream_utils::tests::test_rename_preserved_fonts_complex_objects ... ok
test writer::content_stream_utils::tests::test_rename_preserved_fonts_empty_dictionary ... ok
test writer::content_stream_utils::tests::test_rename_preserved_fonts_named_fonts ... ok
test writer::content_stream_utils::tests::test_rename_preserved_fonts_simple ... ok
test writer::content_stream_utils::tests::test_rename_preserved_fonts_preserves_values ... ok
test writer::content_stream_utils::tests::test_rewrite_font_references_hyphenated_font_names ... ok
test writer::content_stream_utils::tests::test_rewrite_font_references_cross_line_operator ... ok
test writer::content_stream_utils::tests::test_rewrite_font_references_ignores_name_inside_string ... ok
test writer::content_stream_utils::tests::test_rename_preserved_fonts_no_collision_detection ... ok
test writer::content_stream_utils::tests::test_rewrite_font_references_named_fonts ... ok
test writer::content_stream_utils::tests::test_rewrite_font_references_multiline ... ok
test writer::content_stream_utils::tests::test_rewrite_font_references_multiple ... ok
test writer::content_stream_utils::tests::test_rewrite_font_references_no_mappings ... ok
test writer::content_stream_utils::tests::test_rewrite_font_references_partial_mapping ... ok
test writer::content_stream_utils::tests::test_rewrite_font_references_preserves_whitespace ... ok
test writer::content_stream_utils::tests::test_rewrite_font_references_non_font_operators ... ok
test writer::content_stream_utils::tests::test_rewrite_font_references_preserves_other_content ... ok
test writer::content_stream_utils::tests::test_rewrite_font_references_simple ... ok
test writer::content_stream_utils::tests::test_rewrite_font_references_real_size_and_negative ... ok
test writer::content_stream_utils::tests::test_rewrite_font_references_with_indentation ... ok
test writer::content_stream_utils::tests::test_rewrite_font_references_with_tabs ... ok
test writer::incremental_form_fill::tests::literal_string_escapes_reserved_bytes ... ok
test writer::incremental_form_fill::tests::incremental_trailer_carries_root_prev_size ... ok
test writer::incremental_form_fill::tests::incremental_trailer_emits_distinct_id_pair ... ok
test writer::incremental_form_fill::tests::parse_da_string_extracts_font_and_size ... ok
test writer::incremental_form_fill::tests::partial_xref_groups_contiguous_subsections ... ok
test writer::incremental_form_fill::tests::partial_xref_merges_adjacent_ids ... ok
test writer::incremental_form_fill::tests::revision_id_differs_from_permanent_and_is_deterministic ... ok
test writer::incremental_form_fill::tests::write_indirect_stream_object_produces_valid_form_xobject ... ok
test writer::incremental_ocr_layer::tests::dry_run_reports_only_incremental_ocr_objects ... ok
test writer::incremental_ocr_layer::tests::second_application_detects_existing_ocr_layer ... ok
test writer::incremental_ocr_layer::tests::docmdp_certification_rejects_ocr_page_content_changes ... ok
test writer::incremental_ocr_layer::tests::dry_run_also_rejects_forbidden_docmdp_changes ... ok
test writer::incremental_ocr_layer::tests::supports_xref_stream_sources ... ok
test writer::incremental_ocr_layer::tests::unicode_actual_text_and_logical_order_are_extractable ... ok
test writer::incremental_ocr_layer::tests::update_preserves_base_as_exact_prefix_and_reopens ... ok
test writer::object_streams::tests::test_can_compress ... ok
test writer::object_streams::tests::test_disabled_object_streams ... ok
test writer::incremental_tagged_pdf::tests::reparents_an_element_losslessly_and_rejects_cycles ... ok
test writer::object_streams::tests::test_object_stream_add_object ... ok
test writer::incremental_ocr_layer::tests::page_request_order_does_not_change_output ... ok
test writer::incremental_tagged_pdf::tests::association_resolves_an_indirect_parent_owner_array ... ok
test writer::object_streams::tests::test_object_stream_creation ... ok
test writer::object_streams::tests::test_object_stream_writer_basic ... ok
test writer::object_streams::tests::test_object_stream_is_full ... ok
test writer::object_streams::tests::test_object_stream_generate_data ... ok
test writer::pdf_writer::rigorous_tests::test_allocate_object_id_no_gaps ... ok
test writer::pdf_writer::rigorous_tests::test_allocate_object_id_sequential ... ok
test writer::object_streams::tests::test_object_stream_writer_multiple_streams ... ok
test writer::pdf_writer::rigorous_tests::test_document_single_page ... ok
test writer::pdf_writer::rigorous_tests::test_document_multiple_pages ... ok
test writer::pdf_writer::rigorous_tests::test_document_with_all_metadata ... ok
test writer::pdf_writer::rigorous_tests::test_document_with_title ... ok
test writer::pdf_writer::rigorous_tests::test_document_with_author ... ok
test writer::pdf_writer::rigorous_tests::test_empty_document_page_count ... ok
test writer::pdf_writer::rigorous_tests::test_eof_marker_format ... ok
test writer::pdf_writer::rigorous_tests::test_empty_document_structure ... ok
test writer::pdf_writer::rigorous_tests::test_write_header_binary_comment ... ok
test writer::pdf_writer::rigorous_tests::test_trailer_references_valid_objects ... ok
test writer::pdf_writer::rigorous_tests::test_trailer_structure_in_document ... ok
test writer::pdf_writer::rigorous_tests::test_write_header_length ... ok
test writer::pdf_writer::rigorous_tests::test_writer_config_default_values ... ok
test writer::pdf_writer::rigorous_tests::test_writer_config_legacy_values ... ok
test writer::pdf_writer::rigorous_tests::test_write_header_pdf_version ... ok
test writer::pdf_writer::rigorous_tests::test_writer_config_modern_values ... ok
test writer::pdf_writer::rigorous_tests::test_writer_with_legacy_config ... ok
test writer::pdf_writer::rigorous_tests::test_xref_positions_format ... ok
test writer::pdf_writer::rigorous_tests::test_xref_format_in_document ... ok
test writer::pdf_writer::tests::catalog_entries_tests::catalog_entries_tests::test_page_labels_lowercase_roman_emits_lowercase_s_name ... ok
test writer::pdf_writer::rigorous_tests::test_writer_with_modern_config ... ok
test writer::pdf_writer::tests::catalog_entries_tests::catalog_entries_tests::test_page_labels_mixed_roman_ranges_keep_correct_case ... ok
test writer::pdf_writer::tests::catalog_entries_tests::catalog_entries_tests::test_page_labels_uppercase_roman_emits_uppercase_s_name ... ok
test writer::pdf_writer::tests::catalog_entries_tests::catalog_entries_tests::test_write_catalog_includes_named_destinations ... ok
test writer::pdf_writer::tests::catalog_entries_tests::catalog_entries_tests::test_write_catalog_includes_open_action ... ok
test writer::pdf_writer::tests::catalog_entries_tests::catalog_entries_tests::test_write_catalog_includes_all_four_entries_simultaneously ... ok
test writer::pdf_writer::tests::catalog_entries_tests::catalog_entries_tests::test_write_catalog_includes_page_labels ... ok
test writer::pdf_writer::tests::comprehensive_tests::test_error_recovery_after_failed_write ... ok
test writer::pdf_writer::tests::comprehensive_tests::test_content_stream_encoding ... ok
test writer::pdf_writer::tests::comprehensive_tests::test_invalid_utf8_handling ... ok
test writer::pdf_writer::tests::catalog_entries_tests::catalog_entries_tests::test_write_catalog_includes_viewer_preferences ... ok
test writer::pdf_writer::rigorous_tests::test_document_ends_with_eof ... ok
test writer::pdf_writer::tests::comprehensive_tests::test_pdf_object_references_are_valid ... ok
test writer::pdf_writer::tests::comprehensive_tests::test_object_id_conflict_handling ... ok
test writer::pdf_writer::tests::comprehensive_tests::test_pdf_version_in_header ... ok
test writer::pdf_writer::tests::comprehensive_tests::test_page_content_operations_order ... ok
test writer::pdf_writer::tests::comprehensive_tests::test_pdf_version_header ... ok
test writer::pdf_writer::tests::comprehensive_tests::test_position_tracking_accuracy ... ok
test writer::pdf_writer::tests::comprehensive_tests::test_roundtrip_write_parse ... ok
test writer::pdf_writer::tests::comprehensive_tests::test_trailer_dictionary_content ... ok
test writer::pdf_writer::tests::comprehensive_tests::test_write_binary_streams ... ok
test writer::pdf_writer::tests::comprehensive_tests::test_write_bytes_partial_writes ... ok
test writer::pdf_writer::tests::comprehensive_tests::test_png_transparency_smask ... ok
test writer::pdf_writer::tests::comprehensive_tests::test_write_complex_page ... ok
test writer::pdf_writer::tests::comprehensive_tests::test_write_different_page_sizes ... ok
test writer::pdf_writer::tests::comprehensive_tests::test_write_duplicate_dictionary_keys ... ok
test writer::pdf_writer::tests::comprehensive_tests::test_write_consistent_line_endings ... ok
test writer::pdf_writer::tests::comprehensive_tests::test_write_empty_collections ... ok
test writer::pdf_writer::tests::comprehensive_tests::test_write_deeply_nested_structures ... ok
test writer::pdf_writer::tests::comprehensive_tests::test_write_failure_during_header ... ok
test writer::pdf_writer::tests::comprehensive_tests::test_write_empty_document ... ok
test writer::pdf_writer::tests::comprehensive_tests::test_write_float_edge_cases ... ok
test writer::pdf_writer::tests::comprehensive_tests::test_write_empty_metadata ... ok
test writer::pdf_writer::tests::comprehensive_tests::test_write_large_integers ... ok
test writer::pdf_writer::tests::comprehensive_tests::test_write_failure_during_xref ... ok
test writer::pdf_writer::tests::comprehensive_tests::test_write_max_generation_number ... ok
test writer::pdf_writer::tests::comprehensive_tests::test_write_maximum_object_id ... ok
test writer::pdf_writer::tests::comprehensive_tests::test_write_mixed_type_arrays ... ok
test writer::pdf_writer::tests::comprehensive_tests::test_write_names_with_special_chars ... ok
test writer::pdf_writer::tests::comprehensive_tests::test_write_object_reference_cycles ... ok
test writer::pdf_writer::tests::comprehensive_tests::test_write_nested_dictionaries ... ok
test writer::pdf_writer::tests::comprehensive_tests::test_write_pdf_header ... ok
test writer::pdf_writer::tests::comprehensive_tests::test_write_pdf_special_characters ... ok
test writer::pdf_writer::tests::comprehensive_tests::test_write_permission_error ... ok
test writer::pdf_writer::tests::comprehensive_tests::test_write_resource_dictionary ... ok
test writer::pdf_writer::tests::comprehensive_tests::test_write_special_characters_in_strings ... ok
test writer::pdf_writer::tests::comprehensive_tests::test_write_stream_with_filter ... ok
test writer::pdf_writer::tests::comprehensive_tests::test_write_unicode_metadata ... ok
test writer::pdf_writer::tests::comprehensive_tests::test_write_very_long_strings ... ok
test writer::pdf_writer::tests::comprehensive_tests::test_write_zero_length_stream ... ok
test writer::pdf_writer::tests::comprehensive_tests::test_writer_config_default ... ok
test writer::pdf_writer::tests::comprehensive_tests::test_writer_flush_behavior ... ok
test writer::pdf_writer::tests::comprehensive_tests::test_xref_stream_generation ... ok
test writer::pdf_writer::tests::comprehensive_tests::test_xref_stream_with_multiple_objects ... ok
test writer::pdf_writer::tests::form_filling_tests::form_filling_tests::test_form_filling_preserves_template_and_adds_data ... ignored
test writer::pdf_writer::tests::form_filling_tests::form_filling_tests::test_incremental_update_structure_compliance ... ok
test writer::pdf_writer::tests::comprehensive_tests::test_write_xref_many_objects ... ok
test writer::pdf_writer::tests::form_filling_tests::form_filling_tests::test_multiple_page_replacement_preserves_unmodified_pages ... ignored
test writer::pdf_writer::tests::form_filling_tests::form_filling_tests::test_page_replacement_keeps_correct_page_count ... ignored
test writer::pdf_writer::tests::incremental_update_tests::incremental_update_tests::test_incremental_update_config ... ok
test writer::pdf_writer::tests::incremental_update_tests::incremental_update_tests::test_incremental_update_error_on_missing_base ... ok
test writer::pdf_writer::tests::incremental_update_tests::incremental_update_tests::test_incremental_update_basic ... ok
test writer::pdf_writer::tests::incremental_update_tests::incremental_update_tests::test_incremental_update_has_prev_pointer ... ok
test writer::pdf_writer::tests::comprehensive_tests::test_memory_efficiency_large_document ... ok
test writer::pdf_writer::tests::comprehensive_tests::test_write_many_pages_document ... ok
test writer::pdf_writer::tests::incremental_update_tests::incremental_update_tests::test_incremental_update_pdf_version ... ok
test writer::pdf_writer::tests::incremental_update_tests::incremental_update_tests::test_incremental_update_with_form_fields ... ok
test writer::pdf_writer::tests::incremental_update_tests::incremental_update_tests::test_incremental_update_multiple_times ... ok
test writer::pdf_writer::tests::integration_tests::test_writer_content_stream_handling ... ok
test writer::pdf_writer::tests::integration_tests::test_writer_buffer_vs_file_output ... ok
test writer::pdf_writer::tests::integration_tests::test_writer_cross_reference_table ... ok
test writer::pdf_writer::tests::integration_tests::test_writer_empty_document ... ok
test writer::pdf_writer::tests::integration_tests::test_writer_document_integration ... ok
test writer::pdf_writer::tests::incremental_update_tests::incremental_update_tests::test_incremental_update_preserves_base_content ... ok
test writer::pdf_writer::tests::integration_tests::test_writer_error_handling ... ok
test writer::pdf_writer::tests::integration_tests::test_writer_image_integration ... ok
test writer::pdf_writer::tests::integration_tests::test_writer_font_resource_handling ... ok
test writer::pdf_writer::tests::integration_tests::test_writer_metadata_handling ... ok
test writer::pdf_writer::tests::integration_tests::test_writer_page_content_integration ... ok
test writer::pdf_writer::tests::integration_tests::test_writer_object_id_management ... ok
test writer::pdf_writer::tests::test_complete_pdf_generation ... ok
test writer::pdf_writer::tests::test_format_pdf_date ... ok
test writer::pdf_writer::tests::test_pdf_writer_new_with_writer ... ok
test writer::pdf_writer::tests::test_write_bytes ... ok
test writer::pdf_writer::tests::test_write_catalog ... ok
test writer::pdf_writer::tests::test_write_header ... ok
test writer::pdf_writer::tests::test_write_info ... ok
test writer::pdf_writer::tests::test_write_document_with_pages ... ok
test writer::pdf_writer::tests::test_write_object ... ok
test writer::pdf_writer::tests::test_write_trailer ... ok
test writer::pdf_writer::tests::test_write_empty_document ... ok
test writer::pdf_writer::tests::test_write_xref ... ok
test writer::xref_stream_writer::tests::test_bytes_needed ... ok
test writer::xref_stream_writer::tests::test_create_dictionary_with_trailer ... ok
test writer::xref_stream_writer::tests::test_encode_compressed_entry ... ok
test writer::pdf_writer::tests::test_write_info_with_dates ... ok
test writer::xref_stream_writer::tests::test_encode_free_entry ... ok
test writer::xref_stream_writer::tests::test_multiple_entry_types ... ok
test writer::xref_stream_writer::tests::test_encode_in_use_entry ... ok
test writer::xref_stream_writer::tests::test_set_trailer_info ... ok
test writer::xref_stream_writer::tests::test_width_adjustment ... ok
test writer::xref_stream_writer::tests::test_write_xref_stream ... ok
test writer::pdf_writer::tests::integration_tests::test_writer_large_document_performance ... ok
test structure::marked_content::tests::test_size_limit ... ok
test operations::extract_images::extract_images_tests::tests::test_extract_from_specific_page ... ok
test operations::extract_images::extract_images_tests::tests::test_extract_from_real_pdf_with_images ... ok
test operations::extract_images::extract_images_tests::tests::test_image_extraction_with_min_size_filter ... ok

test result: ok. 6801 passed; 0 failed; 3 ignored; 0 measured; 0 filtered out; finished in 11.32s

     Running tests/acroform_fields_serialize_test.rs (/tmp/oxidize-639-final-target/debug/deps/acroform_fields_serialize_test-916b6db401cd3044)

running 4 tests
test form_manager_mixed_field_types_round_trip ... ok
test form_manager_empty_produces_empty_fields_array ... ok
test form_manager_fields_appear_as_indirect_objects_and_acroform_references_them ... ok
test form_manager_multiple_fields_are_all_emitted_in_deterministic_order ... ok

test result: ok. 4 passed; 0 failed; 0 ignored; 0 measured; 0 filtered out; finished in 0.00s

     Running tests/advanced_tables_tests.rs (/tmp/oxidize-639-final-target/debug/deps/advanced_tables_tests-e2292f8c0a21b99c)

running 14 tests
test test_border_styles ... ok
test test_cell_alignments ... ok
test test_cell_style_creation ... ok
test test_complex_header_builder ... ok
test test_empty_table ... ok
test test_padding_creation ... ok
test test_table_builder_basic ... ok
test test_table_positioning ... ok
test test_table_show_header ... ok
test test_table_width_calculation ... ok
test test_table_with_custom_row_styles ... ok
test test_table_with_mixed_styles ... ok
test test_table_with_title_only ... ok
test test_table_with_zebra_stripes ... ok

test result: ok. 14 passed; 0 failed; 0 ignored; 0 measured; 0 filtered out; finished in 0.00s

     Running tests/analysis_spi_corpus_parity_test.rs (/tmp/oxidize-639-final-target/debug/deps/analysis_spi_corpus_parity_test-929ed71106d751d2)

running 0 tests

test result: ok. 0 passed; 0 failed; 0 ignored; 0 measured; 0 filtered out; finished in 0.00s

     Running tests/analysis_spi_test.rs (/tmp/oxidize-639-final-target/debug/deps/analysis_spi_test-646ab1ce3a2634aa)

running 0 tests

test result: ok. 0 passed; 0 failed; 0 ignored; 0 measured; 0 filtered out; finished in 0.00s

     Running tests/annotation_write_test.rs (/tmp/oxidize-639-final-target/debug/deps/annotation_write_test-3be444300f482169)

running 8 tests
test test_annotation_color_written ... ok
test test_empty_annotations_no_annots_key ... ok
test test_annotation_quad_points_written ... ok
test test_annotation_rect_written_correctly ... ok
test test_highlight_annotation_appears_in_annots_array ... ok
test test_widget_annotations_still_work_after_refactor ... ok
test test_annotation_with_contents_string ... ok
test test_multiple_annotations_written ... ok

test result: ok. 8 passed; 0 failed; 0 ignored; 0 measured; 0 filtered out; finished in 0.01s

     Running tests/annotations_comprehensive_test.rs (/tmp/oxidize-639-final-target/debug/deps/annotations_comprehensive_test-b5521ef2d0c6de55)

running 27 tests
test test_annotation_border_styles_comprehensive ... ok
test test_all_annotation_types_creation ... ok
test test_all_stamp_types ... ok
test test_annotation_color_representations ... ok
test test_annotation_flags_combinations ... ok
test test_annotation_flags_edge_cases ... ok
test test_annotation_manager_with_invalid_references ... ok
test test_annotation_manager_multiple_pages ... ok
test test_annotation_properties_merging ... ok
test test_annotation_modified_date_format ... ok
test test_annotation_with_extreme_coordinates ... ok
test test_border_style_with_invalid_dash_patterns ... ok
test test_color_edge_cases ... ok
test test_complete_annotation_workflow ... ok
test test_complex_free_text_annotation ... ok
test test_complex_line_annotation ... ok
test test_ink_annotation_with_invalid_points ... ok
test test_ink_annotation_with_multiple_strokes ... ok
test test_link_destination_with_null_page_reference ... ok
test test_free_text_with_invalid_quadding ... ok
test test_link_with_malformed_uris ... ok
test test_markup_with_empty_quad_points ... ok
test test_square_with_cloudy_border ... ok
test test_link_destinations_comprehensive ... ok
test test_markup_with_multiple_quad_points ... ok
test test_concurrent_annotation_manager_operations ... ok
test test_annotations_with_very_long_strings ... ok

test result: ok. 27 passed; 0 failed; 0 ignored; 0 measured; 0 filtered out; finished in 0.00s

     Running tests/annotations_error_handling_test.rs (/tmp/oxidize-639-final-target/debug/deps/annotations_error_handling_test-3aa2ef66a2107808)

running 15 tests
test test_annotation_dict_with_invalid_properties ... ok
test test_annotation_rect_consistency ... ok
test test_border_effect_intensity_validation ... ok
test test_border_style_with_invalid_values ... ok
test test_link_validation_edge_cases ... ok
test test_markup_annotation_empty_metadata ... ok
test test_free_text_with_invalid_font_specs ... ok
test test_invalid_object_reference_handling ... ok
test test_square_annotation_invalid_colors ... ok
test test_quad_points_invalid_rectangles ... ok
test test_text_annotation_state_transitions ... ok
test test_concurrent_annotation_operations ... ok
test test_ink_annotation_extreme_coordinates ... ok
test test_annotation_manager_stress ... ok
test test_annotation_memory_pressure ... ok

test result: ok. 15 passed; 0 failed; 0 ignored; 0 measured; 0 filtered out; finished in 0.03s

     Running tests/annotations_integration_test.rs (/tmp/oxidize-639-final-target/debug/deps/annotations_integration_test-e34e31de8538580c)

running 8 tests
test test_annotation_geometric_transformations ... ok
test test_annotation_ordering_z_index ... ok
test test_cross_annotation_relationships ... ok
test test_annotation_serialization_roundtrip ... ok
test test_pdf_viewer_compatibility ... ok
test test_annotations_document_integration ... ok
test test_annotation_memory_efficiency ... ok
test test_annotation_performance_large_datasets ... ok

test result: ok. 8 passed; 0 failed; 0 ignored; 0 measured; 0 filtered out; finished in 0.04s

     Running tests/annotations_tests.rs (/tmp/oxidize-639-final-target/debug/deps/annotations_tests-6d64fc3d0617f0cd)

running 10 tests
test test_annotation_with_contents_and_subject ... ok
test test_circle_annotation ... ok
test test_file_attachment_annotation ... ok
test test_file_attachment_icons ... ok
test test_ink_annotation_creation ... ok
test test_ink_annotation_empty_strokes ... ok
test test_square_annotation_with_colors ... ok
test test_multiple_annotations_on_page ... ok
test test_stamp_annotation_custom ... ok
test test_stamp_annotation_predefined ... ok

test result: ok. 10 passed; 0 failed; 0 ignored; 0 measured; 0 filtered out; finished in 0.00s

     Running tests/architecture_simple_test.rs (/tmp/oxidize-639-final-target/debug/deps/architecture_simple_test-79dd61afb1007e72)

running 3 tests
test test_page_tree_caching ... ok
test test_parsed_page_dimensions ... ok
test test_resource_manager ... ok

test result: ok. 3 passed; 0 failed; 0 ignored; 0 measured; 0 filtered out; finished in 0.00s

     Running tests/batch_processing_tests.rs (/tmp/oxidize-639-final-target/debug/deps/batch_processing_tests-d65648454700340e)

running 13 tests
test test_batch_stop_on_error ... ok
test test_batch_cancellation ... ok
test test_batch_with_failures ... ok
test test_batch_summary_report ... ok
test test_batch_process_files ... ok
test test_empty_batch ... ok
test test_batch_merge_pdfs ... ok
test test_batch_with_timeout ... ok
test test_batch_processor_basic ... ok
test test_batch_job_types ... ok
test test_batch_split_pdfs ... ok
test test_batch_parallelism ... ok
test test_batch_with_progress_callback ... ok

test result: ok. 13 passed; 0 failed; 0 ignored; 0 measured; 0 filtered out; finished in 0.31s

     Running tests/calibrated_color_tests.rs (/tmp/oxidize-639-final-target/debug/deps/calibrated_color_tests-dc0ca37d970dd190)

running 25 tests
test test_cal_gray_builder ... ok
test test_cal_gray_construction ... ok
test test_cal_gray_d65_illuminant ... ok
test test_cal_gray_gamma_clamping ... ok
test test_cal_gray_gamma_correction ... ok
test test_cal_rgb_adobe_rgb_preset ... ok
test test_cal_gray_to_pdf_array ... ok
test test_cal_rgb_construction ... ok
test test_cal_rgb_d65 ... ok
test test_cal_rgb_gamma_clamping ... ok
test test_cal_rgb_gamma_correction ... ok
test test_cal_rgb_srgb_preset ... ok
test test_cal_rgb_to_pdf_array ... ok
test test_cal_rgb_xyz_transform ... ok
test test_calibrated_color_clamping ... ok
test test_calibrated_color_creation ... ok
test test_calibrated_color_space_arrays ... ok
test test_d50_vs_d65_illuminants ... ok
test test_edge_case_gamma_values ... ok
test test_extreme_color_values ... ok
test test_floating_point_precision ... ok
test test_graphics_context_calibrated_colors ... ok
test test_graphics_context_calibrated_stroke ... ok
test test_identity_matrix_not_included ... ok
test test_minimal_pdf_array_generation ... ok

test result: ok. 25 passed; 0 failed; 0 ignored; 0 measured; 0 filtered out; finished in 0.00s

     Running tests/cff_desubroutinize_test.rs (/tmp/oxidize-639-final-target/debug/deps/cff_desubroutinize_test-833005ca58c35493)

running 18 tests
test test_bias_medium ... ok
test test_bias_large ... ok
test test_bias_small ... ok
test test_desubroutinize_5byte_fixed_point_as_subr_index ... ok
test test_desubroutinize_callgsubr_empty_global_index ... ok
test test_desubroutinize_cntrmask_after_hintmask ... ok
test test_desubroutinize_empty_charstring ... ok
test test_desubroutinize_endchar_in_subr_terminates_caller ... ok
test test_desubroutinize_endchar_only ... ok
test test_desubroutinize_global_subr_call ... ok
test test_desubroutinize_hintmask_before_any_stem ... ok
test test_desubroutinize_local_subr_call ... ok
test test_desubroutinize_mixed_local_and_global ... ok
test test_desubroutinize_nested_local_subrs ... ok
test test_desubroutinize_max_depth_allowed ... ok
test test_desubroutinize_no_calls ... ok
test test_desubroutinize_max_depth_exceeded ... ok
test test_desubroutinize_preserves_preceding_operands ... ok

test result: ok. 18 passed; 0 failed; 0 ignored; 0 measured; 0 filtered out; finished in 0.00s

     Running tests/cff_subsetter_test.rs (/tmp/oxidize-639-final-target/debug/deps/cff_subsetter_test-3a4b73bacb32c64b)

running 31 tests
test test_build_cff_index_empty ... ok
test test_build_cff_index_heterogeneous_items ... ok
test test_build_cff_index_single_item ... ok
test test_cff_dict_scanner_four_byte_operand ... ok
test test_cff_dict_scanner_escaped_operator ... ok
test test_cff_dict_scanner_full_sequence ... ok
test test_cff_dict_scanner_position_advances_correctly ... ok
test test_cff_dict_scanner_single_byte_operand ... ok
test test_cff_dict_scanner_single_byte_operator ... ok
test test_cff_dict_scanner_skips_real_number ... ok
test test_cff_dict_scanner_truncated_operand_stops_gracefully ... ok
test test_cff_dict_scanner_two_byte_operand ... ok
test test_cff_dict_scanner_two_byte_range_negative ... ok
test test_cff_dict_scanner_two_byte_range_positive ... ok
test test_cff_small_font_mapping_filtered_to_used_chars ... ok
test test_cff_subset_with_no_used_chars_returns_full_font ... ok
test test_cff_subset_only_keeps_used_glyphs ... ok
test test_cff_subset_reduces_size_and_preserves_mapping ... ok
test test_cff_subset_global_subr_index_is_empty ... ok
test test_sid_keyed_font_outputs_raw_cff_not_otf ... ok
test test_small_font_mapping_filtered_exact_count ... ok
test test_synthetic_cff_subset_glyph_count_coherent ... ok
test test_usize_to_cff_offset_overflow ... ok
test test_usize_to_cff_offset_valid ... ok
test test_non_cid_cff_font_subsetting_with_real_fixture ... ok
test test_cid_font_subset_size_proportional_to_used_chars ... ok
test test_cid_subset_is_raw_cff_not_otf ... ok
test test_cid_font_issue_165_full_text_roundtrip ... ok
test test_cid_font_pdf_size_comparable_to_competitors ... ok
test test_cid_font_content_stream_has_correct_hex_encoding ... ok
test test_cid_font_pdf_round_trip_text_is_readable ... ok

test result: ok. 31 passed; 0 failed; 0 ignored; 0 measured; 0 filtered out; finished in 0.80s

     Running tests/charts_tests.rs (/tmp/oxidize-639-final-target/debug/deps/charts_tests-7b9b82d124b7d6a5)

running 20 tests
test test_bar_chart_creation ... ok
test test_bar_chart_orientations ... ok
test test_bar_chart_colors ... ok
test test_bar_chart_styles ... ok
test test_bar_chart_width_calculation ... ok
test test_bar_chart_with_labels ... ok
test test_chart_data_with_custom_color ... ok
test test_data_series_creation ... ok
test test_data_series_ranges ... ok
test test_data_series_xy_data ... ok
test test_generic_chart_builder ... ok
test test_legend_positions ... ok
test test_line_chart_creation ... ok
test test_line_chart_multiple_series ... ok
test test_pie_chart_angles ... ok
test test_pie_chart_creation ... ok
test test_pie_chart_percentages ... ok
test test_pie_chart_with_exploded_segment ... ok
test test_pie_segment_creation ... ok
test test_line_chart_with_filled_area ... ok

test result: ok. 20 passed; 0 failed; 0 ignored; 0 measured; 0 filtered out; finished in 0.00s

     Running tests/choice_fields_tests.rs (/tmp/oxidize-639-final-target/debug/deps/choice_fields_tests-6f36015564cffc7d)

running 17 tests
test test_choice_widget_creation ... ok
test test_choice_widget_customization ... ok
test test_combobox_creation ... ok
test test_combobox_editable ... ok
test test_combobox_to_dict ... ok
test test_combobox_value_without_selection ... ok
test test_empty_combobox ... ok
test test_listbox_creation ... ok
test test_combobox_widget_annotation ... ok
test test_large_listbox ... ok
test test_listbox_multi_select ... ok
test test_listbox_to_dict ... ok
test test_options_with_same_export_and_display ... ok
test test_options_with_different_export_and_display ... ok
test test_widget_rect_dimensions ... ok
test test_listbox_single_select ... ok
test test_listbox_widget_annotation ... ok

test result: ok. 17 passed; 0 failed; 0 ignored; 0 measured; 0 filtered out; finished in 0.00s

     Running tests/chunk_page_mapper_test.rs (/tmp/oxidize-639-final-target/debug/deps/chunk_page_mapper_test-b5095388586896db)

running 8 tests
test test_pages_for_empty_chunks ... ok
test test_pages_1_indexed_to_0_indexed ... ok
test test_pages_sorted ... ok
test test_pages_for_multiple_chunks_overlap ... ok
test test_pages_for_single_chunk ... ok
test test_extract_pages_empty_gives_error ... ok
test test_extract_pages_preserves_content ... ok
test test_extract_pages_produces_correct_count ... ok

test result: ok. 8 passed; 0 failed; 0 ignored; 0 measured; 0 filtered out; finished in 0.01s

     Running tests/ci_differential_gates_wiring_test.rs (/tmp/oxidize-639-final-target/debug/deps/ci_differential_gates_wiring_test-f82059ff7c7deb8c)

running 4 tests
test the_corpus_workflow_installs_poppler_for_the_gates ... ok
test every_differential_gate_has_a_step_in_the_nightly_job ... ok
test no_gate_step_is_allowed_to_swallow_its_failure ... ok
test the_nightly_requires_the_gates_to_actually_measure ... ok

test result: ok. 4 passed; 0 failed; 0 ignored; 0 measured; 0 filtered out; finished in 0.00s

     Running tests/cid_cmap_test.rs (/tmp/oxidize-639-final-target/debug/deps/cid_cmap_test-77226921248321c6)

running 8 tests
test test_cid_collection_from_ordering ... ok
test test_cns1_basic_latin_cids ... ok
test test_cns1_known_cid_mappings ... ok
test test_gb1_exists_and_has_entries ... ok
test test_japan1_exists_and_has_entries ... ok
test test_korea1_exists_and_has_entries ... ok
test test_unknown_cid_returns_none ... ok
test test_issue_157_cid_keyed_font_text_extraction ... ok

test result: ok. 8 passed; 0 failed; 0 ignored; 0 measured; 0 filtered out; finished in 0.01s

     Running tests/circular_ref_test.rs (/tmp/oxidize-639-final-target/debug/deps/circular_ref_test-f5a46bb804c61753)

running 4 tests
test test_circular_ref_batch ... ignored, real-pdf-tests feature not enabled
test test_course_glossary_circular_ref ... ignored, real-pdf-tests feature not enabled
test test_cryptography_engineering_circular_ref ... ignored, real-pdf-tests feature not enabled
test test_liars_and_outliers_circular_ref ... ignored, real-pdf-tests feature not enabled

test result: ok. 0 passed; 0 failed; 4 ignored; 0 measured; 0 filtered out; finished in 0.00s

     Running tests/cjk_font_integration_test.rs (/tmp/oxidize-639-final-target/debug/deps/cjk_font_integration_test-5e9bf3a397b98cde)

running 9 tests
test regression_tests::test_cff_detection_does_not_panic ... ok
test regression_tests::test_cjk_font_workflow ... ok
test regression_tests::test_font_type_cff_does_not_break_existing ... ok
test test_cff_font_detection ... ok
test test_cff_font_embedding_properties ... ok
test test_cjk_unicode_ranges ... ok
test test_font_type_cff_enum_variant ... ok
test test_type0_font_for_unicode ... ok
test test_truetype_font_is_cff_field ... ok

test result: ok. 9 passed; 0 failed; 0 ignored; 0 measured; 0 filtered out; finished in 0.00s

     Running tests/cli_ocr_tests.rs (/tmp/oxidize-639-final-target/debug/deps/cli_ocr_tests-aee187942c7fbe22)

running 1 test
test cli_ocr_disabled_tests::test_cli_without_ocr_feature ... ok

test result: ok. 1 passed; 0 failed; 0 ignored; 0 measured; 0 filtered out; finished in 0.00s

     Running tests/cmap_utils_test.rs (/tmp/oxidize-639-final-target/debug/deps/cmap_utils_test-e66545af7d00b67c)

running 10 tests
test test_parse_cmap_format_12_filter_excludes_out_of_range ... ok
test test_parse_cmap_format_12_multiple_groups_no_filter ... ok
test test_parse_cmap_format_12_multiple_groups_with_filter ... ok
test test_parse_cmap_format_12_no_filter_returns_all ... ok
test test_parse_cmap_format_12_offset_nonzero ... ok
test test_parse_cmap_format_12_skips_notdef_glyph ... ok
test test_parse_cmap_format_12_truncated_header_returns_error ... ok
test test_parse_cmap_format_12_empty_filter_returns_empty ... ok
test test_parse_cmap_format_12_filters_by_used_chars ... ok
test test_parse_cmap_format_12_no_filter_large_range ... ok

test result: ok. 10 passed; 0 failed; 0 ignored; 0 measured; 0 filtered out; finished in 0.02s

     Running tests/compression_test.rs (/tmp/oxidize-639-final-target/debug/deps/compression_test-f570bcff4468fd82)

running 2 tests
test compression_tests::test_filter_is_name_object ... ok
test compression_tests::test_compressed_pdf_roundtrip ... ok

test result: ok. 2 passed; 0 failed; 0 ignored; 0 measured; 0 filtered out; finished in 0.00s

     Running tests/content_tokenizer_hang_test.rs (/tmp/oxidize-639-final-target/debug/deps/content_tokenizer_hang_test-24780838855792bb)

running 2 tests
test test_extract_text_hang_5kb_1page_no_hang ... ok
test test_extract_text_hang_4mb_10kpages_first_pages_no_hang ... ok

test result: ok. 2 passed; 0 failed; 0 ignored; 0 measured; 0 filtered out; finished in 0.82s

     Running tests/corpus_support.rs (/tmp/oxidize-639-final-target/debug/deps/corpus_support-173782386936a36d)

running 18 tests
test tests::test_corpus_report_generation_empty ... ok
test tests::test_corpus_report_generation_mixed ... ok
test tests::test_corpus_report_print_summary_no_panic ... ok
test tests::test_corpus_report_performance_percentiles ... ok
test tests::test_failure_entry_serialization ... ok
test tests::test_format_failures ... ok
test tests::test_find_pdfs_empty_dir ... ok
test tests::test_percentile_calculation ... ok
test tests::test_corpus_report_save_and_load ... ok
test tests::test_test_result_default ... ok
test tests::test_find_pdfs_nonexistent_dir ... ok
test tests::test_tier_available_nonexistent ... ok
test tests::test_manifest_entry_defaults ... ok
test tests::test_find_pdfs_with_files ... ok
test tests::test_performance_baseline_roundtrip ... ok
test tests::test_manifest_save_and_load ... ok
test tests::test_manifest_roundtrip ... ok
test tests::test_run_corpus_test_with_panics ... ok

test result: ok. 18 passed; 0 failed; 0 ignored; 0 measured; 0 filtered out; finished in 0.00s

     Running tests/custom_fonts_test.rs (/tmp/oxidize-639-final-target/debug/deps/custom_fonts_test-360ed49844cd14db)

running 6 tests
test test_custom_font_loading_from_bytes ... ignored
test test_custom_font_loading_from_file ... ignored
test test_custom_font_with_text ... ignored
test test_font_api_exists ... ok
test test_font_enum_custom_variant ... ok
test test_multiple_custom_fonts ... ok

test result: ok. 3 passed; 0 failed; 3 ignored; 0 measured; 0 filtered out; finished in 0.00s

     Running tests/dashboard_integration_test.rs (/tmp/oxidize-639-final-target/debug/deps/dashboard_integration_test-96f42464c7d5dc5d)

running 5 tests
test dashboard_tests::test_kpi_card_with_all_features ... ok
test dashboard_tests::test_empty_dashboard ... ok
test dashboard_tests::test_dashboard_with_varied_data ... ok
test dashboard_tests::test_dashboard_renders_to_pdf ... ok
test dashboard_tests::test_large_dashboard ... ok

test result: ok. 5 passed; 0 failed; 0 ignored; 0 measured; 0 filtered out; finished in 0.00s

     Running tests/deprecation_parity_test.rs (/tmp/oxidize-639-final-target/debug/deps/deprecation_parity_test-2fe0c310c4a90190)

running 2 tests
test test_to_contextual_parity ... ok
test test_to_markdown_parity ... ok

test result: ok. 2 passed; 0 failed; 0 ignored; 0 measured; 0 filtered out; finished in 1.65s

     Running tests/deprecation_warning_test.rs (/tmp/oxidize-639-final-target/debug/deps/deprecation_warning_test-1e5f0d01bb2218f8)

running 1 test
test _verify_deprecated_global_api_still_compiles ... ok

test result: ok. 1 passed; 0 failed; 0 ignored; 0 measured; 0 filtered out; finished in 0.00s

     Running tests/descendant_fonts_spellings_test.rs (/tmp/oxidize-639-final-target/debug/deps/descendant_fonts_spellings_test-672e71a1a6dd34ad)

running 4 tests
test descendant_written_as_a_direct_dictionary_decodes ... ok
test descendant_written_as_an_indirect_reference_decodes ... ok
test indirect_array_holding_a_direct_dictionary_decodes ... ok
test descendant_array_written_as_an_indirect_value_decodes ... ok

test result: ok. 4 passed; 0 failed; 0 ignored; 0 measured; 0 filtered out; finished in 0.00s

     Running tests/devicen_color_tests.rs (/tmp/oxidize-639-final-target/debug/deps/devicen_color_tests-1653b686c2c39b56)

running 13 tests
test test_devicen_alternate_color_spaces ... ok
test test_devicen_basic_creation ... ok
test test_devicen_clamping ... ok
test test_devicen_colorant_definitions ... ok
test test_devicen_cmyk_plus_spots ... ok
test test_devicen_edge_cases ... ok
test test_devicen_function_fallbacks ... ok
test test_devicen_linear_transform ... ok
test test_devicen_multi_ink_printing ... ok
test test_devicen_pdf_object_creation ... ok
test test_devicen_sampled_function ... ok
test test_devicen_transform_validation ... ok
test test_devicen_with_attributes ... ok

test result: ok. 13 passed; 0 failed; 0 ignored; 0 measured; 0 filtered out; finished in 0.00s

     Running tests/differential_fusion_test.rs (/tmp/oxidize-639-final-target/debug/deps/differential_fusion_test-520d2f5410a5f8e6)

running 34 tests
test corpus_support::tests::test_corpus_report_generation_empty ... ok
test corpus_support::tests::test_corpus_report_generation_mixed ... ok
test corpus_support::tests::test_corpus_report_print_summary_no_panic ... ok
test corpus_support::tests::test_corpus_report_performance_percentiles ... ok
test corpus_support::tests::test_failure_entry_serialization ... ok
test corpus_support::tests::test_find_pdfs_nonexistent_dir ... ok
test corpus_support::tests::test_format_failures ... ok
test corpus_support::tests::test_find_pdfs_empty_dir ... ok
test corpus_support::tests::test_manifest_entry_defaults ... ok
test corpus_support::tests::test_corpus_report_save_and_load ... ok
test corpus_support::tests::test_percentile_calculation ... ok
test corpus_support::tests::test_manifest_roundtrip ... ok
test corpus_support::tests::test_test_result_default ... ok
test corpus_support::tests::test_tier_available_nonexistent ... ok
test corpus_support::tests::test_performance_baseline_roundtrip ... ok
test corpus_support::tests::test_find_pdfs_with_files ... ok
test corpus_support::tests::test_manifest_save_and_load ... ok
test fusion_details_reports_the_actual_poppler_word_pair ... ok
test corpus_support::tests::test_run_corpus_test_with_panics ... ok
test ratchet::tests::a_falling_count_over_a_faster_falling_denominator_is_a_rate_regression ... ok
test ratchet::tests::a_baseline_with_one_bad_field_is_unusable ... ok
test ratchet::tests::a_genuine_improvement_passes_every_axis ... ok
test ratchet::tests::emitting_less_text_from_the_same_files_is_a_regression ... ok
test ratchet::tests::an_absent_file_is_missing ... ok
test ratchet::tests::losing_two_percent_of_the_files_is_not_an_improvement ... ok
test ratchet::tests::a_pre_policy_baseline_is_unusable_not_missing ... ok
test ratchet::tests::more_defects_over_the_same_corpus_is_a_rate_regression ... ok
test ratchet::tests::noise_within_slack_passes ... ok
test ratchet::tests::a_recorded_baseline_reads_back_identically ... ok
test ratchet::tests::the_policy_applies_unchanged_to_the_order_gate_numbers ... ok
test ratchet::tests::the_rate_slack_is_a_defect_budget_not_a_flat_rate_offset ... ok
test ratchet::tests::recording_one_key_preserves_the_others ... ok
test the_committed_baseline_is_loadable ... ok
test flat_extraction_does_not_fuse_more_words_than_poppler ... ok

test result: ok. 34 passed; 0 failed; 0 ignored; 0 measured; 0 filtered out; finished in 0.03s

     Running tests/differential_order_test.rs (/tmp/oxidize-639-final-target/debug/deps/differential_order_test-c1416151275fdee1)

running 38 tests
test corpus_support::tests::test_corpus_report_generation_empty ... ok
test corpus_support::tests::test_corpus_report_generation_mixed ... ok
test corpus_support::tests::test_corpus_report_print_summary_no_panic ... ok
test corpus_support::tests::test_failure_entry_serialization ... ok
test corpus_support::tests::test_corpus_report_performance_percentiles ... ok
test corpus_support::tests::test_find_pdfs_nonexistent_dir ... ok
test corpus_support::tests::test_format_failures ... ok
test corpus_support::tests::test_manifest_entry_defaults ... ok
test corpus_support::tests::test_find_pdfs_empty_dir ... ok
test corpus_support::tests::test_percentile_calculation ... ok
test corpus_support::tests::test_corpus_report_save_and_load ... ok
test corpus_support::tests::test_manifest_roundtrip ... ok
test corpus_support::tests::test_test_result_default ... ok
test corpus_support::tests::test_tier_available_nonexistent ... ok
test corpus_support::tests::test_manifest_save_and_load ... ok
test corpus_support::tests::test_find_pdfs_with_files ... ok
test corpus_support::tests::test_performance_baseline_roundtrip ... ok
test order_metric_tests::dropping_words_counts_against_us_instead_of_flattering_the_rate ... ok
test order_metric_tests::extra_words_of_ours_do_not_change_the_denominator ... ok
test corpus_support::tests::test_run_corpus_test_with_panics ... ok
test order_metric_tests::identical_text_has_no_misplaced_words ... ok
test order_metric_tests::permuted_text_is_misplaced ... ok
test ratchet::tests::a_falling_count_over_a_faster_falling_denominator_is_a_rate_regression ... ok
test ratchet::tests::a_genuine_improvement_passes_every_axis ... ok
test ratchet::tests::emitting_less_text_from_the_same_files_is_a_regression ... ok
test ratchet::tests::an_absent_file_is_missing ... ok
test ratchet::tests::losing_two_percent_of_the_files_is_not_an_improvement ... ok
test ratchet::tests::more_defects_over_the_same_corpus_is_a_rate_regression ... ok
test ratchet::tests::a_baseline_with_one_bad_field_is_unusable ... ok
test ratchet::tests::noise_within_slack_passes ... ok
test ratchet::tests::a_pre_policy_baseline_is_unusable_not_missing ... ok
test ratchet::tests::a_recorded_baseline_reads_back_identically ... ok
test ratchet::tests::the_policy_applies_unchanged_to_the_order_gate_numbers ... ok
test ratchet::tests::the_rate_slack_is_a_defect_budget_not_a_flat_rate_offset ... ok
test the_committed_baseline_is_loadable ... ok
test ratchet::tests::recording_one_key_preserves_the_others ... ok
test flat_extraction_does_not_transpose_more_words_than_poppler ... ok
test reading_order_option_does_not_transpose_more_words_than_poppler ... ok

test result: ok. 38 passed; 0 failed; 0 ignored; 0 measured; 0 filtered out; finished in 0.01s

     Running tests/document_builder_tests.rs (/tmp/oxidize-639-final-target/debug/deps/document_builder_tests-c72a77fc9e95b18a)

running 3 tests
test test_document_builder_text_appears ... ok
test test_document_builder_produces_valid_pdf ... ok
test test_document_builder_multipage_with_table ... ok

test result: ok. 3 passed; 0 failed; 0 ignored; 0 measured; 0 filtered out; finished in 0.01s

     Running tests/draw_image_transparency_tests.rs (/tmp/oxidize-639-final-target/debug/deps/draw_image_transparency_tests-80e833c6baf71b16)

running 10 tests
test test_create_png_with_transparency ... ok
test test_draw_image_basic ... ok
test test_draw_image_in_document ... ok
test test_draw_image_with_other_operations ... ok
test test_draw_image_without_mask ... ok
test test_draw_image_with_transparency ... ok
test test_image_transformation_matrix ... ok
test test_stencil_mask_creation ... ok
test test_opacity_with_image ... ok
test test_multiple_images_with_transparency ... ok

test result: ok. 10 passed; 0 failed; 0 ignored; 0 measured; 0 filtered out; finished in 0.00s

     Running tests/element_graph_integration_test.rs (/tmp/oxidize-639-final-target/debug/deps/element_graph_integration_test-b70e86e38f775384)

running 2 tests
test test_partition_graph_from_fragments ... ok
test test_pdfdocument_partition_graph_with_fixture ... ok

test result: ok. 2 passed; 0 failed; 0 ignored; 0 measured; 0 filtered out; finished in 2.46s

     Running tests/element_graph_test.rs (/tmp/oxidize-639-final-target/debug/deps/element_graph_test-191cc04ccfb76d67)

running 9 tests
test test_graph_build_empty ... ok
test test_graph_build_single_element ... ok
test test_graph_next_prev_chain ... ok
test test_graph_no_parent_heading_means_no_parent ... ok
test test_graph_parent_child_simple ... ok
test test_graph_out_of_bounds_panics - should panic ... ok
test test_graph_parent_switches_on_new_title ... ok
test test_graph_section_elements ... ok
test test_graph_top_level_sections ... ok

test result: ok. 9 passed; 0 failed; 0 ignored; 0 measured; 0 filtered out; finished in 0.00s

     Running tests/element_relationships_advanced_test.rs (/tmp/oxidize-639-final-target/debug/deps/element_relationships_advanced_test-6d86a1d4e2645c73)

running 5 tests
test test_graph_len_matches_elements_len ... ok
test test_partition_api_unchanged ... ok
test test_partition_returns_owned_vec ... ok
test test_graph_multi_page_elements ... ok
test test_full_navigation_three_sections ... ok

test result: ok. 5 passed; 0 failed; 0 ignored; 0 measured; 0 filtered out; finished in 0.01s

     Running tests/element_relationships_test.rs (/tmp/oxidize-639-final-target/debug/deps/element_relationships_test-5610280b64c27296)

running 8 tests
test test_element_metadata_has_parent_heading_field ... ok
test test_element_set_parent_heading ... ok
test test_element_set_parent_heading_none ... ok
test test_heading_assigned_after_title ... ok
test test_title_itself_has_own_text_as_parent_heading ... ok
test test_heading_is_none_before_first_title ... ok
test test_parent_heading_updates_on_new_title ... ok
test test_parent_heading_with_real_pdf_has_some_assigned ... ok

test result: ok. 8 passed; 0 failed; 0 ignored; 0 measured; 0 filtered out; finished in 2.37s

     Running tests/element_types_test.rs (/tmp/oxidize-639-final-target/debug/deps/element_types_test-0c3aa80738dbceda)

running 15 tests
test test_element_bbox_accessors ... ok
test test_element_clone ... ok
test test_element_display_text_key_value ... ok
test test_element_debug_display ... ok
test test_element_display_text_paragraph ... ok
test test_element_display_text_table ... ok
test test_element_equality_by_content_not_position ... ok
test test_element_inequality_different_text_same_position ... ok
test test_element_metadata_defaults ... ok
test test_element_metadata_with_font ... ok
test test_element_paragraph_creation ... ok
test test_element_sort_by_reading_order ... ok
test test_element_table_creation ... ok
test test_element_title_creation ... ok
test test_element_variants_exhaustive ... ok

test result: ok. 15 passed; 0 failed; 0 ignored; 0 measured; 0 filtered out; finished in 0.00s

     Running tests/encoding_embedded_stream_test.rs (/tmp/oxidize-639-final-target/debug/deps/encoding_embedded_stream_test-b7bbd672fda2166b)

running 2 tests
test identity_h_without_embedded_cmap_does_not_produce_cjk ... ok
test embedded_stream_encoding_maps_codes_to_cid_to_unicode ... ok

test result: ok. 2 passed; 0 failed; 0 ignored; 0 measured; 0 filtered out; finished in 0.00s

     Running tests/encoding_gbk_euc_h_test.rs (/tmp/oxidize-639-final-target/debug/deps/encoding_gbk_euc_h_test-ab55e3cebeb52b85)

running 1 test
test gbk_euc_h_extracts_real_cjk ... ok

test result: ok. 1 passed; 0 failed; 0 ignored; 0 measured; 0 filtered out; finished in 0.04s

     Running tests/encoding_usecmap_external_test.rs (/tmp/oxidize-639-final-target/debug/deps/encoding_usecmap_external_test-0f4515ed38ad4aee)

running 1 test
test issue5010_usecmap_korea1_resolves_real_hangul ... ok

test result: ok. 1 passed; 0 failed; 0 ignored; 0 measured; 0 filtered out; finished in 0.00s

     Running tests/encryption_algorithm_2b_test.rs (/tmp/oxidize-639-final-target/debug/deps/encryption_algorithm_2b_test-7cbcec3f4faeb893)

running 14 tests
test test_algorithm_2b_hash_selector_math_equivalence ... ok
test test_algorithm_2b_minimum_rounds ... ok
test test_algorithm_2b_password_exceeds_max_length ... ok
test test_algorithm_2b_empty_password ... ok
test test_algorithm_2b_basic_execution ... ok
test test_algorithm_2b_qpdf_compatibility ... ok
test test_algorithm_2b_short_salt ... ok
test test_algorithm_2b_partial_u_entry ... ok
test test_algorithm_2b_different_salts ... ok
test test_algorithm_2b_different_passwords ... ok
test test_algorithm_2b_unicode_password ... ok
test test_algorithm_2b_deterministic ... ok
test test_algorithm_2b_password_at_max_length ... ok
test test_algorithm_2b_with_u_entry ... ok

test result: ok. 14 passed; 0 failed; 0 ignored; 0 measured; 0 filtered out; finished in 0.13s

     Running tests/encryption_basic_test.rs (/tmp/oxidize-639-final-target/debug/deps/encryption_basic_test-ba980a87621db5a5)

running 23 tests
test test_aes_encryption_decryption_128 ... ok
test test_aes_error_display ... ok
test test_aes_invalid_iv_length ... ok
test test_aes_encryption_decryption_256 ... ok
test test_aes_key_creation_invalid_length ... ok
test test_aes_key_creation_valid ... ok
test test_aes_key_size_properties ... ok
test test_full_aes_workflow ... ok
test test_full_rc4_workflow ... ok
test test_permission_flags_default ... ok
test test_maximum_length_passwords ... ok
test test_permissions_from_flags ... ok
test test_permissions_creation ... ok
test test_permissions_raw_bits ... ok
test test_rc4_empty_data ... ok
test test_rc4_encryption_decryption ... ok
test test_rc4_stream_cipher_properties ... ok
test test_rc4_key_creation ... ok
test test_rc4_different_keys ... ok
test test_unicode_passwords ... ok
test test_weak_passwords ... ok
test test_rc4_variable_key_lengths ... ok
test test_aes_iv_generation ... ok

test result: ok. 23 passed; 0 failed; 0 ignored; 0 measured; 0 filtered out; finished in 0.00s

     Running tests/encryption_cross_validation_test.rs (/tmp/oxidize-639-final-target/debug/deps/encryption_cross_validation_test-6752267ec5ef05ad)

running 7 tests
test test_cross_validation_summary ... ok
test test_pypdf_fixture_exists ... ok
test test_pypdf_r6_unicode_password ... ignored, pypdf uses different Unicode normalization (SASLprep) - known limitation
test test_pypdf_r6_perms_exists ... ok
test test_pypdf_r6_empty_password ... ok
test test_pypdf_r6_key_recovery ... ok
test test_pypdf_r6_password_validation ... ok

test result: ok. 6 passed; 0 failed; 1 ignored; 0 measured; 0 filtered out; finished in 0.05s

     Running tests/encryption_dependencies_test.rs (/tmp/oxidize-639-final-target/debug/deps/encryption_dependencies_test-030d390fe92cb620)

running 8 tests
test test_aes_256_cbc_nist_vector ... ok
test test_aes_256_cbc_zero_iv ... ok
test test_aes_256_cbc_roundtrip ... ok
test test_aes_256_different_keys ... ok
test test_aes_256_different_ivs ... ok
test test_sha256_consistency_with_rust_crypto ... ok
test test_sha256_nist_abc_vector ... ok
test test_sha512_consistency_with_rust_crypto ... ok

test result: ok. 8 passed; 0 failed; 0 ignored; 0 measured; 0 filtered out; finished in 0.00s

     Running tests/encryption_owner_password_test.rs (/tmp/oxidize-639-final-target/debug/deps/encryption_owner_password_test-4fabb182988368f3)

running 15 tests
test test_r5_owner_empty_password ... ok
test test_r5_oe_entry_computation ... ok
test test_r5_owner_encryption_key_recovery ... ok
test test_r5_owner_o_entry_invalid_length ... ok
test test_r5_owner_full_workflow ... ok
test test_r5_owner_oe_entry_invalid_length ... ok
test test_r5_owner_hash_computation ... ok
test test_r5_owner_password_validation_correct ... ok
test test_r5_owner_password_validation_incorrect ... ok
test test_r6_owner_hash_computation ... ok
test test_r6_oe_entry_computation ... ok
test test_r6_owner_password_validation_incorrect ... ok
test test_r6_owner_encryption_key_recovery ... ok
test test_r6_owner_password_validation_correct ... ok
test test_r6_owner_full_workflow ... ok

test result: ok. 15 passed; 0 failed; 0 ignored; 0 measured; 0 filtered out; finished in 0.25s

     Running tests/encryption_password_test.rs (/tmp/oxidize-639-final-target/debug/deps/encryption_password_test-5995607d4b423799)

running 22 tests
test test_compute_encryption_key_rc4_40bit ... ok
test test_encryption_key_is_cloneable ... ok
test test_compute_encryption_key_different_passwords ... ok
test test_compute_encryption_key_rc4_128bit ... ok
test test_password_structs_are_cloneable ... ok
test test_compute_encryption_key_deterministic ... ok
test test_validate_owner_password_r5_correct ... ok
test test_validate_owner_password_r6_invalid_u_entry_length ... ok
test test_validate_owner_password_r5_incorrect ... ok
test test_validate_owner_password_r6_missing_u_entry ... ok
test test_validate_empty_user_password ... ok
test test_validate_password_no_file_id ... ok
test test_validate_password_different_permissions ... ok
test test_validate_password_with_all_permissions ... ok
test test_validate_user_password_correct_r2 ... ok
test test_validate_user_password_incorrect_r2 ... ok
test test_validate_owner_password_correct ... ok
test test_validate_owner_password_incorrect ... ok
test test_validate_user_password_correct_r3 ... ok
test test_validate_user_password_incorrect_r3 ... ok
test test_validate_owner_password_r6_incorrect ... ok
test test_validate_owner_password_r6_correct ... ok

test result: ok. 22 passed; 0 failed; 0 ignored; 0 measured; 0 filtered out; finished in 0.12s

     Running tests/encryption_r5_real_pdf_test.rs (/tmp/oxidize-639-final-target/debug/deps/encryption_r5_real_pdf_test-c10a91145404092f)

running 9 tests
test test_r5_fixture_exists_and_readable ... ok
test test_r5_ue_entry_extraction ... ok
test test_r5_empty_user_password ... ok
test test_r5_u_entry_extraction ... ok
test test_r5_encryption_revision_detection ... ok
test test_r5_password_validation_incorrect ... ok
test test_r5_password_validation_correct ... ok
test test_r5_unicode_password ... ok
test test_r5_key_recovery ... ok

test result: ok. 9 passed; 0 failed; 0 ignored; 0 measured; 0 filtered out; finished in 0.04s

     Running tests/encryption_r6_real_pdf_test.rs (/tmp/oxidize-639-final-target/debug/deps/encryption_r6_real_pdf_test-8f7aee063206872b)

running 10 tests
test test_r6_fixture_exists_and_readable ... ok
test test_r6_perms_entry_extraction ... ok
test test_r6_u_entry_extraction ... ok
test test_r6_ue_entry_extraction ... ok
test test_r6_encryption_revision_detection ... ok
test test_r6_password_validation_correct ... ok
test test_r6_key_recovery ... ok
test test_r6_password_validation_incorrect ... ok
test test_r6_empty_user_password ... ok
test test_r6_unicode_password ... ok

test result: ok. 10 passed; 0 failed; 0 ignored; 0 measured; 0 filtered out; finished in 0.08s

     Running tests/encryption_real_pdf_test.rs (/tmp/oxidize-639-final-target/debug/deps/encryption_real_pdf_test-9c5fbdf7b2da64e4)

running 9 tests
test test_md5_verification ... ok
test test_cannot_read_objects_before_unlock ... ok
test test_unlock_is_idempotent ... ok
test test_decrypt_rc4_40bit_user_password ... ok
test test_debug_password_validation_algorithm ... ok
test test_wrong_password_returns_error ... ok
test test_user_password_respects_permissions ... ok
test test_decrypt_rc4_128bit_user_password ... ok
test test_owner_password_grants_full_permissions ... ok

test result: ok. 9 passed; 0 failed; 0 ignored; 0 measured; 0 filtered out; finished in 0.02s

     Running tests/encryption_write_test.rs (/tmp/oxidize-639-final-target/debug/deps/encryption_write_test-5844ae6ba2a8e743)

running 24 tests
test test_aes128_handler_uses_r4 ... ok
test test_aes256_handler_uses_r5 ... ok
test test_aes256_dict_has_aesv3_crypt_filter ... ok
test test_aes128_dict_has_aesv2_crypt_filter ... ok
test test_encrypt_dict_object_is_not_encrypted ... ok
test test_encryption_strength_aes256_creates_valid_dict ... ok
test test_encrypted_document_content_is_not_plaintext ... ok
test test_aes128_content_is_encrypted ... ok
test test_encrypted_document_has_encrypt_in_trailer ... ok
test test_empty_password_encryption ... ok
test test_encryption_strength_aes128_creates_valid_dict ... ok
test test_aes128_round_trip_write_read ... ok
test test_encrypted_pdf_preserves_structure ... ok
test test_encryption_with_different_permissions ... ok
test test_roundtrip_aes256_owner_password_recovers_content ... ok
test test_roundtrip_aes256_recovers_content ... ok
test test_unencrypted_document_has_no_encrypt ... ok
test test_owner_password_also_unlocks ... ok
test test_roundtrip_plaintext_baseline ... ok
test test_round_trip_encrypted_pdf_is_parseable ... ok
test test_round_trip_wrong_password_fails ... ok
test test_roundtrip_aes256_wrong_password_does_not_unlock ... ok
test test_roundtrip_aes128_recovers_content ... ok
test test_roundtrip_rc4_128_baseline ... ok

test result: ok. 24 passed; 0 failed; 0 ignored; 0 measured; 0 filtered out; finished in 0.02s

     Running tests/end_to_end_test.rs (/tmp/oxidize-639-final-target/debug/deps/end_to_end_test-c67f998a02e84c83)

running 14 tests
test test_create_multipage_pdf ... ok
test test_create_and_parse_simple_pdf ... ok
test test_pdf_parse_error_handling ... ok
test test_pdf_page_rotation ... ok
test test_pdf_metadata ... ok
test test_pdf_with_fonts_and_text ... ok
test test_pdf_with_graphics ... ok
test test_pdf_with_forms ... ok
test test_pdf_with_unicode_text ... ok
test test_pdf_compression ... ok
test test_merge_pdfs ... ok
test test_split_pdf ... ok
test test_large_document_performance ... ok
test test_complex_document_workflow ... ok

test result: ok. 14 passed; 0 failed; 0 ignored; 0 measured; 0 filtered out; finished in 0.04s

     Running tests/extgstate_smask_bm_test.rs (/tmp/oxidize-639-final-target/debug/deps/extgstate_smask_bm_test-003168def9ab515f)

running 5 tests
test extgstate_emits_blend_mode_multiply ... ok
test extgstate_existing_ca_and_line_params_still_emitted ... ok
test extgstate_emits_smask_none_when_set_soft_mask_none ... ok
test extgstate_emits_smask_alpha_dict_with_indirect_g_reference ... ok
test extgstate_emits_all_blend_modes_with_correct_pdf_name ... ok

test result: ok. 5 passed; 0 failed; 0 ignored; 0 measured; 0 filtered out; finished in 0.02s

     Running tests/extraction_actualtext_test.rs (/tmp/oxidize-639-final-target/debug/deps/extraction_actualtext_test-0bf91e3a9c03af27)

running 3 tests
test utf16be_actualtext_overrides_decoded_glyphs ... ok
test literal_actualtext_overrides_decoded_glyphs ... ok
test actualtext_collapses_multi_tj_run_to_single_fragment ... ok

test result: ok. 3 passed; 0 failed; 0 ignored; 0 measured; 0 filtered out; finished in 0.00s

     Running tests/extraction_artifact_test.rs (/tmp/oxidize-639-final-target/debug/deps/extraction_artifact_test-d4232aa72640ebce)

running 3 tests
test nested_artifact_inherited_by_descendants ... ok
test artifact_content_filtered_by_default ... ok
test artifact_content_extracted_when_opted_in ... ok

test result: ok. 3 passed; 0 failed; 0 ignored; 0 measured; 0 filtered out; finished in 0.00s

     Running tests/extraction_boe_identity_h_test.rs (/tmp/oxidize-639-final-target/debug/deps/extraction_boe_identity_h_test-a42f74acb9664c0b)

running 3 tests
test boe_page1_decodes_disposiciones_section ... ok
test boe_page1_decodes_ministerio_heading ... ok
test boe_page1_does_not_contain_glyph_index_garbage ... ok

test result: ok. 3 passed; 0 failed; 0 ignored; 0 measured; 0 filtered out; finished in 0.03s

     Running tests/extraction_ctm_test.rs (/tmp/oxidize-639-final-target/debug/deps/extraction_ctm_test-3c300a20bd781fa2)

running 5 tests
test q_restore_pops_ctm_so_second_block_is_not_scaled ... ok
test no_q_no_cm_baseline_unchanged ... ok
test unbalanced_q_does_not_crash ... ok
test ctm_uniform_scale_is_applied_to_font_size ... ok
test nested_q_blocks_restore_correctly ... ok

test result: ok. 5 passed; 0 failed; 0 ignored; 0 measured; 0 filtered out; finished in 0.00s

     Running tests/extraction_mcid_test.rs (/tmp/oxidize-639-final-target/debug/deps/extraction_mcid_test-5a9213f85f0e761c)

running 2 tests
test nested_bdc_innermost_mcid_and_tag_win ... ok
test overlaid_baselines_distinct_lines_when_mcid_differs ... ok

test result: ok. 2 passed; 0 failed; 0 ignored; 0 measured; 0 filtered out; finished in 0.00s

     Running tests/extraction_profile_test.rs (/tmp/oxidize-639-final-target/debug/deps/extraction_profile_test-4da007e3a2f47fcc)

running 13 tests
test test_academic_profile_enables_column_detection ... ok
test test_all_profiles_produce_valid_config ... ok
test test_all_profiles_are_constructible ... ok
test test_dense_profile_has_lower_space_threshold ... ok
test test_form_profile_has_high_title_ratio ... ok
test test_presentation_profile_has_lower_title_ratio ... ok
test test_profile_standard_is_default ... ok
test test_rag_profile_column_detection_off_xycut_handles_layout ... ok
test test_rag_profile_has_elevated_table_confidence ... ok
test test_rag_profile_space_threshold_is_default ... ok
test test_rag_profile_uses_xycut_reading_order ... ok
test test_standard_profile_matches_current_defaults ... ok
test test_partition_with_profile_standard_backwards_compatible ... ok

test result: ok. 13 passed; 0 failed; 0 ignored; 0 measured; 0 filtered out; finished in 4.82s

     Running tests/extraction_td_operator_test.rs (/tmp/oxidize-639-final-target/debug/deps/extraction_td_operator_test-fbd6433df80cb1ac)

running 8 tests
test td_moves_to_next_line_so_words_do_not_fuse ... ok
test td_sets_leading_for_subsequent_t_star ... ok
test td_breaks_the_line_under_a_rotated_ctm ... ok
test td_translates_the_line_matrix_including_tx ... ok
test td_sets_the_leading_to_exactly_minus_ty ... ok
test td_translates_the_line_origin_by_tx_and_ty ... ok
test td_is_equivalent_to_tl_plus_td_lowercase ... ok
test both_public_extractors_agree_on_the_line_structure_td_produces ... ok

test result: ok. 8 passed; 0 failed; 0 ignored; 0 measured; 0 filtered out; finished in 0.00s

     Running tests/extraction_tj_implicit_space_test.rs (/tmp/oxidize-639-final-target/debug/deps/extraction_tj_implicit_space_test-7abbd0cdc216bce0)

running 9 tests
test tj_consecutive_spacings_emit_at_most_one_space ... ok
test tj_kerning_does_not_double_explicit_space ... ok
test tj_wide_kerning_emits_single_space ... ok
test tj_narrow_kerning_does_not_emit_space ... ok
test tj_wide_kerning_inside_actualtext_does_not_inflate_pending_run ... ok
test tj_multiple_word_breaks_each_emit_one_space ... ok
test tj_wide_kerning_under_preserve_layout_emits_single_space ... ok
test tj_space_threshold_custom_value_affects_emission ... ok
test higgs_atlas_title_has_word_boundaries ... ok

test result: ok. 9 passed; 0 failed; 0 ignored; 0 measured; 0 filtered out; finished in 0.03s

     Running tests/extraction_two_column_writer_roundtrip_test.rs (/tmp/oxidize-639-final-target/debug/deps/extraction_two_column_writer_roundtrip_test-ed4b8a5f7ce85817)

running 2 tests
test two_column_layout_extracts_without_interleaving ... ok
test x_overlapping_columns_split_via_row_id ... ok

test result: ok. 2 passed; 0 failed; 0 ignored; 0 measured; 0 filtered out; finished in 0.00s

     Running tests/extraction_unbalanced_bdc_test.rs (/tmp/oxidize-639-final-target/debug/deps/extraction_unbalanced_bdc_test-42ee572ec55637ae)

running 2 tests
test extra_emc_does_not_panic_and_text_still_extracts ... ok
test dangling_bdc_at_eof_does_not_panic_and_text_still_extracts ... ok

test result: ok. 2 passed; 0 failed; 0 ignored; 0 measured; 0 filtered out; finished in 0.00s

     Running tests/field_appearance_tests.rs (/tmp/oxidize-639-final-target/debug/deps/field_appearance_tests-d14991000a87e7c3)

running 22 tests
test test_appearance_characteristics_default ... ok
test test_appearance_characteristics_to_dict ... ok
test test_button_appearance_checkbox ... ok
test test_color_lighten_darken ... ok
test test_button_styles ... ok
test test_button_appearance_radio ... ok
test test_color_to_array ... ok
test test_comb_field_truncation ... ok
test test_escape_string ... ok
test test_field_appearance_comb ... ok
test test_field_appearance_multiline ... ok
test test_field_appearance_text_field ... ok
test test_icon_fit ... ok
test test_field_with_background_and_border ... ok
test test_icon_scale_when ... ok
test test_icon_scale_types ... ok
test test_multiline_overflow ... ok
test test_push_button_appearance ... ok
test test_push_button_pressed_state ... ok
test test_text_position_values ... ok
test test_push_button_border_styles ... ok
test test_text_alignment ... ok

test result: ok. 22 passed; 0 failed; 0 ignored; 0 measured; 0 filtered out; finished in 0.00s

     Running tests/fill_field_and_smask_correctness_test.rs (/tmp/oxidize-639-final-target/debug/deps/fill_field_and_smask_correctness_test-a1fa78d6eecfffbd)

running 5 tests
test fill_field_clears_stale_ap_when_widget_has_no_generated_appearance ... ignored, QUAL-2: defensive path not directly reachable without mutating private Widget state; covered by the F3 test instead (same /AP-clearing code path fires on rect mismatch, which IS reachable)
test softmask_emit_fails_when_group_xobject_not_registered ... ok
test fill_field_still_writes_ap_on_rect_match ... ok
test softmask_g_is_emitted_as_indirect_reference_not_name ... ok
test fill_field_clears_ap_on_rect_mismatch_instead_of_picking_widget_zero ... ok

test result: ok. 4 passed; 0 failed; 1 ignored; 0 measured; 0 filtered out; finished in 0.00s

     Running tests/fill_field_cjk_type0_test.rs (/tmp/oxidize-639-final-target/debug/deps/fill_field_cjk_type0_test-b3d08f3f88370987)

running 1 test
test fill_field_cjk_emits_type0_appearance_stream ... ok

test result: ok. 1 passed; 0 failed; 0 ignored; 0 measured; 0 filtered out; finished in 0.49s

     Running tests/fill_field_non_ascii_encoding_test.rs (/tmp/oxidize-639-final-target/debug/deps/fill_field_non_ascii_encoding_test-e46a48179d654da5)

running 3 tests
test fill_field_cjk_value_must_not_dump_utf8_bytes ... ok
test fill_field_ascii_value_still_emits_raw_ascii_in_tj ... ok
test fill_field_latin1_value_is_winansi_encoded_not_utf8 ... ok

test result: ok. 3 passed; 0 failed; 0 ignored; 0 measured; 0 filtered out; finished in 0.00s

     Running tests/fill_field_roundtrip_test.rs (/tmp/oxidize-639-final-target/debug/deps/fill_field_roundtrip_test-84350dc2de910289)

running 4 tests
test fill_field_unknown_name_is_an_error ... ok
test fill_field_does_not_panic_when_field_has_no_widgets ... ok
test fill_field_sets_v_and_regenerates_appearance_stream ... ok
test fill_field_matches_widget_when_rect_differs_by_sub_millipoint ... ok

test result: ok. 4 passed; 0 failed; 0 ignored; 0 measured; 0 filtered out; finished in 0.00s

     Running tests/fixtures_support.rs (/tmp/oxidize-639-final-target/debug/deps/fixtures_support-304c6b31ec8b3139)

running 3 tests
test tests::test_fixture_detection ... ok
test tests::test_fixture_sampling ... ok
test tests::test_fixture_stats ... ok

test result: ok. 3 passed; 0 failed; 0 ignored; 0 measured; 0 filtered out; finished in 0.00s

     Running tests/flow_layout_tests.rs (/tmp/oxidize-639-final-target/debug/deps/flow_layout_tests-2ff53f0907e5db0e)

running 5 tests
test test_flow_layout_text_content_appears ... ok
test test_flow_layout_spacer ... ok
test test_flow_layout_single_page ... ok
test test_flow_layout_table_page_break ... ok
test test_flow_layout_auto_page_break ... ok

test result: ok. 5 passed; 0 failed; 0 ignored; 0 measured; 0 filtered out; finished in 0.01s

     Running tests/font_embedding_integration.rs (/tmp/oxidize-639-final-target/debug/deps/font_embedding_integration-05c6f5729d78c696)

running 8 tests
test test_font_embedder_api_functionality ... ok
test test_cid_font_embedding_structure ... ok
test test_font_embedding_error_handling ... ok
test test_font_embedding_workflow_structure ... ok
test test_unicode_mapping_creation ... ok
test test_font_subset_glyph_management ... ok
test test_font_embedding_with_document_integration ... ok
test test_document_with_standard_fonts ... ok

test result: ok. 8 passed; 0 failed; 0 ignored; 0 measured; 0 filtered out; finished in 0.00s

     Running tests/font_embedding_integration_test.rs (/tmp/oxidize-639-final-target/debug/deps/font_embedding_integration_test-9e5a52e481255e64)

running 20 tests
test test_custom_encoding_differences ... ok
test test_embedding_options_customization ... ok
test test_cid_font_embedding_workflow ... ok
test test_font_descriptor_generation ... ok
test test_font_dictionary_generation ... ok
test test_encoding_difference_creation ... ok
test test_font_bbox_validation ... ok
test test_font_encoding_types ... ok
test test_font_embedder_default_trait ... ok
test test_font_flags_combinations ... ok
test test_font_metrics_values ... ok
test test_font_embedding_basic_workflow ... ok
test test_font_program_compression_option ... ok
test test_font_type_variants ... ok
test test_license_embedding_option ... ok
test test_tounicode_cmap_generation ... ok
test test_multiple_font_embedding ... ok
test test_font_flags_conversion ... ok
test test_font_subset_size_limits ... ok
test test_complete_embedding_workflow ... ok

test result: ok. 20 passed; 0 failed; 0 ignored; 0 measured; 0 filtered out; finished in 0.00s

     Running tests/font_encoding_test.rs (/tmp/oxidize-639-final-target/debug/deps/font_encoding_test-88580c7f67cf4480)

running 9 tests
test test_document_default_font_encoding ... ok
test test_all_font_encodings ... ok
test test_font_encoding_pdf_names ... ok
test test_font_with_custom_encoding ... ok
test test_font_with_recommended_encoding ... ok
test test_font_without_encoding ... ok
test test_document_with_encoding_saves_successfully ... ok
test test_document_without_encoding_saves_successfully ... ok
test test_document_with_multiple_encoding_types ... ok

test result: ok. 9 passed; 0 failed; 0 ignored; 0 measured; 0 filtered out; finished in 0.00s

     Running tests/font_metrics_per_document_render_test.rs (/tmp/oxidize-639-final-target/debug/deps/font_metrics_per_document_render_test-1ab47629f6c112d4)

running 2 tests
test cjk_render_per_document_widths ... ok
test render_two_documents_no_cross_contamination ... ok

test result: ok. 2 passed; 0 failed; 0 ignored; 0 measured; 0 filtered out; finished in 0.51s

     Running tests/font_metrics_per_document_test.rs (/tmp/oxidize-639-final-target/debug/deps/font_metrics_per_document_test-8852bd385a2a03b3)

running 9 tests
test legacy_global_visible_when_document_misses ... ok
test document_scope_takes_precedence_over_global ... ok
test add_page_fallback_attaches_store ... ok
test factory_method_attaches_store ... ok
test unknown_font_warns_once_no_register ... ok
test cross_document_no_leak_after_drop ... ok
test add_page_does_not_overwrite_existing_store ... ok
test metrics_die_with_document ... ok
test multi_document_isolation ... ok

test result: ok. 9 passed; 0 failed; 0 ignored; 0 measured; 0 filtered out; finished in 0.16s

     Running tests/font_subset_pdf_round_trip_test.rs (/tmp/oxidize-639-final-target/debug/deps/font_subset_pdf_round_trip_test-bb587718e59191fd)

running 7 tests
test test_tounicode_cmap_only_contains_used_characters ... ok
test test_otf_fontfile3_stream_has_flatedecode_filter ... ok
test test_non_cid_cff_pdf_round_trip_preserves_text ... ok
test test_tounicode_cmap_stream_is_flatedecoded ... ok
test test_ttf_pdf_round_trip_preserves_text ... ok
test test_ttf_fontfile2_stream_has_flatedecode_filter ... ok
test test_mixed_cff_and_ttf_pdf_round_trip ... ok

test result: ok. 7 passed; 0 failed; 0 ignored; 0 measured; 0 filtered out; finished in 0.06s

     Running tests/font_subset_post_and_cidtogidmap_test.rs (/tmp/oxidize-639-final-target/debug/deps/font_subset_post_and_cidtogidmap_test-4882804e8fcd6fcb)

running 5 tests
test test_ttf_subset_post_table_strictly_bounded ... ok
test test_ttf_subset_emits_post_version_3_0 ... ok
test test_roboto_ttf_pdf_end_to_end_under_25kb_combined_fixes ... ok
test test_cid_to_gid_map_stream_has_flate_filter ... ok
test test_cid_to_gid_map_compression_ratio_below_10_percent ... ok

test result: ok. 5 passed; 0 failed; 0 ignored; 0 measured; 0 filtered out; finished in 0.04s

     Running tests/font_subset_size_test.rs (/tmp/oxidize-639-final-target/debug/deps/font_subset_size_test-78b0d17ded60ddaa)

running 8 tests
test test_non_cid_cff_subset_size_under_10_percent ... ok
test test_non_cid_cff_subset_has_empty_string_index ... ok
test test_non_cid_cff_subset_size_under_5kb ... ok
test test_ttf_subset_size_under_10_percent ... ok
test test_roboto_ttf_pdf_end_to_end_under_50kb ... ok
test test_cid_cff_subset_size_under_1_percent ... ok
test test_cid_cff_subset_has_empty_string_index ... ok
test test_cjk_cff_pdf_end_to_end_under_100kb ... ok

test result: ok. 8 passed; 0 failed; 0 ignored; 0 measured; 0 filtered out; finished in 0.48s

     Running tests/font_workflows_integration.rs (/tmp/oxidize-639-final-target/debug/deps/font_workflows_integration-3d3e202f8a3609f8)

running 7 tests
test test_font_metrics_workflow ... ok
test test_font_fallback_workflow ... ok
test test_custom_font_embedding_workflow ... ok
test test_multi_font_document_workflow ... ok
test test_font_encoding_workflow ... ok
test test_font_caching_workflow ... ok
test test_font_performance_workflow ... ok

test result: ok. 7 passed; 0 failed; 0 ignored; 0 measured; 0 filtered out; finished in 0.04s

     Running tests/fonts_comprehensive_test.rs (/tmp/oxidize-639-final-target/debug/deps/fonts_comprehensive_test-9595921f5b561c8c)

running 23 tests
test test_font_cache_basic_operations ... ok
test test_empty_font_name_handling ... ok
test test_font_cache_clear ... ok
test test_font_cache_font_names ... ok
test test_font_cache_overwrite ... ok
test test_font_descriptor_creation ... ok
test test_font_descriptor_font_bbox ... ok
test test_font_flags_bit_operations ... ok
test test_font_metrics_creation ... ok
test test_font_metrics_line_height ... ok
test test_font_metrics_to_user_space ... ok
test test_glyph_mapping_basic_operations ... ok
test test_font_subset_generation ... ok
test test_font_flags_operations ... ok
test test_glyph_mapping_unicode_edge_cases ... ok
test test_glyph_mapping_character_widths ... ok
test test_glyph_mapping_widths ... ok
test test_ttf_parser_table_validation ... ok
test test_font_cache_thread_safety ... ok
test test_font_embedding_workflow ... ok
test test_font_metrics_in_document ... ok
test test_standard_font_encodings ... ok
test test_font_cache_memory_stress ... ok

test result: ok. 23 passed; 0 failed; 0 ignored; 0 measured; 0 filtered out; finished in 0.01s

     Running tests/fonts_unit_tests.rs (/tmp/oxidize-639-final-target/debug/deps/fonts_unit_tests-d39c4c8329c819a2)

running 18 tests
test font_cache_tests::test_cache_with_custom_fonts ... ok
test font_descriptor_tests::test_descriptor_font_file_references ... ok
test font_loader_tests::test_font_loader_error_handling ... ok
test font_cache_tests::test_cache_size_limit ... ok
test font_descriptor_tests::test_descriptor_flags_from_font_properties ... ok
test font_loader_tests::test_load_standard_fonts ... ok
test font_loader_tests::test_font_format_detection ... ok
test test_font_metrics_text_fitting ... ok
test font_metrics_tests::test_metrics_line_height_calculation ... ok
test font_descriptor_tests::test_descriptor_from_ttf_data ... ok
test test_malformed_font_recovery ... ok
test ttf_parser_tests::test_parse_cmap_table ... ok
test ttf_parser_tests::test_parse_head_table ... ok
test ttf_parser_tests::test_parse_hhea_table ... ok
test test_font_subsetting_workflow ... ok
test ttf_parser_tests::test_parse_hmtx_table ... ok
test test_missing_font_fallback ... ok
test font_cache_tests::test_cache_concurrent_access ... ok

test result: ok. 18 passed; 0 failed; 0 ignored; 0 measured; 0 filtered out; finished in 0.01s

     Running tests/form_actions_tests.rs (/tmp/oxidize-639-final-target/debug/deps/form_actions_tests-5f6c0c1508c391b1)

running 28 tests
test test_hide_action_builder ... ok
test test_hide_action_multiple_targets ... ok
test test_hide_action_show ... ok
test test_hide_action_single_target ... ok
test test_import_data_action ... ok
test test_import_data_file_types ... ok
test test_javascript_action ... ok
test test_javascript_action_complex ... ok
test test_ocg_state_changes ... ok
test test_reset_form_action_all_fields ... ok
test test_reset_form_action_excluding_fields ... ok
test test_reset_form_action_specific_fields ... ok
test test_reset_form_default ... ok
test test_set_ocg_state_action ... ok
test test_set_ocg_state_default ... ok
test test_sound_action ... ok
test test_sound_action_defaults ... ok
test test_sound_action_volume_clamping ... ok
test test_submit_form_action_basic ... ok
test test_submit_form_action_html ... ok
test test_submit_form_action_pdf ... ok
test test_submit_form_action_xml ... ok
test test_submit_form_all_flags ... ok
test test_submit_form_empty_fields ... ok
test test_submit_form_excluding_fields ... ok
test test_submit_form_flags ... ok
test test_submit_form_with_fields ... ok
test test_submit_form_url_types ... ok

test result: ok. 28 passed; 0 failed; 0 ignored; 0 measured; 0 filtered out; finished in 0.00s

     Running tests/form_processing_integration.rs (/tmp/oxidize-639-final-target/debug/deps/form_processing_integration-29aed46388c32a30)

running 7 tests
test test_form_data_management_workflow ... ok
test test_acroform_generation_workflow ... ok
test test_form_validation_workflow ... ok
test test_comprehensive_form_creation_workflow ... ok
test test_advanced_form_field_styling_workflow ... ok
test test_form_dependencies_workflow ... ok
test test_form_performance_workflow ... ok

test result: ok. 7 passed; 0 failed; 0 ignored; 0 measured; 0 filtered out; finished in 0.00s

     Running tests/forms_comprehensive_test.rs (/tmp/oxidize-639-final-target/debug/deps/forms_comprehensive_test-d83564a159a91890)

running 25 tests
test test_border_styles ... ok
test test_acroform_structure ... ok
test test_checkbox_states ... ok
test test_cloning ... ok
test test_combo_box ... ok
test test_complex_form ... ok
test test_complex_widget_appearances ... ok
test test_debug_formatting ... ok
test test_defaults ... ok
test test_field_flags ... ok
test test_edge_cases ... ok
test test_field_types ... ok
test test_form_data ... ok
test test_form_field_multiple_widgets ... ok
test test_form_manager ... ok
test test_form_manager_customization ... ok
test test_form_manager_with_options ... ok
test test_list_box ... ok
test test_push_button ... ok
test test_radio_button_groups ... ok
test test_text_field_creation ... ok
test test_text_field_flags ... ok
test test_widget_appearance ... ok
test test_widget_colors ... ok
test test_widget_creation ... ok

test result: ok. 25 passed; 0 failed; 0 ignored; 0 measured; 0 filtered out; finished in 0.00s

     Running tests/forms_cross_module_integration_test.rs (/tmp/oxidize-639-final-target/debug/deps/forms_cross_module_integration_test-1fc4592b87f39535)

running 10 tests
test test_forms_document_page_integration ... ok
test test_forms_annotations_integration ... ok
test test_forms_error_handling_integration ... ok
test test_forms_graphics_integration ... ok
test test_forms_document_structure_integration ... ok
test test_forms_text_integration ... ok
test test_forms_writer_integration ... ok
test test_forms_pdf_objects_integration ... ok
test test_forms_concurrent_integration ... ok
test test_forms_memory_integration ... ok

test result: ok. 10 passed; 0 failed; 0 ignored; 0 measured; 0 filtered out; finished in 0.04s

     Running tests/forms_document_integration_test.rs (/tmp/oxidize-639-final-target/debug/deps/forms_document_integration_test-99493dc9aa552f7a)

running 25 tests
test test_comprehensive_form_validation ... ok
test test_form_accessibility_features ... ok
test test_complex_form_layout_document ... ok
test test_form_appearance_document_integration ... ok
test test_document_catalog_acroform_integration ... ok
test test_form_calculation_order_document ... ok
test test_cross_browser_form_compatibility ... ok
test test_form_document_catalog_integration ... ok
test test_form_encrypted_document_integration ... ok
test test_form_creation_performance ... ok
test test_form_different_page_sizes ... ok
test test_form_document_roundtrip ... ok
test test_form_data_extraction_integration ... ok
test test_form_field_options_document_integration ... ok
test test_form_javascript_document_integration ... ok
test test_form_reset_document_integration ... ok
test test_form_tab_order_document ... ok
test test_form_tooltips_document_integration ... ok
test test_form_memory_usage ... ok
test test_international_form_support ... ok
test test_form_validation_document_integration ... ok
test test_form_submission_document_integration ... ok
test test_multiple_field_types_document_integration ... ok
test test_multi_page_form_document ... ok
test test_large_form_document_integration ... ok

test result: ok. 25 passed; 0 failed; 0 ignored; 0 measured; 0 filtered out; finished in 0.01s

     Running tests/forms_error_handling_test.rs (/tmp/oxidize-639-final-target/debug/deps/forms_error_handling_test-7d39fef7db156889)

running 20 tests
test test_circular_reference_detection ... ok
test test_api_misuse_prevention ... ok
test test_error_propagation_and_handling ... ok
test test_invalid_appearance_configurations ... ok
test test_field_value_edge_cases ... ok
test test_form_state_consistency ... ok
test test_invalid_field_flags_combinations ... ok
test test_invalid_choice_field_configurations ... ok
test test_extreme_field_values ... ok
test test_invalid_widget_rectangles ... ok
test test_invalid_field_names ... ok
test test_malformed_field_dictionary ... ok
test test_malformed_input_sanitization ... ok
test test_invalid_widget_operations ... ok
test test_acroform_corruption_handling ... ok
test test_concurrent_form_operations ... ok
test test_performance_regression_detection ... ok
test test_resource_cleanup ... ok
test test_memory_exhaustion_protection ... ok
test test_corrupted_form_data_handling ... ok

test result: ok. 20 passed; 0 failed; 0 ignored; 0 measured; 0 filtered out; finished in 0.13s

     Running tests/forms_parser_integration_test.rs (/tmp/oxidize-639-final-target/debug/deps/forms_parser_integration_test-2ec207fdaa5fa903)

running 15 tests
test test_form_round_trip_compatibility ... ok
test test_parse_combo_box_from_dictionary ... ok
test test_parse_acroform_from_catalog ... ok
test test_parse_checkbox_from_dictionary ... ok
test test_parse_field_flags ... ok
test test_parse_field_inheritance ... ok
test test_parse_form_field_options ... ok
test test_parse_javascript_actions ... ok
test test_parse_list_box_from_dictionary ... ok
test test_parse_malformed_form_dictionaries ... ok
test test_parse_nested_form_hierarchies ... ok
test test_parse_radio_button_from_dictionary ... ok
test test_parse_text_field_from_dictionary ... ok
test test_parse_widget_appearance ... ok
test test_parse_large_form_collections ... ok

test result: ok. 15 passed; 0 failed; 0 ignored; 0 measured; 0 filtered out; finished in 0.01s

     Running tests/forms_performance_scalability_test.rs (/tmp/oxidize-639-final-target/debug/deps/forms_performance_scalability_test-b284b4f10ee08d25)

running 10 tests
test test_concurrent_form_operations ... ok
test test_complex_form_structure_performance ... ok
test test_acroform_serialization_performance ... ok
test test_large_form_creation_performance ... ok
test test_memory_usage_patterns ... ok
test test_widget_rendering_performance ... ok
test test_field_lookup_performance ... ok
test test_memory_pressure_handling ... ok
test test_form_data_performance ... ok
test test_scalability_limits ... ok

test result: ok. 10 passed; 0 failed; 0 ignored; 0 measured; 0 filtered out; finished in 0.15s

     Running tests/forms_validation_javascript_test.rs (/tmp/oxidize-639-final-target/debug/deps/forms_validation_javascript_test-b1a07fbff9cd9f41)

running 15 tests
test test_calculate_order_and_dependencies ... ok
test test_choice_field_validation ... ok
test test_basic_field_validation_constraints ... ok
test test_complex_validation_conditions ... ok
test test_conditional_field_validation ... ok
test test_cross_field_validation_dependencies ... ok
test test_custom_validation_functions ... ok
test test_date_time_validation ... ok
test test_field_validation_actions ... ok
test test_form_submission_validation ... ok
test test_javascript_format_actions ... ok
test test_multi_step_validation_workflow ... ok
test test_numeric_range_validation ... ok
test test_realtime_validation_feedback ... ok
test test_javascript_action_performance ... ok

test result: ok. 15 passed; 0 failed; 0 ignored; 0 measured; 0 filtered out; finished in 0.00s

     Running tests/formxobject_group_test.rs (/tmp/oxidize-639-final-target/debug/deps/formxobject_group_test-c4540180ef6ed37f)

running 4 tests
test form_xobjects_accessor_is_public_and_reflects_state ... ok
test formxobject_without_transparency_group_omits_group_dict ... ok
test formxobject_transparency_group_emits_isolated_and_knockout_booleans ... ok
test formxobject_with_transparency_group_emits_group_dict ... ok

test result: ok. 4 passed; 0 failed; 0 ignored; 0 measured; 0 filtered out; finished in 0.00s

     Running tests/fuzz_regressions_test.rs (/tmp/oxidize-639-final-target/debug/deps/fuzz_regressions_test-729d832d50f6a552)

running 1 test
test fuzz_regression_corpus_does_not_crash ... ok

test result: ok. 1 passed; 0 failed; 0 ignored; 0 measured; 0 filtered out; finished in 0.00s

     Running tests/gfx_019_icc_graphics_color_test.rs (/tmp/oxidize-639-final-target/debug/deps/gfx_019_icc_graphics_color_test-db727f7394b050df)

running 5 tests
test legacy_calibrated_method_still_emits_default_name ... ok
test icc_fill_color_emits_resource_and_content_stream ... ok
test add_icc_color_space_emits_stream_resource_and_drives_content ... ok
test icc_stroke_color_emits_named_space_in_content_stream ... ok
test two_named_calibrated_spaces_coexist_on_one_page ... ok

test result: ok. 5 passed; 0 failed; 0 ignored; 0 measured; 0 filtered out; finished in 0.00s

     Running tests/hybrid_chunker_disjoint_test.rs (/tmp/oxidize-639-final-target/debug/deps/hybrid_chunker_disjoint_test-b4079d876ce6ff38)

running 4 tests
test synthetic_merge_disabled_with_overlap_still_disjoint ... ok
test synthetic_overflow_flushes_emit_disjoint_chunks ... ok
test synthetic_title_then_paragraphs_emits_disjoint_chunks ... ok
test end_to_end_pdf_produces_disjoint_chunks ... ok

test result: ok. 4 passed; 0 failed; 0 ignored; 0 measured; 0 filtered out; finished in 0.01s

     Running tests/hybrid_chunking_graph_test.rs (/tmp/oxidize-639-final-target/debug/deps/hybrid_chunking_graph_test-91c72ed7c98cc8ff)

running 4 tests
test test_hybrid_chunk_with_graph_empty_input ... ok
test test_hybrid_chunk_with_graph_handles_preamble ... ok
test test_hybrid_chunk_with_graph_keeps_section_together ... ok
test test_hybrid_chunk_with_graph_splits_large_section ... ok

test result: ok. 4 passed; 0 failed; 0 ignored; 0 measured; 0 filtered out; finished in 0.00s

     Running tests/hybrid_chunking_test.rs (/tmp/oxidize-639-final-target/debug/deps/hybrid_chunking_test-dce0a08f3a088ef8)

running 13 tests
test test_chunk_text_does_not_include_heading_context ... ok
test test_heading_context_propagated_to_chunks ... ok
test test_empty_input_produces_empty_chunks ... ok
test test_heading_context_changes_on_new_title ... ok
test test_hybrid_chunk_config_defaults ... ok
test test_hybrid_chunker_accessible_from_pipeline ... ok
test test_list_items_merge_with_list_items_not_paragraphs ... ok
test test_merge_adjacent_paragraphs_within_budget ... ok
test test_merge_disabled_one_chunk_per_element ... ok
test test_no_merge_different_element_types ... ok
test test_no_heading_before_first_title ... ok
test test_overlap_chunks_preserve_heading_context ... ok
test test_oversized_table_gets_own_oversized_chunk ... ok

test result: ok. 13 passed; 0 failed; 0 ignored; 0 measured; 0 filtered out; finished in 0.00s

     Running tests/hybrid_chunking_v2_test.rs (/tmp/oxidize-639-final-target/debug/deps/hybrid_chunking_v2_test-e30676da85fb81e9)

running 11 tests
test test_full_text_equals_text_when_no_heading ... ok
test test_full_text_prepends_heading_context ... ok
test test_oversized_paragraph_splits_at_sentence_boundary ... ok
test test_merge_paragraph_and_list_item_under_same_heading ... ok
test test_same_type_only_policy_preserves_legacy_behavior ... ok
test test_sentence_split_preserves_parent_heading_metadata ... ok
test test_table_never_merges_with_adjacent_paragraph ... ok
test test_title_never_merges_with_adjacent_paragraph ... ok
test test_single_very_long_sentence_stays_in_one_chunk ... ok
test test_table_oversized_remains_atomic_not_split ... ok
test test_hybrid_chunker_v2_end_to_end_with_partition ... ok

test result: ok. 11 passed; 0 failed; 0 ignored; 0 measured; 0 filtered out; finished in 0.00s

     Running tests/icc_colorspace_stream_test.rs (/tmp/oxidize-639-final-target/debug/deps/icc_colorspace_stream_test-11f2f041998d4c90)

running 7 tests
test icc_profile_converts_to_stream_backed_variant ... ok
test icc_based_colour_space_is_emitted_as_stream_with_profile_bytes ... ok
test icc_lab_profile_emits_non_default_range_and_rgb_alternate ... ok
test icc_based_colour_space_is_not_inline_dict ... ok
test icc_gray_profile_round_trips_with_one_component ... ok
test icc_cmyk_profile_round_trips_with_four_components ... ok
test icc_rgb_default_range_is_omitted ... ok

test result: ok. 7 passed; 0 failed; 0 ignored; 0 measured; 0 filtered out; finished in 0.00s

     Running tests/image_fitting_tests.rs (/tmp/oxidize-639-final-target/debug/deps/image_fitting_tests-60a214ababc52805)

running 4 tests
test test_centered_x ... ok
test test_fit_exact ... ok
test test_fit_height_constrained ... ok
test test_fit_width_constrained ... ok

test result: ok. 4 passed; 0 failed; 0 ignored; 0 measured; 0 filtered out; finished in 0.00s

     Running tests/incremental_form_fill_ap_test.rs (/tmp/oxidize-639-final-target/debug/deps/incremental_form_fill_ap_test-85896f3372326f7e)

running 5 tests
test fill_unknown_ft_sets_v_without_ap ... ok
test fill_button_field_sets_as_to_on_state ... ok
test fill_text_field_kids_layout_ap_on_widget ... ok
test fill_many_ap_merged_and_kids ... ok
test fill_text_field_ap_n_stream_contains_value ... ok

test result: ok. 5 passed; 0 failed; 0 ignored; 0 measured; 0 filtered out; finished in 0.01s

     Running tests/incremental_form_fill_test.rs (/tmp/oxidize-639-final-target/debug/deps/incremental_form_fill_test-b1958da195d3799d)

running 5 tests
test fill_unknown_field_errors ... ok
test fill_field_with_widget_kids ... ok
test fill_hierarchical_field_incremental ... ok
test fill_many_fields_incremental_roundtrip ... ok
test fill_single_field_incremental_roundtrip ... ok

test result: ok. 5 passed; 0 failed; 0 ignored; 0 measured; 0 filtered out; finished in 0.01s

     Running tests/incremental_overlay_tests.rs (/tmp/oxidize-639-final-target/debug/deps/incremental_overlay_tests-5dad87602488dc28)

running 5 tests
test test_overlay_multi_page ... ignored
test test_overlay_preserves_original_text ... ignored
test test_overlay_with_graphics ... ignored
test test_overlay_file_size_reasonable ... ok
test test_overlay_maintains_incremental_structure ... ok

test result: ok. 2 passed; 0 failed; 3 ignored; 0 measured; 0 filtered out; finished in 0.00s

     Running tests/inline_font_resources_test.rs (/tmp/oxidize-639-final-target/debug/deps/inline_font_resources_test-99a797504b7b22bf)

running 5 tests
test plain_text_extractor_resolves_an_indirect_font_subdictionary ... ok
test plain_text_extractor_reads_tounicode_from_an_inline_font_dictionary ... ok
test text_extractor_reads_inline_font_behind_an_indirect_font_subdictionary ... ok
test text_extractor_reads_tounicode_from_an_inline_font_dictionary ... ok
test a_document_written_by_this_library_stays_readable_to_this_library ... ok

test result: ok. 5 passed; 0 failed; 0 ignored; 0 measured; 0 filtered out; finished in 2.38s

     Running tests/integration_compression.rs (/tmp/oxidize-639-final-target/debug/deps/integration_compression-62c53fe72ac45a60)

running 9 tests
test test_compress_empty_stream ... ok
test test_compress_decompress_pdf_content ... ok
test test_compress_mixed_content ... ok
test test_compress_binary_pdf_data ... ok
test test_decompress_invalid_data_handling ... ok
test test_compress_unicode_pdf_text ... ok
test test_pdf_with_compressed_streams ... ok
test test_compress_single_byte_patterns ... ok
test test_compress_large_pdf_stream ... ok

test result: ok. 9 passed; 0 failed; 0 ignored; 0 measured; 0 filtered out; finished in 0.01s

     Running tests/integration_encryption.rs (/tmp/oxidize-639-final-target/debug/deps/integration_encryption-d4123bd670394e05)

running 4 tests
test test_40bit_encryption ... ok
test test_encrypt_decrypt_stream ... ok
test test_permissions_enforcement ... ok
test test_encryption_dictionary_serialization ... ok

test result: ok. 4 passed; 0 failed; 0 ignored; 0 measured; 0 filtered out; finished in 0.00s

     Running tests/integration_fonts.rs (/tmp/oxidize-639-final-target/debug/deps/integration_fonts-19f2be759fed0146)

running 7 tests
test test_font_descriptor_creation ... ok
test test_font_format_detection ... ok
test test_font_loading_and_embedding ... ok
test test_font_cache_operations ... ok
test test_font_metrics_calculations ... ok
test test_glyph_mapping ... ok
test test_pdf_with_embedded_font ... ok

test result: ok. 7 passed; 0 failed; 0 ignored; 0 measured; 0 filtered out; finished in 0.00s

     Running tests/integration_tests.rs (/tmp/oxidize-639-final-target/debug/deps/integration_tests-4e53a7ef66827902)

running 4 tests
test test_batch_progress_tracking ... ok
test test_batch_job_types_comprehensive ... ok
test test_batch_error_handling ... ok
test test_batch_processing_workflow ... ok

test result: ok. 4 passed; 0 failed; 0 ignored; 0 measured; 0 filtered out; finished in 0.00s

     Running tests/interactive_features_test.rs (/tmp/oxidize-639-final-target/debug/deps/interactive_features_test-abf1905a32458c55)

running 4 tests
test test_annotations_writing ... ok
test test_forms_integration ... ok
test test_combined_interactive_features_writing ... ok
test test_outlines_integration ... ok

test result: ok. 4 passed; 0 failed; 0 ignored; 0 measured; 0 filtered out; finished in 0.00s

     Running tests/invoice_extraction_tests.rs (/tmp/oxidize-639-final-target/debug/deps/invoice_extraction_tests-205dcca62424ff71)

running 8 tests
test test_extract_empty_fragments ... ok
test test_extract_no_matches ... ok
test test_european_number_format ... ok
test test_extract_english_invoice_basic ... ok
test test_extract_italian_invoice_basic ... ok
test test_extract_spanish_invoice_basic ... ok
test test_extract_german_invoice_basic ... ok
test test_confidence_threshold_filtering ... ok

test result: ok. 8 passed; 0 failed; 0 ignored; 0 measured; 0 filtered out; finished in 0.05s

     Running tests/invoice_pattern_api_tests.rs (/tmp/oxidize-639-final-target/debug/deps/invoice_pattern_api_tests-edc0bed6a56c7f1d)

running 9 tests
test test_custom_patterns_override_language ... ok
test test_pattern_library_is_thread_safe ... ok
test test_create_empty_pattern_library ... ok
test test_extractor_with_custom_patterns ... ok
test test_combine_default_and_custom ... ok
test test_default_spanish_patterns ... ok
test test_default_english_patterns ... ok
test test_extend_default_patterns ... ok
test test_merge_pattern_libraries ... ok

test result: ok. 9 passed; 0 failed; 0 ignored; 0 measured; 0 filtered out; finished in 0.04s

     Running tests/iso_curation_stats_tests.rs (/tmp/oxidize-639-final-target/debug/deps/iso_curation_stats_tests-5c3de6f318b479dd)

running 15 tests
test test_curated_matrix_exists ... ok
test test_all_requirements_have_feature_area ... ok
test test_all_requirements_have_non_empty_description ... ok
test test_curated_matrix_size_within_target_range ... ok
test test_by_section_api ... ok
test test_all_requirements_have_requirement_type ... ok
test test_all_requirements_have_priority ... ok
test test_by_priority_api ... ok
test test_curated_matrix_loads_successfully ... ok
test test_metadata_contains_curation_info ... ok
test test_mandatory_requirements_api ... ok
test test_priority_distribution_reasonable ... ok
test test_multiple_feature_areas_represented ... ok
test test_reduction_ratio_exceeds_90_percent ... ok
test test_reduction_ratio_in_metadata ... ok

test result: ok. 15 passed; 0 failed; 0 ignored; 0 measured; 0 filtered out; finished in 0.10s

     Running tests/iso_curation_validation_tests.rs (/tmp/oxidize-639-final-target/debug/deps/iso_curation_validation_tests-cced08bdbaabdd96)

running 27 tests
test test_empty_string_is_invalid ... ok
test test_fragment_too_short_is_invalid ... ok
test test_minimum_length_boundary ... ok
test test_parenthetical_explanation_is_invalid ... ok
test test_bibliographic_reference_is_invalid ... ok
test test_iso_reference_is_invalid ... ok
test test_priority_p0_for_critical_structure ... ok
test test_priority_p0_for_xref ... ok
test test_requirement_classification_mandatory ... ok
test test_priority_p3_for_multimedia ... ok
test test_descriptive_text_without_normative_language_is_invalid ... ok
test test_fragment_continuation_is_invalid ... ok
test test_fragment_without_subject_is_invalid ... ok
test test_requirement_classification_mandatory_with_must ... ok
test test_rfc_reference_is_invalid ... ok
test test_priority_p1_for_fonts ... ok
test test_table_header_is_invalid ... ok
test test_fragment_ending_mid_sentence_is_invalid ... ok
test test_valid_requirement_with_may ... ok
test test_valid_requirement_with_should ... ok
test test_whitespace_only_is_invalid ... ok
test test_valid_requirement_has_complete_sentence ... ok
test test_priority_p2_for_annotations ... ok
test test_very_long_requirement_is_suspicious ... ok
test test_requirement_classification_recommended ... ok
test test_requirement_classification_optional ... ok
test test_requirement_classification_optional_can ... ok

test result: ok. 27 passed; 0 failed; 0 ignored; 0 measured; 0 filtered out; finished in 0.03s

     Running tests/iso_document_catalog_tests.rs (/tmp/oxidize-639-final-target/debug/deps/iso_document_catalog_tests-944da6d8fcc0abe8)

running 6 tests
test test_iso_7_5_2_2_catalog_pages_reference_level_3 ... ok
test test_iso_8_6_3_device_rgb_level_3 ... ok
test test_iso_7_5_2_1_catalog_type_entry_level_3 ... ok
test test_iso_9_6_1_standard_fonts_level_3 ... ok
test test_iso_7_5_2_1_catalog_type_entry_level_2 ... ok
test test_iso_compliance_integration ... ok

test result: ok. 6 passed; 0 failed; 0 ignored; 0 measured; 0 filtered out; finished in 0.21s

     Running tests/iso_system_demo.rs (/tmp/oxidize-639-final-target/debug/deps/iso_system_demo-20da161ecdd158a6)

running 1 test
test demo_iso_verification_system ... ok

test result: ok. 1 passed; 0 failed; 0 ignored; 0 measured; 0 filtered out; finished in 0.14s

     Running tests/iso_verification_test.rs (/tmp/oxidize-639-final-target/debug/deps/iso_verification_test-7991075bec2c6140)

running 7 tests
test test_compliance_system_dual_file_architecture ... ok
test test_compliance_report_generation ... ok
test test_requirement_status_handling ... ok
test test_pdf_comparison_system ... ok
test test_verification_levels ... ok
test test_real_iso_verification_system ... ok
test test_compliance_matrix_loading ... ok

test result: ok. 7 passed; 0 failed; 0 ignored; 0 measured; 0 filtered out; finished in 0.42s

     Running tests/issue_212_closing_invariants_test.rs (/tmp/oxidize-639-final-target/debug/deps/issue_212_closing_invariants_test-aa78f4e7a1a81345)

running 4 tests
test invariant_4_helvetica_builtin_regression ... ok
test invariant_2_ap_content_uses_hex_cid_tj_not_literal ... ok
test invariant_1_ap_resources_font_cjk_is_type0_identity_h ... ok
test invariant_3_roundtrip_v_and_appearance_present ... ok

test result: ok. 4 passed; 0 failed; 0 ignored; 0 measured; 0 filtered out; finished in 0.51s

     Running tests/issue_212_combobox_custom_font_test.rs (/tmp/oxidize-639-final-target/debug/deps/issue_212_combobox_custom_font_test-ee568a6febcaff40)

running 2 tests
test combobox_builtin_font_helvetica_regression ... ok
test combobox_custom_font_ap_emits_type0_and_hex_cid ... ok

test result: ok. 2 passed; 0 failed; 0 ignored; 0 measured; 0 filtered out; finished in 0.47s

     Running tests/issue_212_form_only_font_emission_test.rs (/tmp/oxidize-639-final-target/debug/deps/issue_212_form_only_font_emission_test-d2fb39dbb992ad64)

running 1 test
test form_only_custom_font_is_emitted_after_fill_field ... ok

test result: ok. 1 passed; 0 failed; 0 ignored; 0 measured; 0 filtered out; finished in 0.03s

     Running tests/issue_212_listbox_custom_font_test.rs (/tmp/oxidize-639-final-target/debug/deps/issue_212_listbox_custom_font_test-2b25ff8a71d4f93f)

running 3 tests
test listbox_builtin_font_generate_appearance_with_font_emits_type1 ... ok
test listbox_custom_font_generate_appearance_with_font_emits_type0_resource ... ok
test listbox_custom_font_with_options_but_no_font_param_returns_error ... ok

test result: ok. 3 passed; 0 failed; 0 ignored; 0 measured; 0 filtered out; finished in 0.00s

     Running tests/issue_212_pushbutton_custom_font_test.rs (/tmp/oxidize-639-final-target/debug/deps/issue_212_pushbutton_custom_font_test-69697510126d963b)

running 2 tests
test pushbutton_builtin_font_resources_still_emit_type1 ... ok
test pushbutton_custom_font_resources_emit_type0_not_type1 ... ok

test result: ok. 2 passed; 0 failed; 0 ignored; 0 measured; 0 filtered out; finished in 0.00s

     Running tests/issue_217_tablestyle_header_typography_test.rs (/tmp/oxidize-639-final-target/debug/deps/issue_217_tablestyle_header_typography_test-9361afa4db894cae)

running 11 tests
test all_presets_default_header_typography_overrides_to_none ... ok
test builder_chain_full_typography_override ... ok
test default_professional_preset_emits_helvetica_bold_header ... ok
test header_font_courier_with_bold_emits_courier_bold ... ok
test default_colorful_preset_emits_helvetica_bold_header ... ok
test header_font_override_to_times_roman_with_bold_emits_times_bold ... ok
test professional_preset_with_times_bold_override_renders_times_bold ... ok
test header_bold_false_with_helvetica_emits_helvetica_not_helvetica_bold ... ok
test with_header_bold_sets_field_and_chains ... ok
test header_font_oblique_with_bold_preserves_oblique_variant ... ok
test with_header_font_sets_field_and_chains ... ok

test result: ok. 11 passed; 0 failed; 0 ignored; 0 measured; 0 filtered out; finished in 0.00s

     Running tests/issue_220_color_emission_sanitization_test.rs (/tmp/oxidize-639-final-target/debug/deps/issue_220_color_emission_sanitization_test-f6eafa7b42b43b70)

running 19 tests
test field_appearance_text_field_with_nan_background_emits_zero ... ok
test form_xobject_stroke_color_with_inf_emits_zero ... ok
test form_xobject_fill_color_with_nan_emits_zero ... ok
test free_text_annotation_da_with_nan_emits_zero ... ok
test graphics_context_fill_color_nan_emits_zero ... ok
test graphics_context_and_text_context_emit_identical_rgb_fill ... ok
test graphics_context_finite_value_passes_through_unchanged ... ok
test graphics_context_stroke_color_neg_inf_emits_zero ... ok
test pattern_checkerboard_with_nan_color_does_not_emit_nan ... ok
test pattern_stripe_with_inf_color_does_not_emit_inf ... ok
test text_context_fill_color_cmyk_with_nan_yellow ... ok
test text_context_fill_color_nan_red_emits_zero_and_keeps_other_components ... ok
test text_context_fill_color_neg_inf_gray_emits_zero ... ok
test text_context_fill_color_pos_inf_emits_zero ... ok
test text_context_stroke_color_inf_cmyk_emits_zero ... ok
test text_context_stroke_color_nan_emits_zero ... ok
test text_context_and_text_flow_context_emit_identical_rgb_fill ... ok
test text_flow_context_fill_color_inf_gray_emits_zero ... ok
test text_flow_context_fill_color_nan_emits_zero ... ok

test result: ok. 19 passed; 0 failed; 0 ignored; 0 measured; 0 filtered out; finished in 0.00s

     Running tests/issue_230_text_context_injection_test.rs (/tmp/oxidize-639-final-target/debug/deps/issue_230_text_context_injection_test-1571cf46450cc6fd)

running 3 tests
test factory_path_text_context_store_unchanged ... ok
test add_page_injects_store_into_text_context ... ok
test text_context_ops_preserved_across_add_page ... ok

test result: ok. 3 passed; 0 failed; 0 ignored; 0 measured; 0 filtered out; finished in 0.00s

     Running tests/issue_235_tj_fragment_emission_test.rs (/tmp/oxidize-639-final-target/debug/deps/issue_235_tj_fragment_emission_test-e8639d93f7d69235)

running 6 tests
test apostrophe_operator_advances_line_and_emits_fragment ... ok
test double_quote_operator_sets_spacing_advances_line_and_emits_fragment ... ok
test tj_only_page_zero_watermark_still_extractable ... ok
test tj_fragments_carry_real_glyph_metrics ... ok
test tj_operator_emits_fragments_for_every_body_page ... ok
test rag_pipeline_recovers_body_chunks_for_tj_pdf ... ok

test result: ok. 6 passed; 0 failed; 0 ignored; 0 measured; 0 filtered out; finished in 1.73s

     Running tests/issue_239_unified_fill_color_test.rs (/tmp/oxidize-639-final-target/debug/deps/issue_239_unified_fill_color_test-6a361c7876ec9982)

running 6 tests
test graphics_default_black_propagates_to_text_on_fresh_page ... ok
test graphics_fill_color_inherited_by_text_when_text_has_no_explicit_color ... ok
test text_fill_color_set_before_graphics_is_not_overwritten_by_handoff ... ok
test explicit_text_fill_color_overrides_graphics_color ... ok
test issue_239_reproducer_white_text_on_colored_band_round_trip ... ok
test text_flow_inherits_graphics_color_when_text_context_has_no_explicit_color ... ok

test result: ok. 6 passed; 0 failed; 0 ignored; 0 measured; 0 filtered out; finished in 0.00s

     Running tests/issue_240_text_flow_encoding_test.rs (/tmp/oxidize-639-final-target/debug/deps/issue_240_text_flow_encoding_test-a998c5d8adf5d266)

running 5 tests
test write_wrapped_euro_sign_encodes_as_winansi_not_utf8 ... ok
test text_at_and_text_flow_at_emit_identical_show_text_bytes ... ok
test issue_240_reproducer_round_trip_special_chars_via_extractor ... ok
test write_wrapped_wraps_by_char_width_not_by_utf8_byte_length ... ok
test write_wrapped_special_chars_encode_at_windows_1252_codepoints ... ok

test result: ok. 5 passed; 0 failed; 0 ignored; 0 measured; 0 filtered out; finished in 0.01s

     Running tests/issue_260_stream_length_test.rs (/tmp/oxidize-639-final-target/debug/deps/issue_260_stream_length_test-2bb43d4caa71890b)

running 3 tests
test stream_with_under_declared_length_recovers_via_endstream_scan ... ok
test stream_with_binary_byte_just_before_endstream_recovers ... ok
test stream_with_correct_length_still_parses ... ok

test result: ok. 3 passed; 0 failed; 0 ignored; 0 measured; 0 filtered out; finished in 0.00s

     Running tests/issue_265_line_interleaving_test.rs (/tmp/oxidize-639-final-target/debug/deps/issue_265_line_interleaving_test-0704146838d302ac)

running 4 tests
test single_row_with_baseline_jitter_stays_one_line ... ok
test three_rows_collapsed_by_y_tolerance_all_split_by_x_reset ... ok
test two_rows_with_2_5pt_baseline_gap_stay_separate ... ok
test x_reset_within_y_tolerance_splits_into_two_lines ... ok

test result: ok. 4 passed; 0 failed; 0 ignored; 0 measured; 0 filtered out; finished in 0.00s

     Running tests/issue_286_high_compression_image_test.rs (/tmp/oxidize-639-final-target/debug/deps/issue_286_high_compression_image_test-ff05dd30145f7d08)

running 3 tests
test test_high_compression_images_all_extract ... ok
test test_high_ratio_image_decodes_full_size_not_empty ... ok
test test_smask_composited_into_rgba_alpha ... ok

test result: ok. 3 passed; 0 failed; 0 ignored; 0 measured; 0 filtered out; finished in 0.57s

     Running tests/issue_286_indexed_image_test.rs (/tmp/oxidize-639-final-target/debug/deps/issue_286_indexed_image_test-5d711896daf0d4be)

running 4 tests
test test_page_resources_indirect_reference_is_resolved ... ok
test test_indexed_image_matches_independent_decode ... ok
test test_indexed_image_is_expanded_to_rgb_png ... ok
test test_indexed_image_extraction_does_not_fail_with_size_error ... ok

test result: ok. 4 passed; 0 failed; 0 ignored; 0 measured; 0 filtered out; finished in 11.33s

     Running tests/issue_287_glyph_coverage_test.rs (/tmp/oxidize-639-final-target/debug/deps/issue_287_glyph_coverage_test-c20ccd8921071ee8)

running 6 tests
test test_font_missing_glyphs_unknown_font_is_empty ... ok
test test_font_has_glyph_reflects_cmap_coverage ... ok
test test_font_missing_glyphs_reports_uncovered_characters ... ok
test test_font_missing_glyphs_deduplicates_and_ignores_controls ... ok
test test_font_missing_glyphs_empty_when_all_covered ... ok
test test_saving_warns_about_missing_glyphs ... ok

test result: ok. 6 passed; 0 failed; 0 ignored; 0 measured; 0 filtered out; finished in 0.03s

     Running tests/issue_302_extraction_fidelity_test.rs (/tmp/oxidize-639-final-target/debug/deps/issue_302_extraction_fidelity_test-72f196872d45963e)

running 3 tests
test symptom1_font_switch_run_not_reordered ... ok
test symptom2_word_spaces_preserved_on_tight_justified_text ... ok
test issue_305_subword_backfill_run_not_reordered ... ok

test result: ok. 3 passed; 0 failed; 0 ignored; 0 measured; 0 filtered out; finished in 0.07s

     Running tests/issue_302_indirect_font_dict_test.rs (/tmp/oxidize-639-final-target/debug/deps/issue_302_indirect_font_dict_test-a3e5956749b03912)

running 1 test
test indirect_font_dictionary_is_resolved_and_loaded ... ok

test result: ok. 1 passed; 0 failed; 0 ignored; 0 measured; 0 filtered out; finished in 0.00s

     Running tests/issue_302_width_from_codes_test.rs (/tmp/oxidize-639-final-target/debug/deps/issue_302_width_from_codes_test-b7ea754278e09ee4)

running 1 test
test custom_encoded_font_preserves_word_order ... ok

test result: ok. 1 passed; 0 failed; 0 ignored; 0 measured; 0 filtered out; finished in 0.00s

     Running tests/issue_319_content_recovery_test.rs (/tmp/oxidize-639-final-target/debug/deps/issue_319_content_recovery_test-811a7244e03bd5be)

running 3 tests
test unterminated_tail_keeps_earlier_text ... ok
test well_formed_page_is_unaffected ... ok
test malformed_operator_does_not_drop_page_text ... ok

test result: ok. 3 passed; 0 failed; 0 ignored; 0 measured; 0 filtered out; finished in 0.00s

     Running tests/issue_319_form_xobject_test.rs (/tmp/oxidize-639-final-target/debug/deps/issue_319_form_xobject_test-d0f8bf2269a5f0dc)

running 3 tests
test form_xobject_matrix_offsets_position_without_losing_text ... ok
test text_inside_form_xobject_is_extracted ... ok
test nested_form_xobjects_are_extracted ... ok

test result: ok. 3 passed; 0 failed; 0 ignored; 0 measured; 0 filtered out; finished in 0.00s

     Running tests/issue_329_presentation_profile_test.rs (/tmp/oxidize-639-final-target/debug/deps/issue_329_presentation_profile_test-31cbedfe87e5b82a)

running 3 tests
test presentation_profile_does_not_collapse_4col_slide_to_table ... ok
test presentation_profile_does_not_drop_closing_slide ... ok
test presentation_profile_preserves_prose_summary_slide ... ok

test result: ok. 3 passed; 0 failed; 0 ignored; 0 measured; 0 filtered out; finished in 0.01s

     Running tests/issue_330_text_fragments_invariant_test.rs (/tmp/oxidize-639-final-target/debug/deps/issue_330_text_fragments_invariant_test-fe70358d5ada0491)

running 4 tests
test ordinary_text_surfaces_in_both_text_and_fragments ... ok
test include_artifacts_true_emits_both_text_and_fragments ... ok
test extracted_text_non_empty_implies_fragments_non_empty ... ok
test artifact_only_page_has_consistent_text_and_fragments ... ok

test result: ok. 4 passed; 0 failed; 0 ignored; 0 measured; 0 filtered out; finished in 0.00s

     Running tests/issue_331_xmp_deterministic_test.rs (/tmp/oxidize-639-final-target/debug/deps/issue_331_xmp_deterministic_test-2d1fb25c9a6bbdd5)

running 2 tests
test xmp_namespace_declarations_are_sorted_by_prefix ... ok
test xmp_packet_is_byte_stable_across_repeated_calls ... ok

test result: ok. 2 passed; 0 failed; 0 ignored; 0 measured; 0 filtered out; finished in 0.00s

     Running tests/issue_334_item5_font_order_deterministic_test.rs (/tmp/oxidize-639-final-target/debug/deps/issue_334_item5_font_order_deterministic_test-ff7feaf7acb3dd08)

running 2 tests
test custom_font_names_returns_sorted ... ok
test pdf_bytes_with_multiple_fonts_are_stable_across_builds ... ok

test result: ok. 2 passed; 0 failed; 0 ignored; 0 measured; 0 filtered out; finished in 0.70s

     Running tests/issue_334_xmp_struct_deterministic_test.rs (/tmp/oxidize-639-final-target/debug/deps/issue_334_xmp_struct_deterministic_test-f75b3eba61fd752b)

running 2 tests
test xmp_struct_fields_are_sorted_by_name ... ok
test xmp_packet_with_struct_is_byte_stable_across_independent_builds ... ok

test result: ok. 2 passed; 0 failed; 0 ignored; 0 measured; 0 filtered out; finished in 0.00s

     Running tests/issue_341_xref_stream_double_decode_test.rs (/tmp/oxidize-639-final-target/debug/deps/issue_341_xref_stream_double_decode_test-1366f5810a1dc34b)

running 3 tests
test xref_stream_pdf_parses_via_strict_reader ... ok
test xref_stream_pdf_parses_via_lenient_reader ... ok
test multi_page_xref_stream_pdf_parses_via_strict_reader ... ok

test result: ok. 3 passed; 0 failed; 0 ignored; 0 measured; 0 filtered out; finished in 0.00s

     Running tests/issue_345_pipeline_partition_config_test.rs (/tmp/oxidize-639-final-target/debug/deps/issue_345_pipeline_partition_config_test-8e0dd085e49068b3)

running 0 tests

test result: ok. 0 passed; 0 failed; 0 ignored; 0 measured; 0 filtered out; finished in 0.00s

     Running tests/issue_346_pdfa_metadata_decode_test.rs (/tmp/oxidize-639-final-target/debug/deps/issue_346_pdfa_metadata_decode_test-bd470d204113f49b)

running 3 tests
test undecodable_metadata_stream_reports_missing_without_erroring ... ok
test flate_compressed_metadata_does_not_spuriously_report_missing_xmp ... ok
test flate_compressed_metadata_validates_like_uncompressed ... ok

test result: ok. 3 passed; 0 failed; 0 ignored; 0 measured; 0 filtered out; finished in 0.07s

     Running tests/issue_358_cid_keyed_font_test.rs (/tmp/oxidize-639-final-target/debug/deps/issue_358_cid_keyed_font_test-7bddf1974f3174d7)

running 1 test
test cid_keyed_font_emits_subsetted_cidfonttype2_with_tounicode_and_widths ... ok

test result: ok. 1 passed; 0 failed; 0 ignored; 0 measured; 0 filtered out; finished in 0.03s

     Running tests/issue_358_glyph_run_extraction_test.rs (/tmp/oxidize-639-final-target/debug/deps/issue_358_glyph_run_extraction_test-ee634de384256128)

running 1 test
test glyph_run_with_ligature_extracts_component_characters ... ok

test result: ok. 1 passed; 0 failed; 0 ignored; 0 measured; 0 filtered out; finished in 0.03s

     Running tests/issue_358_subsetting_test.rs (/tmp/oxidize-639-final-target/debug/deps/issue_358_subsetting_test-02b995884945379c)

running 3 tests
test subset_font_by_gids_contains_exactly_used_glyphs ... ok
test cid_keyed_glyph_run_subsets_font_not_whole_file ... ok
test cid_keyed_subset_preserves_text_extraction ... ok

test result: ok. 3 passed; 0 failed; 0 ignored; 0 measured; 0 filtered out; finished in 0.03s

     Running tests/issue_360_rag_chunks_from_elements_test.rs (/tmp/oxidize-639-final-target/debug/deps/issue_360_rag_chunks_from_elements_test-a7b2d1b592334ff8)

running 0 tests

test result: ok. 0 passed; 0 failed; 0 ignored; 0 measured; 0 filtered out; finished in 0.00s

     Running tests/issue_373_qpdf_aes256_stream_decrypt_test.rs (/tmp/oxidize-639-final-target/debug/deps/issue_373_qpdf_aes256_stream_decrypt_test-0e715c5e9e9832f2)

running 5 tests
test pypdf_aes256_user_stream_still_decrypts_without_unpad_error ... ok
test qpdf_aes256_r5_user_stream_decrypts_to_base_content ... ok
test qpdf_aes256_r5_empty_user_stream_decrypts_to_base_content ... ok
test qpdf_aes256_r6_user_stream_decrypts_to_base_content ... ok
test qpdf_aes256_r6_empty_user_stream_decrypts_to_base_content ... ok

test result: ok. 5 passed; 0 failed; 0 ignored; 0 measured; 0 filtered out; finished in 1.68s

     Running tests/issue_374_xref_reconstruction_test.rs (/tmp/oxidize-639-final-target/debug/deps/issue_374_xref_reconstruction_test-37cb5dba2597999f)

running 6 tests
test recovered_encrypted_pdf_with_stray_trailer_byte_preserves_encrypt_under_tolerant ... ok
test recovered_encrypted_pdf_is_not_opened_as_plaintext ... ok
test recovered_encrypted_xref_stream_pdf_is_not_opened_as_plaintext ... ok
test recovered_encrypted_xref_stream_with_stream_substring_before_encrypt ... ok
test strict_mode_still_fails_loudly_on_missing_xref ... ok
test pdfreader_new_reconstructs_missing_xref_and_resolves_catalog ... ok

test result: ok. 6 passed; 0 failed; 0 ignored; 0 measured; 0 filtered out; finished in 0.01s

     Running tests/issue_375_merged_cells_detect_test.rs (/tmp/oxidize-639-final-target/debug/deps/issue_375_merged_cells_detect_test-61468648e77202cf)

running 6 tests
test header_row_defaults_to_top_row_without_tags ... ok
test header_row_detected_from_th_tag ... ok
test header_rows_two_when_top_two_of_three_rows_tagged ... ok
test merged_header_cell_detected_with_col_span_2 ... ok
test merged_cell_detected_with_row_span_2 ... ok
test transitive_merge_across_three_columns_detected ... ok

test result: ok. 6 passed; 0 failed; 0 ignored; 0 measured; 0 filtered out; finished in 0.00s

     Running tests/issue_375_merged_cells_test.rs (/tmp/oxidize-639-final-target/debug/deps/issue_375_merged_cells_test-dee0879b294d6fbc)

running 1 test
test from_structure_expands_spans_into_flat_rows ... ok

test result: ok. 1 passed; 0 failed; 0 ignored; 0 measured; 0 filtered out; finished in 0.00s

     Running tests/issue_375_multi_level_header_test.rs (/tmp/oxidize-639-final-target/debug/deps/issue_375_multi_level_header_test-956594727b5d8a87)

running 1 test
test ruling_partition_emits_rich_structure_with_merged_header ... ok

test result: ok. 1 passed; 0 failed; 0 ignored; 0 measured; 0 filtered out; finished in 0.00s

     Running tests/issue_375_text_conservation_test.rs (/tmp/oxidize-639-final-target/debug/deps/issue_375_text_conservation_test-d2b0eadadf0731e3)

running 3 tests
test spatial_table_does_not_drop_interior_prose ... ok
test spatial_table_drops_column_jitter_outliers ... ok
test partition_conserves_page_text_default_config ... ok

test result: ok. 3 passed; 0 failed; 0 ignored; 0 measured; 0 filtered out; finished in 0.52s

     Running tests/issue_376_contextual_chunks.rs (/tmp/oxidize-639-final-target/debug/deps/issue_376_contextual_chunks-8bdb4d4655494f70)

running 7 tests
test chunk_id_is_mode_independent_when_doc_hash_set ... ok
test contextual_without_source_is_section_only ... ok
test contextual_is_deterministic ... ok
test mode_contextual_labeled_prefix_and_clean_text ... ok
test mode_contextual_prose_prefix ... ok
test mode_heading_matches_legacy_behavior ... ok
test mode_none_full_text_equals_text ... ok

test result: ok. 7 passed; 0 failed; 0 ignored; 0 measured; 0 filtered out; finished in 0.00s

     Running tests/issue_377_token_counter_test.rs (/tmp/oxidize-639-final-target/debug/deps/issue_377_token_counter_test-b1bf3c86b6920cdb)

running 5 tests
test default_semantic_chunker_stamps_word_count ... ok
test semantic_with_token_counter_builder_exists ... ok
test default_hybrid_chunker_stamps_word_count ... ok
test with_token_counter_accepts_word_proxy_explicitly ... ok
test rag_chunks_with_counter_word_proxy_parity ... ok

test result: ok. 5 passed; 0 failed; 0 ignored; 0 measured; 0 filtered out; finished in 0.01s

     Running tests/issue_379_encrypt_metadata_test.rs (/tmp/oxidize-639-final-target/debug/deps/issue_379_encrypt_metadata_test-6a9c85163c2186c4)

running 4 tests
test rc4_128_cleartext_metadata_empty_user_unlocks ... ok
test aes128_cleartext_metadata_empty_user_unlocks ... ok
test aes128_cleartext_metadata_user_password_unlocks ... ok
test rc4_128_cleartext_metadata_user_password_unlocks ... ok

test result: ok. 4 passed; 0 failed; 0 ignored; 0 measured; 0 filtered out; finished in 0.02s

     Running tests/issue_380_aes256_owner_hash_test.rs (/tmp/oxidize-639-final-target/debug/deps/issue_380_aes256_owner_hash_test-d5afcff41989123b)

running 5 tests
test written_aes256_opens_by_owner_password_and_decrypts_content ... ok
test qpdf_aes256_r5_owner_password_decrypts_to_base_content ... ok
test qpdf_aes256_r5_empty_user_owner_password_decrypts_to_base_content ... ok
test qpdf_aes256_r6_owner_password_decrypts_to_base_content ... ok
test qpdf_aes256_r6_empty_user_owner_password_decrypts_to_base_content ... ok

test result: ok. 5 passed; 0 failed; 0 ignored; 0 measured; 0 filtered out; finished in 1.76s

     Running tests/issue_381_tj_newline_test.rs (/tmp/oxidize-639-final-target/debug/deps/issue_381_tj_newline_test-06ac0f60d387299d)

running 5 tests
test tj_then_tj_on_same_line_stay_joined ... ok
test tj_pieces_of_one_word_on_same_line_are_not_split ... ok
test tj_blocks_on_different_lines_get_a_newline ... ok
test tj_updates_position_so_following_tj_measures_correctly ... ok
test tj_then_bare_tj_on_different_line_gets_newline ... ok

test result: ok. 5 passed; 0 failed; 0 ignored; 0 measured; 0 filtered out; finished in 0.00s

     Running tests/issue_382_extract_page_byte_limit.rs (/tmp/oxidize-639-final-target/debug/deps/issue_382_extract_page_byte_limit-e9d263b1d62a2225)

running 6 tests
test test_zero_budget_and_empty_page ... ok
test test_bounds_flat_text_and_sets_flag ... ok
test test_actualtext_scope_respects_budget ... ok
test test_never_splits_utf8 ... ok
test test_composes_with_document_budget ... ok
test test_bounds_reorder_and_preserve_layout ... ok

test result: ok. 6 passed; 0 failed; 0 ignored; 0 measured; 0 filtered out; finished in 0.01s

     Running tests/issue_386_tz_pen_advance_test.rs (/tmp/oxidize-639-final-target/debug/deps/issue_386_tz_pen_advance_test-254214d0e7afc8bc)

running 4 tests
test unscaled_flush_text_still_joins ... ok
test ctm_scaled_flush_text_gets_no_spurious_space ... ok
test tz_scaled_wide_gap_still_spaces ... ok
test tz_scaled_flush_text_gets_no_spurious_space ... ok

test result: ok. 4 passed; 0 failed; 0 ignored; 0 measured; 0 filtered out; finished in 0.00s

     Running tests/issue_389_flat_reorder_columns_test.rs (/tmp/oxidize-639-final-target/debug/deps/issue_389_flat_reorder_columns_test-1ca13ec662af8fb3)

running 5 tests
test reorder_columns_preserves_wide_tj_kern_space ... ok
test reorder_columns_keeps_column_tokens_adjacent ... ok
test reorder_columns_leaves_fragments_empty ... ok
test default_flat_still_interleaves_columns ... ok
test single_column_reorder_matches_plain_flat ... ok

test result: ok. 5 passed; 0 failed; 0 ignored; 0 measured; 0 filtered out; finished in 0.00s

     Running tests/issue_390_flat_line_wrap_test.rs (/tmp/oxidize-639-final-target/debug/deps/issue_390_flat_line_wrap_test-9170161d7ec154a8)

running 3 tests
test same_line_forward_pieces_do_not_get_spurious_newline ... ok
test tj_operator_line_wrap_below_threshold_gets_newline ... ok
test tj_line_wrap_below_threshold_gets_newline ... ok

test result: ok. 3 passed; 0 failed; 0 ignored; 0 measured; 0 filtered out; finished in 0.00s

     Running tests/issue_392_unicode_keyed_cyrillic_test.rs (/tmp/oxidize-639-final-target/debug/deps/issue_392_unicode_keyed_cyrillic_test-622d760c3081c5f3)

running 3 tests
test font_missing_glyphs_matches_renderability ... ok
test unicode_keyed_font_emits_type0_not_single_byte ... ok
test unicode_keyed_font_roundtrips_cyrillic ... ok

test result: ok. 3 passed; 0 failed; 0 ignored; 0 measured; 0 filtered out; finished in 0.03s

     Running tests/issue_395_font_collision_test.rs (/tmp/oxidize-639-final-target/debug/deps/issue_395_font_collision_test-6e045fe85a09034b)

running 3 tests
test non_base14_key_cross_line_content_not_corrupted ... ok
test base14_key_collision_cross_line_content ... ok
test base14_key_collision_simple_content ... ok

test result: ok. 3 passed; 0 failed; 0 ignored; 0 measured; 0 filtered out; finished in 0.00s

     Running tests/issue_403_column_scope_test.rs (/tmp/oxidize-639-final-target/debug/deps/issue_403_column_scope_test-530a36bc79b49f02)

running 3 tests
test negative_x_fragment_in_columnar_block_does_not_panic ... ok
test multiline_columns_still_reflow_column_major ... ok
test mixed_table_and_prose_keeps_prose_token_intact ... ok

test result: ok. 3 passed; 0 failed; 0 ignored; 0 measured; 0 filtered out; finished in 0.00s

     Running tests/issue_408_dense_prose_reorder_test.rs (/tmp/oxidize-639-final-target/debug/deps/issue_408_dense_prose_reorder_test-30cd47f7af582d26)

running 2 tests
test dense_prose_preserve_layout_keeps_lines_intact ... ok
test dense_prose_reorder_columns_keeps_lines_intact ... ok

test result: ok. 2 passed; 0 failed; 0 ignored; 0 measured; 0 filtered out; finished in 0.00s

     Running tests/issue_415_indirect_kids_test.rs (/tmp/oxidize-639-final-target/debug/deps/issue_415_indirect_kids_test-83106673fe1ff0b8)

running 5 tests
test indirect_count_resolves_in_reader_page_count ... ok
test indirect_kids_yields_correct_page_count ... ok
test indirect_kids_does_not_break_pdfa_page_iteration ... ok
test indirect_kids_extracts_document_text ... ok
test indirect_kids_resolves_in_get_page ... ok

test result: ok. 5 passed; 0 failed; 0 ignored; 0 measured; 0 filtered out; finished in 0.00s

     Running tests/issue_417_column_line_grouping_test.rs (/tmp/oxidize-639-final-target/debug/deps/issue_417_column_line_grouping_test-ed717357de17c1aa)

running 4 tests
test normal_pitch_two_columns_reflow_column_major ... ok
test tight_pitch_two_columns_stay_in_reading_order_accepted_limitation ... ok
test flat_extraction_keeps_identifiers_intact ... ok
test reorder_columns_keeps_identifiers_intact_on_tight_leading ... ok

test result: ok. 4 passed; 0 failed; 0 ignored; 0 measured; 0 filtered out; finished in 0.01s

     Running tests/issue_422_column_boundary_alignment_test.rs (/tmp/oxidize-639-final-target/debug/deps/issue_422_column_boundary_alignment_test-973cfdc4a2907c5a)

running 5 tests
test misaligned_beyond_tolerance_stays_reading_order ... ok
test aligned_within_tolerance_merges_column_major ... ok
test reorder_columns_keeps_token_intact_on_misaligned_form ... ok
test aligned_two_columns_still_reflow_column_major ... ok
test reorder_columns_preserves_reading_order_on_misaligned_form ... ok

test result: ok. 5 passed; 0 failed; 0 ignored; 0 measured; 0 filtered out; finished in 0.00s

     Running tests/issue_427_char_boundary_test.rs (/tmp/oxidize-639-final-target/debug/deps/issue_427_char_boundary_test-46e3bb61f66a39c0)

running 1 test
test malformed_catalog_scan_does_not_panic_on_invalid_utf8 ... ok

test result: ok. 1 passed; 0 failed; 0 ignored; 0 measured; 0 filtered out; finished in 0.00s

     Running tests/issue_441_same_line_backward_jump_test.rs (/tmp/oxidize-639-final-target/debug/deps/issue_441_same_line_backward_jump_test-5763b72f2ebf72f9)

running 3 tests
test tj_operator_same_line_backward_jump_gets_no_newline ... ok
test tj_array_same_line_backward_jump_gets_no_newline ... ok
test backward_jump_with_small_nonzero_dy_still_breaks_line ... ok

test result: ok. 3 passed; 0 failed; 0 ignored; 0 measured; 0 filtered out; finished in 0.00s

     Running tests/issue_447_same_y_wrap_test.rs (/tmp/oxidize-639-final-target/debug/deps/issue_447_same_y_wrap_test-05d45a95e930634c)

running 5 tests
test same_y_backward_above_bound_breaks_line ... ok
test same_y_backward_below_bound_stays_on_one_line ... ok
test tj_array_same_y_full_line_wrap_gets_newline ... ok
test negative_font_size_does_not_flip_the_wrap_bound ... ok
test tj_same_y_full_line_wrap_gets_newline ... ok

test result: ok. 5 passed; 0 failed; 0 ignored; 0 measured; 0 filtered out; finished in 0.00s

     Running tests/issue_448_reading_order_wiring_test.rs (/tmp/oxidize-639-final-target/debug/deps/issue_448_reading_order_wiring_test-d7d470d1f0f91629)

running 4 tests
test flag_off_leaves_stream_order_untouched ... ok
test flag_on_reorders_sections_top_before_bottom ... ok
test flag_on_reorders_columns_left_before_right ... ok
test identity_permutation_is_byte_identical ... ok

test result: ok. 4 passed; 0 failed; 0 ignored; 0 measured; 0 filtered out; finished in 0.00s

     Running tests/issue_452_text_state_graphics_state_test.rs (/tmp/oxidize-639-final-target/debug/deps/issue_452_text_state_graphics_state_test-3d5da5a024952264)

running 10 tests
test both_public_extractors_restore_the_leading_on_q ... ok
test a_q_block_inside_a_text_object_restores_state_without_moving_the_pen ... ok
test q_restores_the_font_size_set_inside_the_block ... ok
test a_form_xobject_does_not_leak_its_text_state_into_the_page ... ok
test an_unbalanced_q_inside_a_form_xobject_cannot_consume_the_pages_saved_state ... ok
test nested_q_blocks_restore_their_own_leading_at_each_level ... ok
test an_unbalanced_q_does_not_break_either_extractor ... ok
test q_restores_the_horizontal_scale_set_inside_the_block ... ok
test q_restores_the_initial_leading_when_none_was_set_outside ... ok
test q_restores_the_leading_set_inside_the_block ... ok

test result: ok. 10 passed; 0 failed; 0 ignored; 0 measured; 0 filtered out; finished in 0.00s

     Running tests/issue_453_page_ops_preserve_content_test.rs (/tmp/oxidize-639-final-target/debug/deps/issue_453_page_ops_preserve_content_test-ffdc937fbbeb62e7)

running 4 tests
test extract_page_preserves_text_and_images ... ok
test reorder_preserves_text_and_images ... ok
test rotate_sets_native_rotate_and_preserves_content ... ok
test split_preserves_text_and_images ... ok

test result: ok. 4 passed; 0 failed; 0 ignored; 0 measured; 0 filtered out; finished in 1.02s

     Running tests/issue_453_text_streamer_positioning_test.rs (/tmp/oxidize-639-final-target/debug/deps/issue_453_text_streamer_positioning_test-d90c7f123b4687a6)

running 2 tests
test text_streamer_apostrophe_operator_moves_to_next_line ... ok
test text_streamer_honors_td_tstar_tm_positioning ... ok

test result: ok. 2 passed; 0 failed; 0 ignored; 0 measured; 0 filtered out; finished in 0.00s

     Running tests/issue_455_graphics_state_stack_cap_test.rs (/tmp/oxidize-639-final-target/debug/deps/issue_455_graphics_state_stack_cap_test-bc3c7d669067bbc4)

running 5 tests
test the_overflow_count_does_not_cross_a_form_xobject_boundary ... ok
test the_plain_extractor_also_keeps_q_and_q_paired_under_a_flood ... ok
test the_levels_within_the_cap_still_restore_exactly ... ok
test q_operators_matching_dropped_pushes_restore_nothing ... ok
test unbalanced_q_after_a_flood_does_not_break_extraction ... ok

test result: ok. 5 passed; 0 failed; 0 ignored; 0 measured; 0 filtered out; finished in 0.01s

     Running tests/issue_456_text_state_params_test.rs (/tmp/oxidize-639-final-target/debug/deps/issue_456_text_state_params_test-5c402b4876372855)

running 5 tests
test word_spacing_advances_pen_once_per_space ... ok
test char_spacing_advances_pen_once_per_glyph ... ok
test char_spacing_advances_pen_in_show_text_array ... ok
test text_rise_offsets_the_baseline_y ... ok
test word_spacing_does_not_advance_on_non_space_glyphs ... ok

test result: ok. 5 passed; 0 failed; 0 ignored; 0 measured; 0 filtered out; finished in 0.00s

     Running tests/issue_458_tj_boundary_space_test.rs (/tmp/oxidize-639-final-target/debug/deps/issue_458_tj_boundary_space_test-6d12b092a1d8fbbc)

running 16 tests
test a_leading_kern_produces_one_space_not_two ... ok
test a_small_leading_kern_does_not_mask_a_real_boundary_gap ... ok
test a_gap_below_the_threshold_leaves_the_runs_welded ... ok
test a_hairline_gap_between_two_tj_operators_does_not_break_the_word ... ok
test a_gap_above_the_threshold_splits_the_runs ... ok
test a_narrow_font_change_boundary_becomes_a_space ... ok
test a_gap_between_two_tj_operators_on_one_line_becomes_a_space ... ok
test a_subthreshold_font_change_boundary_stays_welded ... ok
test a_trailing_kern_followed_by_another_array_produces_one_space_not_two ... ok
test ctm_scaling_does_not_turn_a_small_tj_boundary_residue_into_a_space ... ok
test tm_scaling_does_not_turn_a_small_tj_boundary_residue_into_a_space ... ok
test kerning_inside_one_tj_array_is_left_to_the_spacing_rule ... ok
test issue_458_multi_column_table_cells_are_not_fused ... ok
test tm_scaling_preserves_a_real_tj_boundary_space ... ok
test form_xobject_preserves_the_last_shown_font_for_tj_boundaries ... ok
test horizontal_text_scaling_is_included_in_the_tj_boundary_threshold ... ok

test result: ok. 16 passed; 0 failed; 0 ignored; 0 measured; 0 filtered out; finished in 0.00s

     Running tests/issue_459_literal_binary_string_test.rs (/tmp/oxidize-639-final-target/debug/deps/issue_459_literal_binary_string_test-a53a2515ef8942a2)

running 5 tests
test a_literal_string_reaches_the_object_model_as_the_bytes_the_file_holds ... ok
test utf16be_metadata_decodes_through_the_same_boundary ... ok
test winansi_metadata_still_decodes_to_text_when_the_bytes_are_preserved ... ok
test a_malformed_encryption_entry_is_reported_as_such_instead_of_as_a_wrong_password ... ok
test an_encrypted_document_whose_u_entry_is_a_literal_string_unlocks_with_the_empty_password ... ok

test result: ok. 5 passed; 0 failed; 0 ignored; 0 measured; 0 filtered out; finished in 0.11s

     Running tests/issue_459_padded_password_entries_test.rs (/tmp/oxidize-639-final-target/debug/deps/issue_459_padded_password_entries_test-af14c19fa5b7a98b)

running 7 tests
test an_entry_shorter_than_the_spec_length_is_reported_as_malformed_not_as_a_wrong_password ... ok
test r5_empty_user_password_recovers_the_same_key_from_a_padded_u_entry ... ok
test r5_owner_password_recovers_the_same_key_from_padded_o_and_u_entries ... ok
test a_padded_entry_still_rejects_a_wrong_password ... ok
test r6_empty_user_password_recovers_the_same_key_from_a_padded_u_entry ... ok
test trailing_bytes_of_a_padded_entry_are_ignored_even_when_they_are_not_zero ... ok
test r6_owner_password_recovers_the_same_key_from_padded_o_and_u_entries ... ok

test result: ok. 7 passed; 0 failed; 0 ignored; 0 measured; 0 filtered out; finished in 0.30s

     Running tests/issue_459_text_string_consumers_test.rs (/tmp/oxidize-639-final-target/debug/deps/issue_459_text_string_consumers_test-2fd945af67b1ca9c)

running 2 tests
test signature_metadata_written_in_pdfdocencoding_reaches_the_caller_as_text ... ok
test an_acroform_field_named_with_accents_is_still_addressable_by_that_name ... ok

test result: ok. 2 passed; 0 failed; 0 ignored; 0 measured; 0 filtered out; finished in 0.00s

     Running tests/issue_465_smask_preservation_test.rs (/tmp/oxidize-639-final-target/debug/deps/issue_465_smask_preservation_test-8e8ef6ced85a9e1a)

running 3 tests
test extract_page_preserves_smask ... ok
test merge_preserves_smask ... ok
test split_preserves_smask ... ok

test result: ok. 3 passed; 0 failed; 0 ignored; 0 measured; 0 filtered out; finished in 0.51s

     Running tests/issue_476_carriage_return_policy_test.rs (/tmp/oxidize-639-final-target/debug/deps/issue_476_carriage_return_policy_test-12e0f8510c8edd1c)

running 4 tests
test extraction_removes_standalone_cr_and_normalizes_crlf_by_default ... ok
test extraction_can_remove_carriage_returns ... ok
test extraction_can_replace_carriage_returns_with_spaces ... ok
test cmap_decoding_applies_the_selected_carriage_return_policy ... ok

test result: ok. 4 passed; 0 failed; 0 ignored; 0 measured; 0 filtered out; finished in 0.00s

     Running tests/issue_476_stray_cr_test.rs (/tmp/oxidize-639-final-target/debug/deps/issue_476_stray_cr_test-d20d0d5993dd7a08)

running 3 tests
test a_stray_cr_mid_word_in_a_tj_string_does_not_split_the_word ... ok
test a_stray_cr_split_across_two_tj_calls_obeys_the_space_policy ... ok
test a_genuine_crlf_pair_in_a_tj_string_collapses_to_a_single_newline ... ok

test result: ok. 3 passed; 0 failed; 0 ignored; 0 measured; 0 filtered out; finished in 0.00s

     Running tests/issue_477_text_render_mode_test.rs (/tmp/oxidize-639-final-target/debug/deps/issue_477_text_render_mode_test-d02dd116c9b23442)

running 5 tests
test q_restores_the_outer_render_mode ... ok
test malformed_render_modes_fall_back_without_integer_truncation ... ok
test extraction_exposes_every_text_rendering_mode_without_dropping_invisible_text ... ok
test actualtext_fragment_preserves_the_render_mode_of_its_glyph_run ... ok
test reconstruction_does_not_fuse_visible_and_invisible_runs ... ok

test result: ok. 5 passed; 0 failed; 0 ignored; 0 measured; 0 filtered out; finished in 0.00s

     Running tests/issue_482_preserve_layout_interleave_test.rs (/tmp/oxidize-639-final-target/debug/deps/issue_482_preserve_layout_interleave_test-7f2351a34743b2c8)

running 6 tests
test hyphenated_wrap_without_interleaving_fragment_still_merges_normally ... ok
test marked_content_regions_do_not_interleave_when_y_ranges_overlap ... ok
test same_line_hyphen_is_not_treated_as_a_wrap ... ok
test hyphenated_wrap_survives_an_unrelated_fragment_sorted_between_its_two_lines ... ok
test hyphen_prefusion_does_not_cross_an_mcid_region_boundary ... ok
test non_hyphenated_overlay_does_not_interleave_with_an_earlier_flow ... ok

test result: ok. 6 passed; 0 failed; 0 ignored; 0 measured; 0 filtered out; finished in 0.00s

     Running tests/issue_486_flat_hyphen_merge_test.rs (/tmp/oxidize-639-final-target/debug/deps/issue_486_flat_hyphen_merge_test-d77cc340576ef179)

running 7 tests
test same_line_hyphen_is_not_merged_across_an_unrelated_boundary ... ok
test quote_operator_hyphenated_line_wrap_merges ... ok
test merge_hyphenated_false_disables_flat_path_fusion ... ok
test double_quote_operator_hyphenated_line_wrap_merges ... ok
test tj_array_hyphenated_line_wrap_merges_on_the_flat_path ... ok
test tj_hyphenated_line_wrap_merges_on_the_flat_path ... ok
test trailing_horizontal_whitespace_after_a_hyphen_does_not_block_flat_fusion ... ok

test result: ok. 7 passed; 0 failed; 0 ignored; 0 measured; 0 filtered out; finished in 0.00s

     Running tests/issue_492_aes256_perms_interop_test.rs (/tmp/oxidize-639-final-target/debug/deps/issue_492_aes256_perms_interop_test-2f9ddda4e79aec24)

running 4 tests
test qpdf_checks_and_linearizes_generated_aes256_r5_pdf ... ignored, requires qpdf; exercised by the Ubuntu CI interoperability step
test aes256_dictionary_rejects_a_perms_entry_with_the_wrong_size ... ok
test r5_uses_the_revision_neutral_perms_api ... ok
test aes256_r5_dictionary_contains_binary_perms_entry ... ok

test result: ok. 3 passed; 0 failed; 1 ignored; 0 measured; 0 filtered out; finished in 0.00s

     Running tests/issue_493_incremental_text_notes_test.rs (/tmp/oxidize-639-final-target/debug/deps/issue_493_incremental_text_notes_test-7224dfc32f93c79b)

running 13 tests
test qpdf_accepts_incremental_text_note_revision ... ignored, requires qpdf; exercised by the Ubuntu CI interoperability step
test rejects_annotation_identity_referenced_from_multiple_pages ... ok
test lists_only_indirect_text_notes_with_stable_ids ... ok
test invalid_mutation_rejects_the_whole_batch ... ok
test empty_batch_is_a_true_noop ... ok
test rejects_annots_array_shared_by_multiple_pages ... ok
test rejects_exhausted_indirect_object_number_space_without_panicking ... ok
test update_preserves_unknown_real_values_without_rounding ... ok
test add_supports_inline_and_missing_annots_arrays ... ok
test mixed_batch_is_one_atomic_incremental_revision ... ok
test remove_drops_only_the_target_reference ... ok
test rejects_invalid_values_duplicate_targets_and_non_text_ids ... ok
test rejects_encrypted_pdfs_inline_text_notes_and_out_of_bounds_rectangles ... ok

test result: ok. 12 passed; 0 failed; 1 ignored; 0 measured; 0 filtered out; finished in 0.01s

     Running tests/issue_495_flat_grid_order_test.rs (/tmp/oxidize-639-final-target/debug/deps/issue_495_flat_grid_order_test-571ba726fb1cde61)

running 3 tests
test separate_text_objects_do_not_turn_same_line_repositioning_into_a_wrap ... ok
test separate_tj_array_objects_use_the_same_grid_boundary ... ok
test separate_tj_objects_do_not_fuse_backward_positioned_grid_cells ... ok

test result: ok. 3 passed; 0 failed; 0 ignored; 0 measured; 0 filtered out; finished in 0.00s

     Running tests/issue_496_cid_width_lookup_test.rs (/tmp/oxidize-639-final-target/debug/deps/issue_496_cid_width_lookup_test-0fc659e54ce0bdfa)

running 7 tests
test oversized_w_range_does_not_hang_or_allocate_unboundedly ... ok
test preserve_layout_path_also_benefits_from_cid_widths ... ok
test flat_path_uses_the_mapped_type0_space_cid_width_for_narrow_word_gaps ... ok
test wide_cid_glyph_does_not_get_a_spurious_space_when_w_is_present ... ok
test dw_only_no_w_array_is_honored ... ok
test real_widths_fix_the_wide_cid_and_expose_the_narrow_word_gap ... ok
test missing_dw_uses_the_normative_1000_unit_default ... ok

test result: ok. 7 passed; 0 failed; 0 ignored; 0 measured; 0 filtered out; finished in 0.00s

     Running tests/issue_498_tagged_actual_text_test.rs (/tmp/oxidize-639-final-target/debug/deps/issue_498_tagged_actual_text_test-71d54d675cb91cfb)

running 5 tests
test rejects_a_structure_reference_to_an_unknown_mcid ... ok
test rejects_a_structure_reference_to_an_unknown_page ... ok
test rejects_an_mcid_owned_by_multiple_structure_elements ... ok
test actual_text_mcid_is_connected_through_the_parent_tree ... ok
test parent_tree_maps_multiple_pages_and_preserves_mcid_holes ... ok

test result: ok. 5 passed; 0 failed; 0 ignored; 0 measured; 0 filtered out; finished in 0.00s

     Running tests/issue_500_type0_implicit_space_test.rs (/tmp/oxidize-639-final-target/debug/deps/issue_500_type0_implicit_space_test-cfdd52f6a849df92)

running 6 tests
test identity_h_uses_declared_narrow_width_as_an_implicit_space_lower_bound ... ok
test non_identity_cmap_uses_cid_widths_without_guessing_a_space_cid ... ok
test malformed_tiny_width_is_bounded_by_the_geometric_floor ... ok
test backward_overlay_does_not_gain_a_space ... ok
test tight_urls_and_identifiers_are_not_split ... ok
test sub_floor_positioning_residue_never_splits_an_identifier ... ok

test result: ok. 6 passed; 0 failed; 0 ignored; 0 measured; 0 filtered out; finished in 0.06s

     Running tests/issue_506_struct_actual_text_test.rs (/tmp/oxidize-639-final-target/debug/deps/issue_506_struct_actual_text_test-610d03aa55db8240)

running 10 tests
test cyclic_parent_tree_falls_back_to_visual_text ... ok
test invalid_mcid_falls_back_to_visual_text ... ok
test malformed_parent_tree_falls_back_to_visual_text ... ok
test resolves_parent_tree_kids_and_indirect_owner ... ok
test form_xobject_uses_its_own_structparents_context ... ok
test overdeep_parent_tree_falls_back_to_visual_text ... ok
test resolves_inline_and_structure_actualtext_with_inline_precedence ... ok
test structure_actualtext_replaces_visual_text_in_flat_extraction ... ok
test structure_actualtext_cannot_bypass_the_page_byte_budget ... ok
test oversized_parent_tree_stops_at_the_node_limit ... ok

test result: ok. 10 passed; 0 failed; 0 ignored; 0 measured; 0 filtered out; finished in 0.09s

     Running tests/issue_509_type3_charprocs_test.rs (/tmp/oxidize-639-final-target/debug/deps/issue_509_type3_charprocs_test-4e2666835d37d939)

running 8 tests
test bounded_decode_limits_output_not_ascii_encoded_input ... ok
test bounded_decode_rejects_filters_without_a_bounded_decoder ... ok
test bounded_decode_stops_ascii85_expansion_during_output ... ok
test non_type3_font_is_rejected ... ok
test bounded_decode_stops_flate_expansion_at_the_local_limit ... ok
test d0_metrics_are_exposed_without_changing_content_operation ... ok
test malformed_charproc_is_rejected_with_glyph_context ... ok
test resolves_opaque_control_code_to_parsed_charproc ... ok

test result: ok. 8 passed; 0 failed; 0 ignored; 0 measured; 0 filtered out; finished in 0.00s

     Running tests/issue_510_tm_scaled_space_threshold_test.rs (/tmp/oxidize-639-final-target/debug/deps/issue_510_tm_scaled_space_threshold_test-218b0fda2350254d)

running 3 tests
test ctm_only_scaling_is_included_in_the_space_threshold ... ok
test horizontal_text_scaling_is_included_in_the_space_threshold ... ok
test small_forward_residue_between_simple_font_runs_at_font_size_1_is_not_a_space ... ok

test result: ok. 3 passed; 0 failed; 0 ignored; 0 measured; 0 filtered out; finished in 0.00s

     Running tests/issue_513_resolved_parser_fonts_test.rs (/tmp/oxidize-639-final-target/debug/deps/issue_513_resolved_parser_fonts_test-58ac6e3658ad8f5c)

running 15 tests
test rejects_circular_font_resource_without_panicking ... ok
test decodes_win_ansi_without_confusing_code_and_unicode ... ok
test rejects_non_cid_descendant_in_type0_font ... ok
test rejects_type0_font_without_required_encoding ... ok
test rejects_odd_cid_to_gid_map_without_panicking ... ok
test exposes_type3_through_the_coherent_resource_model ... ok
test resolves_cidfont_type0_open_type_program_and_vertical_mode ... ok
test resolves_non_identity_encoding_cmap_and_default_identity_gid ... ok
test resolves_inherited_identity_type2_into_renderer_glyphs ... ok
test type3_uses_tounicode_when_decoding_glyphs ... ok
test utf16_encoding_preserves_unicode_without_tounicode ... ok
test unmapped_composite_code_uses_default_cid_width ... ok
test rejects_oversized_cid_to_gid_map_after_bounded_decompression ... ok
test resolves_symbol_difference_as_a_bullet_not_latin_x ... ok
test rejects_oversized_embedded_font_after_bounded_decompression ... ok

test result: ok. 15 passed; 0 failed; 0 ignored; 0 measured; 0 filtered out; finished in 0.36s

     Running tests/issue_514_indirect_decode_parms_test.rs (/tmp/oxidize-639-final-target/debug/deps/issue_514_indirect_decode_parms_test-fc5422ef71eee10a)

running 6 tests
test filter_array_resolves_its_indirect_parameter_entry ... ok
test circular_indirect_decode_parms_is_an_error ... ok
test missing_indirect_decode_parms_is_an_error ... ok
test bounded_decode_keeps_the_existing_output_limit ... ok
test non_dictionary_decode_parms_is_an_error ... ok
test indirect_decode_parms_matches_inline_predictor_output ... ok

test result: ok. 6 passed; 0 failed; 0 ignored; 0 measured; 0 filtered out; finished in 0.00s

     Running tests/issue_516_in_memory_image_extraction_test.rs (/tmp/oxidize-639-final-target/debug/deps/issue_516_in_memory_image_extraction_test-a87d1ebc1fbaf957)

running 8 tests
test inline_binary_offsets_are_applied_to_the_original_bytes ... ok
test enforces_the_image_count_limit_before_visiting ... ok
test rejects_pixel_limit_before_decoding_image_data ... ok
test extracts_image_bytes_without_touching_the_filesystem ... ok
test visitor_error_stops_extraction_immediately ... ok
test extracts_one_page_in_memory ... ok
test enforces_per_image_and_total_encoded_byte_limits ... ok
test file_api_persists_the_same_bytes_produced_by_the_memory_core ... ok

test result: ok. 8 passed; 0 failed; 0 ignored; 0 measured; 0 filtered out; finished in 0.00s

     Running tests/issue_521_merge_fp_residue_test.rs (/tmp/oxidize-639-final-target/debug/deps/issue_521_merge_fp_residue_test-397d5dca96460d46)

running 1 test
test contiguous_afm_positioned_runs_merge_despite_floating_point_residue ... ok

test result: ok. 1 passed; 0 failed; 0 ignored; 0 measured; 0 filtered out; finished in 0.00s

     Running tests/issue_523_standard14_encoding_widths_test.rs (/tmp/oxidize-639-final-target/debug/deps/issue_523_standard14_encoding_widths_test-9dad6699fc09a483)

running 1 test
test pdf_font_dictionaries_drive_standard14_afm_widths ... ok

test result: ok. 1 passed; 0 failed; 0 ignored; 0 measured; 0 filtered out; finished in 0.01s

     Running tests/issue_525_incremental_highlights_test.rs (/tmp/oxidize-639-final-target/debug/deps/issue_525_incremental_highlights_test-fc47942f78a94a6c)

running 8 tests
test qpdf_accepts_classic_and_xref_stream_highlight_revisions ... ignored, requires qpdf; exercised by the Ubuntu CI interoperability step
test empty_batch_is_a_true_noop ... ok
test rejects_invalid_geometry_color_page_and_identity_atomically ... ok
test repeated_updates_preserve_classic_xref_revisions ... ok
test repeated_updates_preserve_xref_stream_revisions ... ok
test reads_adds_multiline_and_removes_highlights_without_touching_other_annotations ... ok
test reads_all_pages_indirect_annots_and_nonzero_generations ... ok
test rejects_malformed_inline_and_encrypted_documents ... ok

test result: ok. 7 passed; 0 failed; 1 ignored; 0 measured; 0 filtered out; finished in 0.01s

     Running tests/issue_526_signature_validation_test.rs (/tmp/oxidize-639-final-target/debug/deps/issue_526_signature_validation_test-f56769a2aa54e4fb)

running 18 tests
test incomplete_chain_fails_closed ... ok
test byte_range_exclusion_must_be_the_actual_cms_contents ... ok
test malformed_byte_ranges_fail_before_cryptographic_validation ... ok
test malformed_crl_is_rejected_at_the_trust_boundary ... ok
test altered_signed_attributes_break_the_cryptographic_signature ... ok
test altered_message_digest_fails_closed ... ok
test altered_signed_content_invalidates_only_document_integrity ... ok
test complete_chain_builds_to_explicit_trust_anchor ... ok
test certificate_without_digital_signature_usage_is_rejected ... ok
test chain_order_is_irrelevant_but_missing_intermediate_is_not ... ok
test untrusted_self_signed_signer_is_not_trusted ... ok
test validity_is_checked_at_the_requested_time ... ok
test openssl_rsa_and_ecdsa_signed_attributes_verify ... ok
test revoked_signer_fails_closed_with_an_explicit_status ... ok
test valid_crl_makes_the_chain_fully_valid ... ok
test mutation_inside_the_signed_ranges_breaks_integrity ... ok
test post_signature_bytes_are_reported_separately_from_integrity ... ok
test real_pdf_signature_passes_the_complete_validation_pipeline ... ok

test result: ok. 18 passed; 0 failed; 0 ignored; 0 measured; 0 filtered out; finished in 0.06s

     Running tests/issue_531_lossless_page_reorder_test.rs (/tmp/oxidize-639-final-target/debug/deps/issue_531_lossless_page_reorder_test-912ed2765eb7e45c)

running 9 tests
test rejects_malformed_parent_links_and_page_counts ... ok
test rejects_non_permutations_without_replacing_existing_destination ... ok
test rejects_encrypted_documents ... ok
test flat_tree_rewrites_only_the_page_tree_root ... ok
test atomically_replaces_the_input_when_paths_are_identical ... ok
test permits_ordinary_approval_signatures ... ok
test nested_tree_reorder_preserves_prefix_ids_and_effective_inheritance ... ok
test accepts_a_source_with_an_existing_incremental_revision ... ok
test supports_xref_stream_sources_and_emits_an_incremental_xref_stream ... ok

test result: ok. 9 passed; 0 failed; 0 ignored; 0 measured; 0 filtered out; finished in 18.33s

     Running tests/issue_532_docmdp_permissions_test.rs (/tmp/oxidize-639-final-target/debug/deps/issue_532_docmdp_permissions_test-83284e9735c1aed4)

running 10 tests
test rejects_a_certification_dictionary_redefined_after_signing ... ok
test rejects_docmdp_without_catalog_certification_entry ... ok
test rejects_conflicting_certification_signatures ... ok
test rejects_page_reordering_for_every_docmdp_permission_level ... ok
test rejects_malformed_or_unsupported_transform_parameters ... ok
test qpdf_accepts_the_certification_fixture_when_available ... ok
test rejects_a_cryptographically_intact_certification_signature ... ok
test certification_fixture_hash_and_rsa_signature_are_intact ... ok
test permits_a_real_cryptographically_intact_approval_signature ... ok
test permits_multiple_approval_signatures_and_later_incremental_revisions ... ok

test result: ok. 10 passed; 0 failed; 0 ignored; 0 measured; 0 filtered out; finished in 0.02s

     Running tests/issue_534_incremental_free_text_test.rs (/tmp/oxidize-639-final-target/debug/deps/issue_534_incremental_free_text_test-1a29579336890b62)

running 10 tests
test qpdf_accepts_classic_and_xref_stream_free_text_revisions ... ignored, requires qpdf; exercised by the Ubuntu CI interoperability step
test reads_free_text_with_stable_identity_and_default_alignment ... ok
test empty_batch_is_a_true_noop ... ok
test preserves_nonzero_generation_identities ... ok
test mixed_batch_is_atomic_round_trips_unicode_and_preserves_unknown_keys ... ok
test add_and_remove_update_indirect_annots_without_rewriting_other_annotations ... ok
test supports_xref_stream_inputs_and_emits_a_reopenable_incremental_revision ... ok
test rejects_malformed_inline_and_encrypted_inputs ... ok
test rejects_invalid_properties_pages_stale_ids_and_conflicting_batches ... ok
test enforces_docmdp_and_preserves_approval_signed_prefixes ... ok

test result: ok. 9 passed; 0 failed; 1 ignored; 0 measured; 0 filtered out; finished in 0.03s

     Running tests/issue_536_incremental_ink_test.rs (/tmp/oxidize-639-final-target/debug/deps/issue_536_incremental_ink_test-336b9ae55d019a70)

running 9 tests
test qpdf_accepts_classic_and_xref_stream_ink_revisions ... ignored, requires qpdf; exercised by the Ubuntu CI interoperability step
test rejects_malformed_ink_lists ... ok
test reads_gray_and_cmyk_and_rejects_malformed_width ... ok
test validates_public_values_geometry_bounds_and_stale_ids ... ok
test rejects_excessive_strokes_and_conflicting_targets ... ok
test preserves_generation_and_updates_indirect_annots_array ... ok
test reads_updates_adds_and_removes_ink_atomically ... ok
test rejects_inline_and_encrypted_inputs_and_enforces_docmdp ... ok
test adds_high_point_count_ink_to_xref_stream_pdf ... ok

test result: ok. 8 passed; 0 failed; 1 ignored; 0 measured; 0 filtered out; finished in 0.09s

     Running tests/issue_537_incremental_geometric_test.rs (/tmp/oxidize-639-final-target/debug/deps/issue_537_incremental_geometric_test-71070a5ed31ad2cf)

running 7 tests
test qpdf_accepts_classic_and_xref_stream_geometric_revisions ... ignored, requires qpdf; exercised by interoperability CI
test reads_legacy_border_and_requires_consistent_rectangles ... ok
test reads_all_five_geometric_subtypes ... ok
test mixed_batch_updates_adds_and_removes_atomically ... ok
test validates_values_geometry_pages_and_stale_ids ... ok
test rejects_inline_malformed_encrypted_and_forbidden_signature_inputs ... ok
test generates_distinct_appearance_for_every_line_ending ... ok

test result: ok. 6 passed; 0 failed; 1 ignored; 0 measured; 0 filtered out; finished in 0.05s

     Running tests/issue_538_page_tree_mutations_test.rs (/tmp/oxidize-639-final-target/debug/deps/issue_538_page_tree_mutations_test-7faeffb680f7c6f4)

running 9 tests
test qpdf_and_poppler_accept_classic_and_xref_stream_page_mutations ... ignored, requires qpdf and Poppler command-line tools
test rejects_dangling_page_links_and_unsupported_widget_duplication ... ok
test rejects_deletion_referenced_by_catalog_semantics_without_touching_destination ... ok
test rejects_imports_with_named_destinations_or_optional_content ... ok
test mutates_a_nested_page_tree_and_preserves_effective_inheritance ... ok
test applies_mixed_move_rotate_delete_and_duplicate_atomically ... ok
test imports_a_page_and_its_reachable_object_graph ... ok
test rejects_encryption_docmdp_and_page_labels_without_replacing_output ... ok
test supports_xref_stream_input_and_rejects_invalid_batches ... ok

test result: ok. 8 passed; 0 failed; 1 ignored; 0 measured; 0 filtered out; finished in 21.73s

     Running tests/issue_539_semantic_preservation_test.rs (/tmp/oxidize-639-final-target/debug/deps/issue_539_semantic_preservation_test-16e272f0a079bf42)

running 14 tests
test empty_split_is_rejected_consistently_by_plan_and_execution ... ok
test merge_and_extract_reject_input_aliases_for_both_engines ... ok
test reconstructive_failures_do_not_replace_existing_outputs ... ok
test merge_rejects_secondary_catalog_semantics_before_writing ... ok
test merge_policy_explicitly_controls_each_secondary_structure ... ok
test split_rejects_duplicate_and_input_alias_paths_before_writing ... ok
test extraction_honors_requested_order_and_duplicates ... ok
test reconstructive_policy_is_explicit_and_reports_discarded_semantics ... ok
test reconstructive_metadata_policy_matches_the_report_and_output ... ok
test sparse_extraction_is_planned_and_keeps_the_source_prefix ... ok
test split_plans_every_output_before_atomic_publication ... ok
test reconstructive_extract_and_split_preserve_selected_content_and_order ... ok
test merge_preserves_base_and_imports_self_contained_pages ... ok
test split_stages_every_destination_before_replacing_any_output ... ok

test result: ok. 14 passed; 0 failed; 0 ignored; 0 measured; 0 filtered out; finished in 0.06s

     Running tests/issue_540_incremental_signing_test.rs (/tmp/oxidize-639-final-target/debug/deps/issue_540_incremental_signing_test-10f0400f9943d4d6)

running 14 tests
test external_tools_render_and_verify_custom_visible_signature_appearance ... ignored, requires qpdf, openssl, and pdftoppm; exercised by the Ubuntu CI interoperability step
test qpdf_accepts_finalized_signatures_for_both_xref_formats ... ignored, requires qpdf; exercised by the Ubuntu CI interoperability step
test qpdf_accepts_finalized_visible_combined_field ... ignored, requires qpdf; exercised by the Ubuntu CI interoperability step
test custom_appearance_rejects_missing_geometry_and_malformed_watermarks ... ok
test custom_visible_appearance_embeds_text_and_watermark_before_signing ... ok
test custom_appearance_preserves_widget_local_coordinates_on_rotated_cropped_pages ... ok
test profile_extensions_and_mdp_transforms_are_serialized ... ok
test two_phase_signing_preserves_the_source_and_exact_byte_range ... ok
test malformed_inputs_and_unsafe_extension_overrides_fail_closed ... ok
test visible_combined_field_is_replaced_once_with_value_and_appearance ... ok
test selects_indirect_existing_fields_with_nonzero_generations_and_rejects_ambiguity ... ok
test docmdp_and_fieldmdp_are_enforced_on_later_signatures ... ok
test visible_and_successive_signatures_are_incremental_for_both_xref_formats ... ok
test prepared_slots_respect_certification_and_field_locks ... ok

test result: ok. 11 passed; 0 failed; 3 ignored; 0 measured; 0 filtered out; finished in 0.09s

     Running tests/issue_542_incremental_ocr_test.rs (/tmp/oxidize-639-final-target/debug/deps/issue_542_incremental_ocr_test-9ba8887fd11c33bc)

running 1 test
test qpdf_accepts_classic_and_xref_stream_ocr_revisions ... ignored, requires qpdf; exercised by the Ubuntu CI interoperability step

test result: ok. 0 passed; 0 failed; 1 ignored; 0 measured; 0 filtered out; finished in 0.00s

     Running tests/issue_544_tagged_pdf_validation_test.rs (/tmp/oxidize-639-final-target/debug/deps/issue_544_tagged_pdf_validation_test-8b387f68a84cb10c)

running 5 tests
test cross_checks_missing_figure_alt_with_verapdf_when_available ... ok
test exposes_stable_machine_readable_findings ... ok
test validates_a_tagged_pdf_created_by_the_public_writer ... ok
test round_trips_nested_table_and_figure_structure ... ok
test dry_run_and_incremental_edit_preserve_unrelated_bytes_and_unknown_entries ... ok

test result: ok. 5 passed; 0 failed; 0 ignored; 0 measured; 0 filtered out; finished in 0.01s

     Running tests/issue_548_outline_reading_test.rs (/tmp/oxidize-639-final-target/debug/deps/issue_548_outline_reading_test-74a434acf102b4ae)

running 9 tests
test absence_does_not_parse_a_broken_page_tree ... ok
test absence_is_not_an_error_and_parsing_is_repeatable ... ok
test rejects_cycles_between_named_destinations ... ok
test bounds_empty_name_tree_nodes_independently_from_destination_count ... ok
test rejects_destinations_to_objects_outside_the_nested_page_tree ... ok
test resolves_indirect_title_flags_color_and_open_state ... ok
test rejects_overlapping_name_tree_child_ranges ... ok
test reads_complete_hierarchy_and_resolves_direct_legacy_and_name_tree_destinations ... ok
test rejects_cycles_broken_links_and_resource_limit_exhaustion ... ok

test result: ok. 9 passed; 0 failed; 0 ignored; 0 measured; 0 filtered out; finished in 0.00s

     Running tests/issue_560_v4_api_compatibility_test.rs (/tmp/oxidize-639-final-target/debug/deps/issue_560_v4_api_compatibility_test-0a286dd663b980bd)

running 1 test
test every_v4_operation_family_remains_reachable_during_the_preview ... ok

test result: ok. 1 passed; 0 failed; 0 ignored; 0 measured; 0 filtered out; finished in 0.07s

     Running tests/issue_564_plaintext_quality_test.rs (/tmp/oxidize-639-final-target/debug/deps/issue_564_plaintext_quality_test-78aaa67cf758314b)

running 4 tests
test layout_plaintext_propagates_extraction_errors ... ok
test layout_plaintext_uses_standard14_metrics_for_positioned_runs ... ok
test layout_plaintext_filters_artifacts_and_honors_actualtext ... ok
test layout_plaintext_reads_interleaved_columns_left_then_right ... ok

test result: ok. 4 passed; 0 failed; 0 ignored; 0 measured; 0 filtered out; finished in 0.00s

     Running tests/issue_572_adobe_glyph_list_differences_test.rs (/tmp/oxidize-639-final-target/debug/deps/issue_572_adobe_glyph_list_differences_test-1a2954436b5d6541)

running 5 tests
test extract_text_with_indirect_differences_array ... ok
test extract_text_with_single_char_and_unicode_escapes_in_differences ... ok
test extract_text_with_indirect_encoding_reference ... ok
test extract_text_with_direct_differences_encoding ... ok
test glyph_name_to_unicode_comprehensive ... ok

test result: ok. 5 passed; 0 failed; 0 ignored; 0 measured; 0 filtered out; finished in 0.01s

     Running tests/issue_573_type3_font_matrix_widths_test.rs (/tmp/oxidize-639-final-target/debug/deps/issue_573_type3_font_matrix_widths_test-38db1c6de3719844)

running 4 tests
test type3_with_indirect_font_matrix_and_widths ... ok
test type3_with_milli_em_font_matrix_preserves_widths ... ok
test type3_with_arbitrary_font_matrix ... ok
test type3_with_unit_font_matrix_scales_widths_to_milli_ems ... ok

test result: ok. 4 passed; 0 failed; 0 ignored; 0 measured; 0 filtered out; finished in 0.00s

     Running tests/issue_574_numeric_hyphen_fusion_test.rs (/tmp/oxidize-639-final-target/debug/deps/issue_574_numeric_hyphen_fusion_test-544d386ce2ace289)

running 5 tests
test structured_identifier_preserves_hyphen_across_line_wrap ... ok
test numeric_hyphen_preserves_hyphen_across_line_wrap ... ok
test punctuation_identifier_preserves_hyphen_across_line_wrap ... ok
test lone_hyphen_does_not_fuse ... ok
test alphabetic_words_fuse_and_drop_hyphen ... ok

test result: ok. 5 passed; 0 failed; 0 ignored; 0 measured; 0 filtered out; finished in 0.00s

     Running tests/issue_584_direct_link_annotation_test.rs (/tmp/oxidize-639-final-target/debug/deps/issue_584_direct_link_annotation_test-079b95cd06234057)

running 1 test
test extracts_a_direct_link_annotation_from_a_page_annots_array ... ok

test result: ok. 1 passed; 0 failed; 0 ignored; 0 measured; 0 filtered out; finished in 0.00s

     Running tests/issue_584_link_annotation_extraction_test.rs (/tmp/oxidize-639-final-target/debug/deps/issue_584_link_annotation_extraction_test-dde3a2b16b64b767)

running 3 tests
test keeps_link_uris_within_the_extraction_byte_budget ... ok
test ignores_non_uri_and_malformed_link_actions ... ok
test appends_direct_and_indirect_link_annotation_uris_only_when_enabled ... ok

test result: ok. 3 passed; 0 failed; 0 ignored; 0 measured; 0 filtered out; finished in 0.00s

     Running tests/issue_593_unreliable_figure_text_test.rs (/tmp/oxidize-639-final-target/debug/deps/issue_593_unreliable_figure_text_test-7d9c66ccb551008c)

running 2 tests
test opt_in_preserves_custom_encoded_figure_text ... ok
test excludes_unreliable_figure_text_from_flat_and_layout_output ... ok

test result: ok. 2 passed; 0 failed; 0 ignored; 0 measured; 0 filtered out; finished in 0.00s

     Running tests/issue_606_signature_layout_test.rs (/tmp/oxidize-639-final-target/debug/deps/issue_606_signature_layout_test-d8ff345e7922bcd6)

running 7 tests
test hard_breaks_blank_lines_and_long_tokens_are_preserved ... ok
test minimum_size_fits_with_descenders_and_rejects_just_too_short ... ok
test preflight_validates_watermark_encoding_controls_and_finite_dimensions ... ok
test width_measurement_distinguishes_wide_and_narrow_glyphs ... ok
test impossible_layout_fails_preflight_and_preparation_before_pdf_access ... ok
test long_names_and_additional_lines_wrap_without_losing_content ... ok
test logo_is_centered_behind_text_and_does_not_reserve_a_column ... ok

test result: ok. 7 passed; 0 failed; 0 ignored; 0 measured; 0 filtered out; finished in 0.02s

     Running tests/issue_609_literal_string_escaped_line_break_test.rs (/tmp/oxidize-639-final-target/debug/deps/issue_609_literal_string_escaped_line_break_test-d60d376df337453f)

running 7 tests
test test_lexer_escaped_crlf ... ok
test test_lexer_escaped_carriage_return ... ok
test test_lexer_escaped_line_feed ... ok
test test_lexer_escaped_multiple_line_breaks_iso_example ... ok
test test_pdf_extraction_escaped_crlf ... ok
test test_pdf_extraction_escaped_lf ... ok
test test_pdf_extraction_escaped_cr ... ok

test result: ok. 7 passed; 0 failed; 0 ignored; 0 measured; 0 filtered out; finished in 0.00s

     Running tests/issue_610_no_space_before_punctuation_test.rs (/tmp/oxidize-639-final-target/debug/deps/issue_610_no_space_before_punctuation_test-76d72d8f50632344)

running 5 tests
test test_no_synthetic_space_before_closing_paren_across_tj_boundary ... ok
test test_no_synthetic_space_before_colon_across_tj_boundary ... ok
test test_no_synthetic_space_before_period_across_tj_boundary ... ok
test test_preserves_space_between_words_across_tj_boundary ... ok
test test_no_synthetic_space_before_comma_across_tj_boundary ... ok

test result: ok. 5 passed; 0 failed; 0 ignored; 0 measured; 0 filtered out; finished in 0.00s

     Running tests/issue_613_multistream_boundary_test.rs (/tmp/oxidize-639-final-target/debug/deps/issue_613_multistream_boundary_test-53fe3abcef5cc6ce)

running 9 tests
test streaming_recovers_after_bad_stream_without_losing_split_operands ... ok
test test_combine_streams_corner_cases ... ok
test streaming_skips_inline_image_data_across_stream_boundaries ... ok
test test_content_parser_parse_content_streams ... ok
test test_stream_text_multistream_boundary ... ok
test test_multistream_plaintext_extraction ... ok
test test_multistream_operand_operator_split_text_extraction ... ok
test test_combined_content_stream_helpers ... ok
test test_multistream_operand_split_coordinates_text_extraction ... ok

test result: ok. 9 passed; 0 failed; 0 ignored; 0 measured; 0 filtered out; finished in 0.00s

     Running tests/issue_615_punctuation_boundaries_test.rs (/tmp/oxidize-639-final-target/debug/deps/issue_615_punctuation_boundaries_test-1f18e044a23d22cf)

running 4 tests
test exact_em_boundary_keeps_existing_operator_thresholds ... ok
test explicit_spaces_and_word_boundaries_survive ... ok
test punctuation_suppression_covers_tj_font_change_and_em_boundary ... ok
test backwards_positioned_objects_keep_their_separator ... ok

test result: ok. 4 passed; 0 failed; 0 ignored; 0 measured; 0 filtered out; finished in 0.01s

     Running tests/issue_616_imported_footer_test.rs (/tmp/oxidize-639-final-target/debug/deps/issue_616_imported_footer_test-0f81678236e8d967)

running 3 tests
test footer_after_comment_without_final_eol ... ok
test footer_after_terminated_content ... ok
test footer_after_operator_without_final_eol ... ok

test result: ok. 3 passed; 0 failed; 0 ignored; 0 measured; 0 filtered out; finished in 0.01s

     Running tests/issue_617_stream_recovery_test.rs (/tmp/oxidize-639-final-target/debug/deps/issue_617_stream_recovery_test-afc486ec4839b037)

running 4 tests
test strict_content_parser_still_rejects_malformed_content ... ok
test recovery_keeps_prefix_operations_but_discards_incomplete_operands ... ok
test healthy_streams_keep_operands_after_recovery_and_empty_streams ... ok
test later_valid_text_survives_lexical_error_in_every_extraction_facade ... ok

test result: ok. 4 passed; 0 failed; 0 ignored; 0 measured; 0 filtered out; finished in 0.00s

     Running tests/issue_618_incremental_callbacks_test.rs (/tmp/oxidize-639-final-target/debug/deps/issue_618_incremental_callbacks_test-70a06e559c0c463c)

running 1 test
test first_callback_and_cancellation_do_not_materialize_the_tail ... ok

test result: ok. 1 passed; 0 failed; 0 ignored; 0 measured; 0 filtered out; finished in 0.01s

     Running tests/issue_621_tagged_split_test.rs (/tmp/oxidize-639-final-target/debug/deps/issue_621_tagged_split_test-6704011a8b53f5ba)

running 14 tests
test cyclic_structure_fails_without_output ... ok
test missing_index_with_wrong_generation_is_not_repaired ... ok
test broken_structure_parent_is_rejected ... ok
test corrupt_nonzero_index_is_not_silently_rebuilt ... ok
test certified_source_is_rejected_before_attempting_tag_repair ... ok
test invalid_later_part_does_not_publish_earlier_parts ... ok
test missing_marked_content_is_not_declared_accessible ... ok
test unrelated_missing_reference_identifies_object_and_publishes_nothing ... ok
test zero_offset_index_alias_in_metadata_is_not_exempted ... ok
test tagged_annotation_parent_mapping_is_retained_only_in_its_part ... ok
test sparse_parent_tree_allocation_is_bounded ... ok
test explicit_mcr_and_inherited_page_associations_survive_split ... ok
test missing_zero_offset_parent_and_id_indexes_are_reconstructed ... ok
test valid_tagged_twelve_page_split_preserves_each_part ... ok

test result: ok. 14 passed; 0 failed; 0 ignored; 0 measured; 0 filtered out; finished in 0.14s

     Running tests/issue_627_certificate_provider_test.rs (/tmp/oxidize-639-final-target/debug/deps/issue_627_certificate_provider_test-628b68a38fb6e41f)

running 4 tests
test malformed_certificate_inputs_return_errors ... ok
test revoked_certificate_still_fails_with_valid_chain ... ok
test certificate_signature_mutation_fails_with_unchanged_identity_and_validity ... ok
test crl_signature_mutation_cannot_report_checked_valid ... ok

test result: ok. 4 passed; 0 failed; 0 ignored; 0 measured; 0 filtered out; finished in 0.05s

     Running tests/issue_633_outline_writer_test.rs (/tmp/oxidize-639-final-target/debug/deps/issue_633_outline_writer_test-91e4e1a4c0cd97e6)

running 5 tests
test empty_outline_has_no_items ... ok
test flat_outline_round_trip ... ok
test root_siblings_after_descendants_round_trip ... ok
test single_closed_branch_preserves_flags_and_child_links ... ok
test nested_sibling_branches_with_descendants_round_trip ... ok

test result: ok. 5 passed; 0 failed; 0 ignored; 0 measured; 0 filtered out; finished in 0.00s

     Running tests/issue_634_reconstruct_metadata_test.rs (/tmp/oxidize-639-final-target/debug/deps/issue_634_reconstruct_metadata_test-44fc90949232d657)

running 4 tests
test extract_discards_metadata ... ok
test extract_retains_metadata_when_requested ... ok
test split_discards_metadata_in_every_part ... ok
test split_retains_metadata_when_requested ... ok

test result: ok. 4 passed; 0 failed; 0 ignored; 0 measured; 0 filtered out; finished in 0.02s

     Running tests/issue_637_flate_errors_test.rs (/tmp/oxidize-639-final-target/debug/deps/issue_637_flate_errors_test-9fc628da65d276aa)

running 18 tests
test bounded_corrupt_flate_is_an_error ... ok
test corrupt_flate_never_becomes_empty_success ... ok
test checksum_corruption_is_not_recovered_as_raw_deflate ... ok
test filter_arrays_propagate_failure_at_the_flate_stage ... ok
test complete_empty_and_nonempty_streams_preserve_exact_bytes ... ok
test bounded_limit_is_distinct_from_corruption_and_never_returns_a_prefix ... ok
test form_xobject_flate_failure_is_not_an_empty_successful_page ... ok
test every_truncated_prefix_is_rejected_by_ordinary_decoder ... ok
test non_zlib_recovery_is_not_silently_reported_as_complete ... ok
test every_truncated_prefix_is_rejected_by_bounded_decoder ... ok
test pdf_extraction_distinguishes_valid_empty_and_nonempty_content ... ok
test predictor_parameters_cannot_bypass_failed_decompression ... ok
test valid_png_predictor_runs_only_after_complete_decompression ... ok
test validated_zlib_member_keeps_existing_trailing_byte_policy ... ok
test pdf_extraction_propagates_corrupt_or_truncated_content_errors ... ok
test high_ratio_small_images_remain_supported ... ok
test large_ratio_limit_is_not_swallowed_by_fallbacks ... ok
test caller_limit_cannot_raise_the_absolute_flate_cap ... ok

test result: ok. 18 passed; 0 failed; 0 ignored; 0 measured; 0 filtered out; finished in 6.61s

     Running tests/issue_637_recovery_test.rs (/tmp/oxidize-639-final-target/debug/deps/issue_637_recovery_test-3b2d73daf57e89b9)

running 16 tests
test corruption_with_only_a_lost_checksum_is_not_labelled_verified ... ok
test checksum_recovery_returns_original_bytes_and_observable_unverified_status ... ok
test invalid_predictors_remain_errors_after_flate_recovery ... ok
test no_decodable_bytes_are_an_error_including_zero_length_flate ... ok
test empty_form_does_not_hide_healthy_page_content_and_is_reported ... ok
test exhausted_page_stream_is_omitted_explicitly_while_good_content_survives ... ok
test omitted_content_cannot_splice_healthy_operands_into_invented_text ... ok
test raw_deflate_is_recovered_only_through_the_explicit_api ... ok
test truncated_deflate_returns_only_the_prefix_with_incomplete_status ... ok
test filter_chain_reports_the_actual_filter_index_and_applies_predictor ... ok
test extraction_does_not_skip_streams_that_exceed_resource_limits ... ok
test recovered_form_text_is_kept_with_its_diagnostic ... ok
test recovery_preserves_operands_across_adjacent_verified_streams ... ok
test valid_bytes_and_legitimate_empty_have_no_recovery_diagnostics ... ok
test resource_limits_never_become_recovered_prefixes ... ok
test compression_ratio_guard_cannot_be_bypassed_by_recovery ... ok

test result: ok. 16 passed; 0 failed; 0 ignored; 0 measured; 0 filtered out; finished in 2.34s

     Running tests/issue_638_predictor_errors_test.rs (/tmp/oxidize-639-final-target/debug/deps/issue_638_predictor_errors_test-02b2fd250f19ec0f)

running 18 tests
test filters_without_predictors_do_not_transform_bytes ... ok
test lzw_predictor_failures_are_not_hidden ... ok
test filter_arrays_apply_predictor_at_the_matching_stage ... ok
test malformed_rows_are_not_untransformed_success ... ok
test invalid_filter_bytes_are_errors ... ok
test identity_predictor_in_a_form_keeps_existing_text_extraction ... ok
test predictor_processing_does_not_bypass_the_bounded_limit ... ok
test predictor_type_is_validated ... ok
test row_and_pixel_arithmetic_are_checked_before_decoding ... ok
test bits_per_component_must_be_supported ... ok
test columns_and_colors_must_be_positive_integers ... ok
test no_predictor_and_predictor_one_are_identity ... ok
test indirect_and_direct_parameters_match_for_valid_and_invalid_rows ... ok
test valid_empty_png_data_is_empty ... ok
test unsupported_predictors_are_explicit ... ok
test null_dictionary_values_use_the_pdf_defaults ... ok
test valid_packed_and_16_bit_rgb_rows_preserve_exact_bytes ... ok
test valid_png_filters_have_exact_samples_in_every_mode ... ok

test result: ok. 18 passed; 0 failed; 0 ignored; 0 measured; 0 filtered out; finished in 0.04s

     Running tests/issue_639_build_identification_test.rs (/tmp/oxidize-639-final-target/debug/deps/issue_639_build_identification_test-9dc740c265403a3d)

running 15 tests
test incremental_rejects_incompatible_writer_config_before_output ... ok
test fingerprint_reports_effective_writer_configuration ... ok
test exhausted_object_numbers_reject_without_output ... ok
test incremental_replacement_is_explicit_and_uses_document_policy ... ok
test modern_incremental_editor_preserves_info_without_injecting_identification ... ok
test incremental_writers_do_not_add_info_when_source_has_none ... ok
test policy_can_be_changed_between_writes_and_producer_is_independent ... ok
test overlays_preserve_binary_metadata_geometry_annotations_and_destinations ... ok
test repeated_updates_preserve_info_and_handle_eof_without_newline ... ok
test incremental_writers_preserve_the_source_info_by_default ... ok
test issue_653_retains_leaf_pages_resources_and_parent_links ... ok
test independent_metadata_survives_all_incremental_apis ... ok
test issue_654_encrypted_inputs_are_rejected_before_any_output ... ok
test disabled_omits_all_three_fields_and_preserves_unrelated_metadata ... ok
test default_and_explicit_enabled_emit_identification_in_all_output_apis ... ok

test result: ok. 15 passed; 0 failed; 0 ignored; 0 measured; 0 filtered out; finished in 15.37s

     Running tests/issue_640_public_key_containment_test.rs (/tmp/oxidize-639-final-target/debug/deps/issue_640_public_key_containment_test-521c1b3d461c5fa9)

running 16 tests
test adding_invalid_or_real_certificates_never_creates_a_recipient ... ok
test decrypt_stream_aes_rejects_valid_aes_inputs_through_trait_object ... ok
test crypt_filter_dispatch_cannot_bypass_containment ... ok
test decrypt_stream_rejects_every_method_through_trait_object ... ok
test decrypt_string_aes_rejects_valid_aes_inputs_through_trait_object ... ok
test dictionary_helpers_only_copy_explicit_caller_metadata ... ok
test encrypt_stream_aes_rejects_valid_aes_inputs_through_trait_object ... ok
test encrypt_stream_rejects_every_method_through_trait_object ... ok
test encrypt_string_aes_rejects_valid_aes_inputs_through_trait_object ... ok
test encrypt_string_rejects_every_method_through_trait_object ... ok
test failed_add_preserves_preexisting_recipient_data ... ok
test injected_recipient_permissions_do_not_authorize_access ... ok
test malformed_recipients_and_unrelated_keys_never_release_seed_bytes ... ok
test standard_password_handler_still_encrypts_and_decrypts ... ok
test decrypt_string_rejects_every_method_through_trait_object ... ok
test failed_recipient_creation_leaves_dictionary_helpers_empty ... ok

test result: ok. 16 passed; 0 failed; 0 ignored; 0 measured; 0 filtered out; finished in 0.00s

     Running tests/issue_648_tj_boundary_baseline_shift_test.rs (/tmp/oxidize-639-final-target/debug/deps/issue_648_tj_boundary_baseline_shift_test-03c84f531dc19eae)

running 11 tests
test issue_648_baseline_shift_via_td_operator ... ok
test issue_648_superscript_citation_following_word_stays_attached ... ok
test issue_648_baseline_shift_emits_space_at_moderate_gap ... ok
test issue_648_large_vertical_shift_still_emits_newline ... ok
test issue_648_superscript_with_baseline_shift_does_not_insert_artificial_space ... ok
test issue_648_table_cells_with_shifted_baselines_are_not_fused ... ok
test issue_648_same_baseline_runs_retain_conservative_threshold ... ok
test rotation_preserves_baseline_shift ... ok
test issue_648_subpixel_vertical_jitter_leaves_same_baseline_runs_welded ... ok
test vertical_scale_preserves_baseline_shift ... ok
test shear_keeps_perpendicular_baseline_threshold ... ok

test result: ok. 11 passed; 0 failed; 0 ignored; 0 measured; 0 filtered out; finished in 0.00s

     Running tests/issue_649_tj_zero_width_kerning_test.rs (/tmp/oxidize-639-final-target/debug/deps/issue_649_tj_zero_width_kerning_test-b43b78b1c6009daf)

running 16 tests
test ordinary_word_gaps_are_not_tracking ... ok
test leading_and_trailing_kerns_do_not_establish_tracking ... ok
test nonuniform_zero_width_advances_remain_conservative ... ok
test char_spacing_does_not_get_discounted_as_missing_advance ... ok
test one_transition_cannot_establish_tracking ... ok
test positive_declared_widths_do_not_activate_tracking ... ok
test tj_word_breaks_as_negative_kerns_without_explicit_spaces_still_split_words ... ok
test tj_ordinary_intra_word_kerning_unaffected ... ok
test tj_punctuation_and_symbols_in_tracking_sequence ... ok
test tj_zero_width_kerning_phone_number_formatting ... ok
test tj_zero_width_kerning_with_explicit_spaces_does_not_split_characters ... ok
test type0_identity_h_zero_widths_without_literal_space ... ok
test zero_width_single_word_without_literal_space ... ok
test word_spacing_does_not_get_discounted_as_missing_advance ... ok
test zero_width_tracking_preserves_larger_word_gap ... ok
test type0_tracking_uses_cids_not_unicode_or_source_codes ... ok

test result: ok. 16 passed; 0 failed; 0 ignored; 0 measured; 0 filtered out; finished in 0.00s

     Running tests/issue_93_utf8_panic.rs (/tmp/oxidize-639-final-target/debug/deps/issue_93_utf8_panic-cd59ec4d49e41ba1)

running 4 tests
test test_edge_case_pattern_at_utf8_boundary ... ok
test test_byte_pattern_matching_with_cyrillic ... ok
test test_romanian_pdf_xref_recovery_succeeds ... ok
test test_utf8_multi_byte_boundary_safety ... ok

test result: ok. 4 passed; 0 failed; 0 ignored; 0 measured; 0 filtered out; finished in 0.00s

     Running tests/jpeg_extraction_regression_test.rs (/tmp/oxidize-639-final-target/debug/deps/jpeg_extraction_regression_test-f16916e1ee6536c2)

running 3 tests
test test_endstream_detection_without_seek ... ok
test test_no_pattern_duplication ... ok
test test_jpeg_extraction_no_byte_duplication ... ok

test result: ok. 3 passed; 0 failed; 0 ignored; 0 measured; 0 filtered out; finished in 0.00s

     Running tests/language_detection_corpus_test.rs (/tmp/oxidize-639-final-target/debug/deps/language_detection_corpus_test-32cf6489ba5c2d8f)

running 0 tests

test result: ok. 0 passed; 0 failed; 0 ignored; 0 measured; 0 filtered out; finished in 0.00s

     Running tests/language_detection_test.rs (/tmp/oxidize-639-final-target/debug/deps/language_detection_test-ad811fce47aba3a7)

running 0 tests

test result: ok. 0 passed; 0 failed; 0 ignored; 0 measured; 0 filtered out; finished in 0.00s

     Running tests/layout_invoice_e2e_test.rs (/tmp/oxidize-639-final-target/debug/deps/layout_invoice_e2e_test-c02bcc7c87669af6)

running 1 test
test test_invoice_e2e_multipage_with_all_features ... ok

test result: ok. 1 passed; 0 failed; 0 ignored; 0 measured; 0 filtered out; finished in 0.01s

     Running tests/linearized_xref_test.rs (/tmp/oxidize-639-final-target/debug/deps/linearized_xref_test-1fec28d0faf0738f)

running 6 tests
test test_all_private_pdfs_parse_pages ... ignored
test test_real_linearized_pdf_fd80d32d ... ignored
test test_xref_prev_chain_processed ... ok
test test_linearized_pdf_parses_pages_correctly ... ok
test test_non_linearized_pdf_still_works ... ok
test test_linearized_pdf_finds_pages_object ... ok

test result: ok. 4 passed; 0 failed; 2 ignored; 0 measured; 0 filtered out; finished in 0.00s

     Running tests/marked_content_props_test.rs (/tmp/oxidize-639-final-target/debug/deps/marked_content_props_test-8b1d76ac4c2eb933)

running 3 tests
test resource_ref_props_parsed_as_resource_ref_variant ... ok
test mcid_integer_value_preserved_as_integer_variant ... ok
test utf16be_actualtext_preserved_as_raw_bytes ... ok

test result: ok. 3 passed; 0 failed; 0 ignored; 0 measured; 0 filtered out; finished in 0.00s

     Running tests/marked_content_roundtrip_test.rs (/tmp/oxidize-639-final-target/debug/deps/marked_content_roundtrip_test-3c60156b7148b075)

running 2 tests
test writer_actual_text_roundtrips_unicode_and_replaces_visual_glyphs ... ok
test writer_to_extractor_keeps_overlaid_mcid_blocks_distinct ... ok

test result: ok. 2 passed; 0 failed; 0 ignored; 0 measured; 0 filtered out; finished in 0.00s

     Running tests/measure_text_and_wrap_tests.rs (/tmp/oxidize-639-final-target/debug/deps/measure_text_and_wrap_tests-3c2f4e3bead19f85)

running 11 tests
test test_measure_text_ref_empty_string ... ok
test test_measure_text_by_ref_courier ... ok
test test_measure_text_by_ref_helvetica ... ok
test test_measure_text_ref_different_fonts_differ ... ok
test test_measure_text_ref_scales_with_font_size ... ok
test test_wrap_text_incremental_width_matches_full_measure ... ok
test test_wrap_text_empty_string ... ok
test test_wrap_text_single_word_fits ... ok
test test_wrap_text_multiple_words_wrap ... ok
test test_wrap_text_long_paragraph ... ok
test test_measure_text_by_ref_custom_font ... ok

test result: ok. 11 passed; 0 failed; 0 ignored; 0 measured; 0 filtered out; finished in 0.01s

     Running tests/memory_optimization_integration.rs (/tmp/oxidize-639-final-target/debug/deps/memory_optimization_integration-8f10bec442392618)

running 7 tests
test test_memory_manager_integration ... ok
test test_optimized_reader_memory_workflows ... ok
test test_memory_statistics_tracking ... ok
test test_batch_processing_memory_efficiency ... ok
test test_content_type_memory_optimization ... ok
test test_memory_optimized_document_creation ... ok
test test_large_document_memory_efficiency ... ok

test result: ok. 7 passed; 0 failed; 0 ignored; 0 measured; 0 filtered out; finished in 0.10s

     Running tests/memory_optimization_tests.rs (/tmp/oxidize-639-final-target/debug/deps/memory_optimization_tests-bde42936a2a84562)

running 11 tests
test test_memory_options_configurations ... ok
test test_extract_text_streaming ... ok
test test_memory_strategies ... ok
test test_memory_options_thresholds ... ok
test test_processing_actions ... ok
test test_skip_processing ... ok
test test_lazy_document_cache_clear ... ok
test test_lazy_document_basic ... ok
test test_page_preloading ... ok
test test_streaming_options ... ok
test test_stream_processor_basic ... ok

test result: ok. 11 passed; 0 failed; 0 ignored; 0 measured; 0 filtered out; finished in 0.00s

     Running tests/memory_stress_integration.rs (/tmp/oxidize-639-final-target/debug/deps/memory_stress_integration-da0c4e4708af8ffb)

running 9 tests
test test_large_image_processing ... ok
test test_unicode_font_subsetting_stress ... ok
test test_concurrent_pdf_operations ... ok
test test_stream_processing_large_pdf ... ok
test test_cache_thrashing ... ok
test test_page_tree_balancing_stress ... ok
test test_object_deduplication_stress ... ok
test test_compression_stress ... ok
test test_memory_leak_detection ... ok

test result: ok. 9 passed; 0 failed; 0 ignored; 0 measured; 0 filtered out; finished in 2.21s

     Running tests/merge_font_mapping_test.rs (/tmp/oxidize-639-final-target/debug/deps/merge_font_mapping_test-8f50923c0f5ee9b6)

running 2 tests
test test_xobject_mapping_placeholder ... ok
test test_font_mapping_in_merge ... ok

test result: ok. 2 passed; 0 failed; 0 ignored; 0 measured; 0 filtered out; finished in 0.01s

     Running tests/multilingual_corpus_test.rs (/tmp/oxidize-639-final-target/debug/deps/multilingual_corpus_test-1e26f4e924483104)

running 11 tests
test test_arabic_pdf_parseable ... ignored
test test_arabic_text_extraction ... ignored
test test_chinese_pdf_parseable ... ignored
test test_chinese_text_extraction ... ignored
test test_full_document_extraction_no_panic ... ignored
test test_hebrew_pdf_parseable ... ignored
test test_hebrew_text_extraction ... ignored
test test_japanese_pdf_parseable ... ignored
test test_japanese_text_extraction ... ignored
test test_korean_pdf_parseable ... ignored
test test_korean_text_extraction ... ignored

test result: ok. 0 passed; 0 failed; 11 ignored; 0 measured; 0 filtered out; finished in 0.00s

     Running tests/ncsc_no_alphabet_soup_test.rs (/tmp/oxidize-639-final-target/debug/deps/ncsc_no_alphabet_soup_test-2e69bb6170985312)

running 1 test
test ncsc_page_12_extracts_coherent_text_no_alphabet_soup ... ok

test result: ok. 1 passed; 0 failed; 0 ignored; 0 measured; 0 filtered out; finished in 0.00s

     Running tests/new_architecture_test.rs (/tmp/oxidize-639-final-target/debug/deps/new_architecture_test-e5956ebe475e4341)

running 5 tests
test test_resource_caching ... ok
test test_pdf_document_page_access ... ok
test test_rotate_operation_with_new_architecture ... ok
test test_merge_operation_with_new_architecture ... ok
test test_split_operation_with_new_architecture ... ok

test result: ok. 5 passed; 0 failed; 0 ignored; 0 measured; 0 filtered out; finished in 0.07s

     Running tests/object_decryption_test.rs (/tmp/oxidize-639-final-target/debug/deps/object_decryption_test-3a2aadab5f579da5)

running 11 tests
test test_compute_object_key_different_objects ... ok
test test_compute_object_key_simple ... ok
test test_compute_object_key_with_generation_number ... ok
test test_decrypt_empty_string ... ok
test test_decrypt_indirect_string ... ok
test test_decrypt_stream_rc4_128bit ... ok
test test_do_not_decrypt_stream_with_identity_filter ... ok
test test_decrypt_string_rc4_128bit ... ok
test test_decrypt_string_rc4_40bit ... ok
test test_rc4_encryption_is_symmetric ... ok
test test_decrypt_large_stream ... ok

test result: ok. 11 passed; 0 failed; 0 ignored; 0 measured; 0 filtered out; finished in 0.00s

     Running tests/objects_integration_test.rs (/tmp/oxidize-639-final-target/debug/deps/objects_integration_test-de62cc6794a94864)

running 12 tests
test test_array_operations ... ok
test test_deeply_nested_structures ... ok
test test_complex_nested_structures ... ok
test test_dictionary_operations ... ok
test test_name_objects ... ok
test test_large_dictionary ... ok
test test_object_creation_and_conversion ... ok
test test_object_equality ... ok
test test_object_references ... ok
test test_object_type_conversions ... ok
test test_stream_object ... ok
test test_string_types ... ok

test result: ok. 12 passed; 0 failed; 0 ignored; 0 measured; 0 filtered out; finished in 0.00s

     Running tests/ocr_tests.rs (/tmp/oxidize-639-final-target/debug/deps/ocr_tests-5de06bf53d9f44b2)

running 1 test
test ocr_disabled_tests::test_ocr_feature_disabled ... ok

test result: ok. 1 passed; 0 failed; 0 ignored; 0 measured; 0 filtered out; finished in 0.00s

     Running tests/operations_test.rs (/tmp/oxidize-639-final-target/debug/deps/operations_test-9e886e977fb6c69f)

running 3 tests
test test_rotation_angles ... ok
test test_page_range_parsing ... ok
test test_split_merge_rotate_workflow ... ok

test result: ok. 3 passed; 0 failed; 0 ignored; 0 measured; 0 filtered out; finished in 0.02s

     Running tests/overlay_font_preservation_test.rs (/tmp/oxidize-639-final-target/debug/deps/overlay_font_preservation_test-a9bd39d4232ede5a)

running 1 test
test test_overlay_preserves_embedded_fonts ... ignored

test result: ok. 0 passed; 0 failed; 1 ignored; 0 measured; 0 filtered out; finished in 0.00s

     Running tests/overlay_smask_test.rs (/tmp/oxidize-639-final-target/debug/deps/overlay_smask_test-3f071994c8792666)

running 3 tests
test test_overlay_with_transparent_image_smask_is_valid ... ok
test test_overlay_without_smask_succeeds ... ok
test test_overlay_with_opaque_image_no_smask ... ok

test result: ok. 3 passed; 0 failed; 0 ignored; 0 measured; 0 filtered out; finished in 0.01s

     Running tests/overlay_test.rs (/tmp/oxidize-639-final-target/debug/deps/overlay_test-c85beba0ee2b84d6)

running 15 tests
test test_overlay_empty_base_returns_error ... ok
test test_overlay_invalid_opacity_clamped ... ok
test test_overlay_page_range_out_of_bounds ... ok
test test_overlay_with_custom_position ... ok
test test_overlay_multipage_overlay_on_multipage_base ... ok
test test_overlay_combined_options ... ok
test test_overlay_with_scale ... ok
test test_overlay_with_opacity ... ok
test test_overlay_with_position_bottom_right ... ok
test test_overlay_zero_scale_returns_error ... ok
test test_overlay_pdf_creates_output_file ... ok
test test_overlay_specific_pages_only ... ok
test test_overlay_pdf_preserves_page_count ... ok
test test_overlay_repeat_single_page_on_multipage ... ok
test test_overlay_all_positions ... ok

test result: ok. 15 passed; 0 failed; 0 ignored; 0 measured; 0 filtered out; finished in 0.04s

     Running tests/page_color_spaces_test.rs (/tmp/oxidize-639-final-target/debug/deps/page_color_spaces_test-f96c2a105237a1b9)

running 4 tests
test color_spaces_accessor_is_public_and_reflects_state ... ok
test page_without_color_spaces_omits_colorspace_entry ... ok
test page_color_space_preserves_name_form ... ok
test page_color_space_is_written_as_parameterised_array ... ok

test result: ok. 4 passed; 0 failed; 0 ignored; 0 measured; 0 filtered out; finished in 0.00s

     Running tests/page_color_spaces_typed_api_test.rs (/tmp/oxidize-639-final-target/debug/deps/page_color_spaces_typed_api_test-1c26f2bea57d8ba1)

running 10 tests
test color_spaces_accessor_returns_typed_map ... ok
test bridge_reuses_single_params_source ... ok
test device_alias_emits_single_name_entry ... ok
test cal_rgb_struct_registers_and_round_trips ... ok
test parameterised_calrgb_emits_tuple_array ... ok
test typed_api_still_rejects_invalid_resource_names ... ok
test lab_struct_registers_and_round_trips ... ok
test cal_gray_struct_registers_and_round_trips ... ok
test device_alias_covers_all_four_device_spaces ... ok
test parameterised_family_maps_to_iso_name ... ok

test result: ok. 10 passed; 0 failed; 0 ignored; 0 measured; 0 filtered out; finished in 0.01s

     Running tests/page_font_reference_resolve_test.rs (/tmp/oxidize-639-final-target/debug/deps/page_font_reference_resolve_test-7f4974c1ec8f92ea)

running 1 test
test indirect_font_resource_is_resolved_to_dictionary ... ok

test result: ok. 1 passed; 0 failed; 0 ignored; 0 measured; 0 filtered out; finished in 0.00s

     Running tests/page_labels_integration_test.rs (/tmp/oxidize-639-final-target/debug/deps/page_labels_integration_test-55d50e7debb3aee5)

running 15 tests
test test_builder_chaining ... ok
test test_book_with_front_matter ... ok
test test_academic_paper_numbering ... ok
test test_empty_tree ... ok
test test_dictionary_round_trip ... ok
test test_gaps_in_ranges ... ok
test test_manual_style_numbering ... ok
test test_mixed_numbering_styles ... ok
test test_overlapping_ranges ... ok
test test_restarting_numbering ... ok
test test_single_range_tree ... ok
test test_unicode_prefixes ... ok
test test_special_characters_in_prefix ... ok
test test_large_document_performance ... ok
test test_pdf_generation_with_labels ... ok

test result: ok. 15 passed; 0 failed; 0 ignored; 0 measured; 0 filtered out; finished in 0.00s

     Running tests/page_patterns_test.rs (/tmp/oxidize-639-final-target/debug/deps/page_patterns_test-903ce6c0a1022f85)

running 3 tests
test patterns_accessor_is_public_and_reflects_state ... ok
test page_pattern_is_written_as_indirect_stream_with_required_entries ... ok
test page_without_patterns_omits_pattern_entry ... ok

test result: ok. 3 passed; 0 failed; 0 ignored; 0 measured; 0 filtered out; finished in 0.00s

     Running tests/page_shadings_test.rs (/tmp/oxidize-639-final-target/debug/deps/page_shadings_test-e2f352bd2760da7c)

running 10 tests
test function_based_shading_function_id_is_not_hoisted ... ok
test axial_function_is_indirect_type2_with_real_colors ... ok
test page_shading_is_written_as_indirect_dict_with_shadingtype ... ok
test conic_function_stream_contains_atan_and_stop_colors ... ok
test paint_shading_emits_sh_operator_in_content_stream ... ok
test shadings_accessor_is_public_and_reflects_state ... ok
test page_mesh_and_conic_appear_in_shading_resource ... ok
test page_mesh_stream_bytes_survive_roundtrip ... ok
test page_without_shadings_omits_shading_entry ... ok
test radial_three_stops_function_is_type3_stitching ... ok

test result: ok. 10 passed; 0 failed; 0 ignored; 0 measured; 0 filtered out; finished in 0.00s

     Running tests/page_tree_timeout_test.rs (/tmp/oxidize-639-final-target/debug/deps/page_tree_timeout_test-d0658c779b79ba17)

running 5 tests
test test_absurd_count_214m_capped ... ok
test test_absurd_count_10b_capped ... ok
test test_circular_page_tree_no_hang ... ok
test test_flat_index_normal_pdf ... ok
test test_10k_pages_extract_text_under_30s ... ok

test result: ok. 5 passed; 0 failed; 0 ignored; 0 measured; 0 filtered out; finished in 8.15s

     Running tests/painter_model_ordering.rs (/tmp/oxidize-639-final-target/debug/deps/painter_model_ordering-08802f10a79467f6)

running 7 tests
test pure_graphics_only_does_not_regress ... ok
test interleaved_gfx_text_gfx_preserves_call_order ... ok
test nan_font_size_sanitised_at_emission_via_text_context ... ok
test text_then_graphics_preserves_call_order ... ok
test pure_text_only_does_not_regress ... ok
test add_text_flow_between_gfx_preserves_call_order ... ok
test add_text_flow_then_page_text_preserves_call_order ... ok

test result: ok. 7 passed; 0 failed; 0 ignored; 0 measured; 0 filtered out; finished in 0.00s

     Running tests/paragraph_reconstruction_test.rs (/tmp/oxidize-639-final-target/debug/deps/paragraph_reconstruction_test-ff453bfd84da7622)

running 6 tests
test empty_input_returns_empty ... ok
test five_fragments_on_one_line_collapse_to_one_paragraph ... ok
test fragments_on_three_consecutive_lines_collapse_to_one_paragraph ... ok
test hyphenated_line_break_joins_without_space ... ok
test reconstruct_disabled_returns_input_unchanged_modulo_kerning_fix ... ok
test two_paragraphs_separated_by_large_gap_stay_separate ... ok

test result: ok. 6 passed; 0 failed; 0 ignored; 0 measured; 0 filtered out; finished in 0.00s

     Running tests/parser_comprehensive_test.rs (/tmp/oxidize-639-final-target/debug/deps/parser_comprehensive_test-b26317a862952667)

running 21 tests
test content_parser_tests::test_parse_color_operations ... ok
test content_parser_tests::test_parse_inline_image ... ok
test content_parser_tests::test_parse_invalid_operators ... ok
test content_parser_tests::test_parse_marked_content ... ok
test content_parser_tests::test_parse_path_construction ... ok
test content_parser_tests::test_parse_text_positioning ... ok
test content_parser_tests::test_parse_xobject_invocation ... ok
test content_parser_tests::test_tokenizer_edge_cases ... ok
test objects_parser_tests::test_circular_reference_detection ... ok
test content_parser_tests::test_parse_transformation_matrix ... ok
test objects_parser_tests::test_pdf_array_operations ... ok
test objects_parser_tests::test_pdf_dictionary_nested ... ok
test content_parser_tests::test_parse_shading_patterns ... ok
test objects_parser_tests::test_pdf_hexstring ... ok
test objects_parser_tests::test_pdf_object_conversion ... ok
test objects_parser_tests::test_pdf_reference_handling ... ok
test objects_parser_tests::test_pdf_stream_with_filters ... ok
test objects_parser_tests::test_pdf_name_escaping ... ok
test parser_error_tests::test_parse_error_conversion ... ok
test parser_error_tests::test_parse_error_creation ... ok
test parser_error_tests::test_parse_error_propagation ... ok

test result: ok. 21 passed; 0 failed; 0 ignored; 0 measured; 0 filtered out; finished in 0.00s

     Running tests/parser_edge_cases_integration.rs (/tmp/oxidize-639-final-target/debug/deps/parser_edge_cases_integration-8355c996584c5751)

running 13 tests
test test_empty_file_handling ... ok
test test_circular_references ... ok
test test_error_recovery ... ok
test test_invalid_pdf_header ... ok
test test_invalid_encodings ... ok
test test_truncated_after_header ... ok
test test_malformed_xref_table ... ok
test test_whitespace_only_file ... ok
test test_malformed_arrays ... ok
test test_malformed_dictionaries ... ok
test test_real_world_corrupted_samples ... ok
test test_parser_limits ... ok
test test_memory_exhaustion_protection ... ok

test result: ok. 13 passed; 0 failed; 0 ignored; 0 measured; 0 filtered out; finished in 0.76s

     Running tests/parser_malformed_comprehensive_test.rs (/tmp/oxidize-639-final-target/debug/deps/parser_malformed_comprehensive_test-234888f62009dccf)

running 27 tests
test test_corrupted_encryption_dict ... ok
test test_dictionary_duplicate_keys ... ok
test test_array_mismatched_brackets ... ok
test test_circular_colorspace ... ok
test test_font_invalid_encoding ... ok
test test_form_xobject_recursive ... ok
test test_invalid_filter_chain ... ok
test test_incremental_update_invalid_prev ... ok
test test_invalid_generation_reference ... ok
test test_linearized_corrupted_hint ... ok
test test_multiple_eof_markers ... ok
test test_malformed_hex_strings ... ok
test test_missing_decode_params ... ok
test test_name_invalid_characters ... ok
test test_objstm_self_reference ... ok
test test_object_stream_corrupted_index ... ok
test test_page_invalid_rotation ... ok
test test_stream_excessive_length ... ok
test test_null_in_required_fields ... ok
test test_stream_missing_endstream ... ok
test test_stream_negative_length ... ok
test test_stream_negative_length_recovers_data_lenient ... ok
test test_page_tree_missing_fields ... ok
test tests::test_all_edge_cases_no_panic ... ok
test test_xref_invalid_subsection ... ok
test test_xref_stream_invalid_predictor ... ok
test test_string_unbalanced_parens ... ok

test result: ok. 27 passed; 0 failed; 0 ignored; 0 measured; 0 filtered out; finished in 0.00s

     Running tests/parser_objects_coverage.rs (/tmp/oxidize-639-final-target/debug/deps/parser_objects_coverage-679608a9e01139fa)

running 46 tests
test test_as_array_with_array ... ok
test test_as_array_with_non_array ... ok
test test_as_bool_with_boolean ... ok
test test_as_bool_with_non_boolean ... ok
test test_as_dict_with_dictionary ... ok
test test_as_dict_with_non_dict ... ok
test test_as_integer_with_integer ... ok
test test_as_integer_with_non_integer ... ok
test test_as_name_with_name ... ok
test test_as_name_with_non_name ... ok
test test_as_real_with_integer_conversion ... ok
test test_as_real_with_non_numeric ... ok
test test_as_real_with_real ... ok
test test_as_reference_with_non_reference ... ok
test test_as_reference_with_reference ... ok
test test_as_string_with_non_string ... ok
test test_as_string_with_string ... ok
test test_dictionary_with_array_value ... ok
test test_nested_arrays ... ok
test test_parse_array ... ok
test test_parse_dictionary ... ok
test test_parse_empty_array ... ok
test test_parse_empty_dictionary ... ok
test test_parse_large_integer ... ok
test test_parse_literal_string ... ok
test test_parse_name ... ok
test test_parse_negative_integer ... ok
test test_parse_null ... ok
test test_parse_real_number ... ok
test test_parse_reference ... ok
test test_parse_with_eof ... ok
test test_parse_with_options ... ok
test test_pdfarray_len_and_is_empty ... ok
test test_pdfarray_multiple_elements ... ok
test test_pdfarray_push_and_get ... ok
test test_pdfdictionary_contains_key ... ok
test test_pdfdictionary_get_type ... ok
test test_pdfdictionary_get_type_missing ... ok
test test_pdfdictionary_insert_and_get ... ok
test test_pdfdictionary_multiple_keys ... ok
test test_pdfname_as_str ... ok
test test_pdfname_equality ... ok
test test_pdfstring_as_bytes ... ok
test test_pdfstring_as_str_invalid_utf8 ... ok
test test_pdfstring_as_str_valid_utf8 ... ok
test test_pdfstring_equality ... ok

test result: ok. 46 passed; 0 failed; 0 ignored; 0 measured; 0 filtered out; finished in 0.00s

     Running tests/parser_reader_coverage.rs (/tmp/oxidize-639-final-target/debug/deps/parser_reader_coverage-8f89081ce62b3528)

running 42 tests
test test_clear_context_and_reparse ... ok
test test_empty_pdf_detection ... ok
test test_clear_parse_context ... ok
test test_encryption_handler_mut_on_unencrypted_pdf ... ok
test test_catalog_access_attempt ... ok
test test_get_all_pages_on_empty_pdf ... ok
test test_get_object_with_invalid_reference ... ok
test test_into_document_conversion ... ok
test test_encryption_handler_on_unencrypted_pdf ... ok
test test_info_access_attempt ... ok
test test_minimal_invalid_pdf ... ok
test test_object_cache_behavior ... ok
test test_is_encrypted_on_unencrypted_pdf ... ok
test test_is_unlocked_on_unencrypted_pdf ... ok
test test_open_and_parse_unicode_pdf ... ok
test test_malformed_xref_handling ... ok
test test_open_document_convenience_method ... ok
test test_metadata_attempt ... ok
test test_missing_trailer ... ok
test test_open_with_custom_options_real_pdf ... ok
test test_open_with_strict_options_real_pdf ... ok
test test_open_and_parse_simple_pdf ... ok
test test_parse_complex_pdf_with_many_objects ... ok
test test_parse_issue_93_romanian_pdf ... ok
test test_new_reader_with_default_options ... ok
test test_pdf_with_invalid_version ... ok
test test_pdf_with_only_header ... ok
test test_page_count_attempt ... ok
test test_pages_access_on_minimal_pdf ... ok
test test_pdf_version_getter ... ok
test test_reader_options_getter ... ok
test test_parse_context_mut_access ... ok
test test_reader_with_lenient_options ... ok
test test_reader_with_strict_options ... ok
test test_resolve_integer_object ... ok
test test_resolve_null_object ... ok
test test_truncated_pdf_header ... ok
test test_resolve_reference_chain ... ok
test test_resolve_boolean_object ... ok
test test_resolve_stream_length_on_non_stream ... ok
test test_unlock_with_password_on_unencrypted_pdf ... ok
test test_try_empty_password_on_unencrypted_pdf ... ok

test result: ok. 42 passed; 0 failed; 0 ignored; 0 measured; 0 filtered out; finished in 0.00s

     Running tests/parser_stress_and_recovery_test.rs (/tmp/oxidize-639-final-target/debug/deps/parser_stress_and_recovery_test-90cd546532b4a419)

running 16 tests
test stress_tests::test_stress_suite_coverage ... ok
test test_invalid_outline_hierarchy ... ok
test test_invalid_font_programs ... ok
test test_billion_laughs_protection ... ok
test test_corrupted_image_data ... ok
test test_malformed_content_streams ... ok
test test_malicious_javascript ... ok
test test_mixed_content_robustness ... ok
test test_stream_zip_bomb ... ok
test test_parser_recovery ... ok
test test_recursive_form_xobjects ... ok
test test_parser_timeout ... ok
test test_pathological_xref ... ok
test test_massive_dictionary ... ok
test test_massive_array ... ok
test test_object_count_exhaustion ... ok

test result: ok. 16 passed; 0 failed; 0 ignored; 0 measured; 0 filtered out; finished in 0.27s

     Running tests/parser_tests.rs (/tmp/oxidize-639-final-target/debug/deps/parser_tests-f88125506d9b08ef)

running 6 tests
test tests::test_header_parsing ... ok
test tests::test_lexer_tokenization ... ok
test tests::test_object_parsing ... ok
test tests::test_parse_array_with_mixed_types ... ok
test tests::test_parse_nested_structures ... ok
test tests::test_string_parsing ... ok

test result: ok. 6 passed; 0 failed; 0 ignored; 0 measured; 0 filtered out; finished in 0.00s

     Running tests/parser_version_compatibility_test.rs (/tmp/oxidize-639-final-target/debug/deps/parser_version_compatibility_test-c71a922895ab0eae)

running 16 tests
test test_corrupted_indirect_syntax ... ok
test test_comment_edge_cases ... ok
test test_corrupted_page_tree ... ok
test test_empty_structures ... ok
test test_corrupted_compression ... ok
test test_boolean_edge_cases ... ok
test test_hybrid_xref_format ... ok
test test_invalid_object_numbers ... ok
test test_mixed_line_endings ... ok
test test_number_edge_cases ... ok
test test_unicode_edge_cases ... ok
test test_invalid_stream_keywords ... ok
test test_deeply_nested_structures ... ok
test test_whitespace_variations ... ok
test test_pdf_version_compatibility ... ok
test version_tests::test_version_suite_coverage ... ok

test result: ok. 16 passed; 0 failed; 0 ignored; 0 measured; 0 filtered out; finished in 0.00s

     Running tests/parser_writer_roundtrip.rs (/tmp/oxidize-639-final-target/debug/deps/parser_writer_roundtrip-4702e2129a95c0a9)

running 7 tests
test test_basic_roundtrip_workflow ... ok
test test_config_propagation_roundtrip ... ok
test test_roundtrip_error_handling ... ok
test test_incremental_modification_roundtrip ... ok
test test_edge_case_roundtrip ... ok
test test_structure_preservation_roundtrip ... ok
test test_memory_efficient_roundtrip ... ok

test result: ok. 7 passed; 0 failed; 0 ignored; 0 measured; 0 filtered out; finished in 0.02s

     Running tests/partition_classifier_regression_test.rs (/tmp/oxidize-639-final-target/debug/deps/partition_classifier_regression_test-c595ef5fd5d0ef4f)

running 4 tests
test ens_yields_at_least_50_titles ... ok
test bsi_yields_at_least_80_titles ... ok
test higgs_yields_at_least_100_titles ... ok
test no_long_headers_across_corpora ... ok

test result: ok. 4 passed; 0 failed; 0 ignored; 0 measured; 0 filtered out; finished in 0.00s

     Running tests/partition_confidence_test.rs (/tmp/oxidize-639-final-target/debug/deps/partition_confidence_test-9a5819c72efc0f9f)

running 9 tests
test test_kv_confidence_short_key_higher_than_long_key ... ok
test test_table_element_confidence_is_not_overridden ... ok
test test_kv_confidence_minimum_is_0_5 ... ok
test test_list_item_confidence_is_one ... ok
test test_header_at_zone_border_has_minimum_confidence ... ok
test test_title_confidence_high_for_large_font_ratio ... ok
test test_paragraph_confidence_is_one ... ok
test test_title_confidence_lower_near_threshold ... ok
test test_header_at_extreme_top_has_high_confidence ... ok

test result: ok. 9 passed; 0 failed; 0 ignored; 0 measured; 0 filtered out; finished in 0.00s

     Running tests/partition_ncsc_classifier_test.rs (/tmp/oxidize-639-final-target/debug/deps/partition_ncsc_classifier_test-f1c084f1c481f310)

running 4 tests
test ncsc_caf_v4_contains_principle_titles ... ok
test ncsc_caf_v4_contains_section_titles ... ok
test ncsc_caf_v4_no_body_text_in_headers ... ok
test ncsc_caf_v4_yields_at_least_30_titles ... ok

test result: ok. 4 passed; 0 failed; 0 ignored; 0 measured; 0 filtered out; finished in 0.00s

     Running tests/partition_reading_order_test.rs (/tmp/oxidize-639-final-target/debug/deps/partition_reading_order_test-3a194c2994e950b1)

running 6 tests
test test_partition_config_builder_with_reading_order ... ok
test test_partition_config_default_reading_order_is_simple ... ok
test test_partition_none_strategy_preserves_input_order ... ok
test test_partition_xycut_left_column_before_right ... ok
test test_partition_xycut_three_columns_correct_order ... ok
test test_partition_default_backwards_compatible ... ok

test result: ok. 6 passed; 0 failed; 0 ignored; 0 measured; 0 filtered out; finished in 0.00s

     Running tests/partition_table_detection_test.rs (/tmp/oxidize-639-final-target/debug/deps/partition_table_detection_test-2c57dada975a2aee)

running 10 tests
test test_partition_config_default_min_table_confidence ... ok
test test_partition_config_min_table_confidence_builder ... ok
test test_detected_table_has_acceptable_confidence ... ok
test test_grid_3x3_produces_one_table ... ok
test test_low_confidence_table_rejected_at_default_threshold ... ok
test test_two_tables_separated_by_gap_detected_independently ... ok
test test_random_prose_fragments_not_detected_as_table ... ok
test test_single_column_list_not_table ... ok
test test_two_column_numbered_list_not_table ... ok
test test_table_bbox_does_not_contain_prose_between_tables ... ok

test result: ok. 10 passed; 0 failed; 0 ignored; 0 measured; 0 filtered out; finished in 0.01s

     Running tests/partition_test.rs (/tmp/oxidize-639-final-target/debug/deps/partition_test-e1b11e568a9317da)

running 17 tests
test test_partition_config_defaults ... ok
test test_partition_config_builder ... ok
test test_partition_detects_header ... ok
test test_partition_detects_bullet_list ... ok
test test_partition_detects_footer ... ok
test test_partition_detects_key_value ... ok
test test_partition_detects_title_by_font_size ... ok
test test_partition_detects_numbered_list ... ok
test test_partition_header_footer_excluded_from_body ... ok
test test_partition_multiple_titles ... ok
test test_partition_prose_with_colon_not_kv ... ok
test test_partition_real_kv_still_detected ... ok
test test_partition_no_title_when_uniform_size ... ok
test test_pdfdocument_partition_with_config ... ok
test test_pdfdocument_partition ... ok
test test_partition_preserves_page_numbers ... ok
test test_partition_reading_order ... ok

test result: ok. 17 passed; 0 failed; 0 ignored; 0 measured; 0 filtered out; finished in 3.51s

     Running tests/pdfa_integration_test.rs (/tmp/oxidize-639-final-target/debug/deps/pdfa_integration_test-b9c155b3392fbf73)

running 15 tests
test test_pdfa_level_comparison ... ok
test test_pdfa_level_pdf_version_requirements ... ok
test test_pdfa_level_iso_references ... ok
test test_pdfa_level_parsing ... ok
test test_validation_error_messages ... ok
test test_validator_collect_all_errors_mode ... ok
test test_validator_configuration ... ok
test test_xmp_pdfa_identifier_rdf_generation ... ok
test test_validation_result_display ... ok
test test_validation_warning_types ... ok
test test_minimal_pdf_validation ... ok
test test_pdfa_2b_validation_allows_pdf17 ... ok
test test_xmp_metadata_parsing ... ok
test test_pdfa_1b_stricter_than_2b ... ok
test test_all_pdfa_levels_validate_without_panic ... ok

test result: ok. 15 passed; 0 failed; 0 ignored; 0 measured; 0 filtered out; finished in 0.21s

     Running tests/pdfa_validator_coverage_test.rs (/tmp/oxidize-639-final-target/debug/deps/pdfa_validator_coverage_test-a5c39bfa277683b8)

running 55 tests
test a2b_rejects_pdf_1_3 ... ok
test a2b_accepts_pdf_1_7_version ... ok
test a1b_rejects_pdf_1_7 ... ok
test a1b_accepts_pdf_1_4_version ... ok
test additional_actions_via_reference_is_flagged ... ok
test additional_actions_without_javascript_is_not_flagged ... ok
test colorspace_value_via_reference_is_resolved ... ok
test conforming_extgstate_has_no_transparency_error ... ok
test dangling_metadata_reference_denies_conformance ... ok
test device_rgb_without_output_intent_is_invalid ... ok
test colorspace_dict_via_reference_is_checked ... ok
test embedded_files_allowed_in_pdfa_3 ... ok
test device_rgb_with_output_intent_dest_profile_is_valid ... ok
test embedded_files_forbidden_in_pdfa_1 ... ok
test extgstate_fill_alpha_below_one_is_transparency ... ok
test extgstate_non_normal_blend_mode_is_transparency ... ok
test extgstate_soft_mask_is_transparency ... ok
test extgstate_stroke_alpha_below_one_is_transparency ... ok
test extgstate_via_reference_is_checked ... ok
test font_without_descriptor_is_not_embedded ... ok
test flate_content_stream_has_no_lzw_error ... ok
test font_resources_via_reference_are_checked ... ok
test icc_based_array_colour_space_is_not_device_dependent ... ok
test font_descriptor_without_fontfile_is_not_embedded ... ok
test font_descriptor_with_fontfile_is_embedded ... ok
test javascript_in_open_action_is_flagged ... ok
test image_xobject_device_cmyk_without_output_intent_is_invalid ... ok
test javascript_in_names_tree_via_reference_is_flagged ... ok
test javascript_in_additional_actions_is_flagged ... ok
test image_xobject_with_smask_is_flagged ... ok
test level_a_type0_identity_encoding_without_tounicode_passes ... ok
test javascript_in_names_tree_is_flagged ... ok
test lzw_in_content_stream_is_flagged ... ok
test lzw_in_filter_array_is_flagged ... ok
test level_a_type3_without_tounicode_lacks_unicode_mapping ... ok
test javascript_in_open_action_via_reference_is_flagged ... ok
test lzw_is_allowed_in_pdfa_2 ... ok
test lzw_in_xobject_stream_is_flagged ... ok
test metadata_missing_is_flagged ... ok
test metadata_non_stream_object_is_flagged ... ok
test non_javascript_open_action_is_not_flagged_as_js ... ok
test open_action_gotor_is_flagged_external ... ok
test open_action_gotoe_is_flagged_external ... ok
test open_action_launch_via_reference_is_flagged_external ... ok
test output_intent_pdfa_subtype_satisfies_device_colour ... ok
test output_intents_via_reference_is_resolved ... ok
test transparency_is_allowed_in_pdfa_2 ... ok
test type0_descendant_with_fontfile_is_embedded ... ok
test xobject_transparency_group_is_flagged ... ok
test type0_descendant_without_fontfile_is_not_embedded ... ok
test type0_font_without_descendants_is_not_embedded ... ok
test metadata_matching_identifier_passes ... ok
test metadata_present_without_pdfa_identifier_is_flagged ... ok
test metadata_conformance_mismatch_is_flagged ... ok
test metadata_part_mismatch_is_flagged ... ok

test result: ok. 55 passed; 0 failed; 0 ignored; 0 measured; 0 filtered out; finished in 0.05s

     Running tests/per_font_char_tracking_test.rs (/tmp/oxidize-639-final-target/debug/deps/per_font_char_tracking_test-7d64870be9d42a3a)

running 6 tests
test unused_latin_font_absent_when_cjk_used ... ok
test text_flow_with_custom_font_embeds_font ... ok
test header_only_custom_font_embeds_font ... ok
test rich_text_with_custom_font_embeds_font ... ok
test both_fonts_present_when_both_used ... ok
test unused_font_is_absent_from_resources ... ok

test result: ok. 6 passed; 0 failed; 0 ignored; 0 measured; 0 filtered out; finished in 0.98s

     Running tests/pipeline_export_test.rs (/tmp/oxidize-639-final-target/debug/deps/pipeline_export_test-0aa039ba6b101412)

running 13 tests
test test_export_config_accessible_from_pipeline ... ok
test test_export_code_block_fenced ... ok
test test_export_empty_produces_empty_string ... ok
test test_export_headers_excluded_by_default ... ok
test test_export_headers_included_when_configured ... ok
test test_export_image_with_alt ... ok
test test_export_kv_bold_key ... ok
test test_export_list_item_bullet ... ok
test test_export_mixed_document ... ok
test test_export_paragraph_produces_plain_text ... ok
test test_export_title_produces_h1 ... ok
test test_export_table_pipe_format ... ok
test test_document_to_element_markdown_not_empty ... ok

test result: ok. 13 passed; 0 failed; 0 ignored; 0 measured; 0 filtered out; finished in 2.62s

     Running tests/pipeline_integration_test.rs (/tmp/oxidize-639-final-target/debug/deps/pipeline_integration_test-6e56a00c75e72908)

running 6 tests
test test_vibecoding_three_lines ... ok
test test_vibecoding_partition_and_chunk ... ok
test test_full_pipeline_page_order ... ok
test test_full_pipeline_with_semantic_chunking ... ok
test test_full_pipeline_hello_world ... ok
test test_pipeline_roundtrip_text_preservation ... ok

test result: ok. 6 passed; 0 failed; 0 ignored; 0 measured; 0 filtered out; finished in 5.29s

     Running tests/plaintext_quote_operators_test.rs (/tmp/oxidize-639-final-target/debug/deps/plaintext_quote_operators_test-0c3beb4519be7ca9)

running 5 tests
test the_apostrophe_operator_emits_its_text ... ok
test the_double_quote_operands_do_not_disturb_the_leading ... ok
test the_double_quote_operator_emits_its_text ... ok
test the_quote_operators_start_a_new_line ... ok
test both_public_extractors_agree_on_documents_using_quote_operators ... ok

test result: ok. 5 passed; 0 failed; 0 ignored; 0 measured; 0 filtered out; finished in 0.00s

     Running tests/plaintext_td_operator_test.rs (/tmp/oxidize-639-final-target/debug/deps/plaintext_td_operator_test-c6314004948f297d)

running 5 tests
test plaintext_td_does_not_fuse_words_under_the_default_config ... ok
test plaintext_td_breaks_the_line_so_words_do_not_fuse ... ok
test plaintext_td_leading_magnitude_does_not_exceed_ty ... ok
test plaintext_td_sets_leading_for_subsequent_t_star ... ok
test plaintext_td_is_equivalent_to_tl_plus_td_lowercase ... ok

test result: ok. 5 passed; 0 failed; 0 ignored; 0 measured; 0 filtered out; finished in 0.00s

     Running tests/plaintext_tj_array_test.rs (/tmp/oxidize-639-final-target/debug/deps/plaintext_tj_array_test-f2cbbc50ac31d65a)

running 5 tests
test plaintext_tj_array_emits_text ... ok
test plaintext_tj_narrow_kerning_no_space ... ok
test plaintext_tj_space_threshold_custom_value ... ok
test plaintext_tj_wide_kerning_emits_space ... ok
test plaintext_higgs_title_has_word_boundaries ... ok

test result: ok. 5 passed; 0 failed; 0 ignored; 0 measured; 0 filtered out; finished in 0.03s

     Running tests/png_rendering_test.rs (/tmp/oxidize-639-final-target/debug/deps/png_rendering_test-13a4bf1dee0c13ef)

running 2 tests
test test_png_image_stream_contains_valid_flatedecode ... ok
test test_png_image_roundtrip_valid_pdf ... ok

test result: ok. 2 passed; 0 failed; 0 ignored; 0 measured; 0 filtered out; finished in 0.00s

     Running tests/png_transparency_tests.rs (/tmp/oxidize-639-final-target/debug/deps/png_transparency_tests-98d76ad26c9aeb0f)

running 9 tests
test test_mask_type_enum ... ok
test test_image_without_transparency ... ok
test test_image_with_mask_application ... ok
test test_grayscale_png_with_alpha ... ok
test test_mask_type_operations ... ok
test test_png_soft_mask_creation ... ok
test test_stencil_mask_creation ... ok
test test_png_with_alpha_channel ... ok
test test_png_to_pdf_object_with_transparency ... ok

test result: ok. 9 passed; 0 failed; 0 ignored; 0 measured; 0 filtered out; finished in 0.00s

     Running tests/prop_encryption_invariants.rs (/tmp/oxidize-639-final-target/debug/deps/prop_encryption_invariants-d9a16d821562dbeb)

running 5 tests
test issue_430_paren_in_user_password_owner_unlock ... ok
test wrong_owner_password_never_grants_access_with_empty_user_pw ... ok
test wrong_password_never_unlocks ... ok
test user_password_round_trips ... ok
test owner_password_round_trips ... ok

test result: ok. 5 passed; 0 failed; 0 ignored; 0 measured; 0 filtered out; finished in 0.44s

     Running tests/prop_extraction_invariants.rs (/tmp/oxidize-639-final-target/debug/deps/prop_extraction_invariants-2c183607c3980876)

running 9 tests
test issue_443_rotated_page_keeps_single_line ... ok
test mirrored_baseline_stays_a_single_line ... ok
test issue_425_drift_chain_does_not_split_token ... ok
test flat_line_structure_survives_rotation ... ok
test flat_line_structure_matches_drawn_lines ... ok
test conservation_no_glyph_dropped ... ok
test reorder_never_splits_a_token ... ok
test extraction_is_deterministic ... ok
test reorder_is_a_permutation ... ok

test result: ok. 9 passed; 0 failed; 0 ignored; 0 measured; 0 filtered out; finished in 3.47s

     Running tests/prop_font_invariants.rs (/tmp/oxidize-639-final-target/debug/deps/prop_font_invariants-99fdb21e126e0a9c)

running 10 tests
test issue_438_lone_space_between_letters_survives ... ok
test issue_309_accented_char_uses_true_metric_not_fallback ... ok
test single_glyph_within_one_em ... ok
test width_is_additive_over_chars ... ok
test width_is_size_proportional ... ok
test winansi_latin1_round_trips_through_extraction ... ok
test cid_table_mapping_is_honoured ... ok
test to_unicode_subset_mapping_is_honoured ... ok
test identity_h_mapping_is_honoured ... ok
test coverage_report_agrees_with_what_survives ... ok

test result: ok. 10 passed; 0 failed; 0 ignored; 0 measured; 0 filtered out; finished in 1.58s

     Running tests/prop_parser_invariants.rs (/tmp/oxidize-639-final-target/debug/deps/prop_parser_invariants-b2f5f5e8138b42d9)

running 2 tests
test issue_426_incremental_update_resolves_to_latest_revision ... ok
test incremental_update_resolves_to_latest ... ok

test result: ok. 2 passed; 0 failed; 0 ignored; 0 measured; 0 filtered out; finished in 0.12s

     Running tests/prop_parser_panic_invariants.rs (/tmp/oxidize-639-final-target/debug/deps/prop_parser_panic_invariants-98186784af4e9448)

running 3 tests
test mutated_pdf_never_panics ... ok
test arbitrary_bytes_never_panic ... ok
test truncated_pdf_never_panics ... ok

test result: ok. 3 passed; 0 failed; 0 ignored; 0 measured; 0 filtered out; finished in 0.41s

     Running tests/prop_rag_chunking_invariants.rs (/tmp/oxidize-639-final-target/debug/deps/prop_rag_chunking_invariants-0cd133371ef6d869)

running 7 tests
test an_oversized_fragment_holds_at_most_one_sentence ... ok
test no_chunk_exceeds_its_budget_under_the_default_counter ... ok
test every_element_marker_lands_in_exactly_one_chunk ... ok
test chunks_come_out_in_input_element_order ... ok
test chunk_text_conserves_every_input_word ... ok
test chunk_pages_are_the_union_of_its_elements_pages ... ok
test stamped_count_measures_the_content_the_budget_governs ... ok

test result: ok. 7 passed; 0 failed; 0 ignored; 0 measured; 0 filtered out; finished in 0.26s

     Running tests/prop_rag_e2e_invariants.rs (/tmp/oxidize-639-final-target/debug/deps/prop_rag_e2e_invariants-bb4b9924b4689306)

running 2 tests
test breadcrumb_never_names_a_later_heading ... ok
test every_written_run_lands_in_exactly_one_chunk ... ok

test result: ok. 2 passed; 0 failed; 0 ignored; 0 measured; 0 filtered out; finished in 0.23s

     Running tests/prop_roundtrip_invariants.rs (/tmp/oxidize-639-final-target/debug/deps/prop_roundtrip_invariants-42bcf3b2d97c41bc)

running 7 tests
test issue_364_written_text_reads_back ... ok
test issue_156_rgba_image_keeps_smask ... ok
test issue_395_two_distinct_embedded_fonts_no_collision ... ok
test image_smask_preserved ... ok
test page_count_preserved ... ok
test text_content_preserved ... ok
test embedded_fonts_preserved ... ok

test result: ok. 7 passed; 0 failed; 0 ignored; 0 measured; 0 filtered out; finished in 2.38s

     Running tests/prop_text_sanitization_invariants.rs (/tmp/oxidize-639-final-target/debug/deps/prop_text_sanitization_invariants-2f7ab22ed4fb9e8a)

running 4 tests
test standalone_cr_obeys_the_selected_policy ... ok
test crlf_is_one_line_feed_under_every_policy ... ok
test standalone_cr_runs_follow_policy_cardinality ... ok
test sanitized_text_contains_no_cr_and_is_idempotent ... ok

test result: ok. 4 passed; 0 failed; 0 ignored; 0 measured; 0 filtered out; finished in 0.08s

     Running tests/prop_token_counter_invariants.rs (/tmp/oxidize-639-final-target/debug/deps/prop_token_counter_invariants-e864a3b6ba2441a8)

running 4 tests
test empty_text_costs_nothing ... ok
test word_proxy_declares_additivity ... ok
test counting_is_deterministic ... ok
test claimed_additivity_holds ... ok

test result: ok. 4 passed; 0 failed; 0 ignored; 0 measured; 0 filtered out; finished in 0.06s

     Running tests/proptest_geometry.rs (/tmp/oxidize-639-final-target/debug/deps/proptest_geometry-995fbf30b17ca3bf)

running 1 test
test test_point_origin_is_zero ... ok

test result: ok. 1 passed; 0 failed; 0 ignored; 0 measured; 0 filtered out; finished in 0.00s

     Running tests/proptest_graphics.rs (/tmp/oxidize-639-final-target/debug/deps/proptest_graphics-daf33f0f6639ab19)

running 1 test
test test_clipping_path ... ok

test result: ok. 1 passed; 0 failed; 0 ignored; 0 measured; 0 filtered out; finished in 0.00s

     Running tests/proptest_parser.rs (/tmp/oxidize-639-final-target/debug/deps/proptest_parser-5dc4b1873fda1b3e)

running 4 tests
test test_parser_handles_empty_input ... ok
test regression_tests::test_parser_handles_cr_lf_endings ... ok
test regression_tests::test_parser_handles_binary_in_comment ... ok
test regression_tests::test_parser_handles_incremental_updates ... ok

test result: ok. 4 passed; 0 failed; 0 ignored; 0 measured; 0 filtered out; finished in 0.00s

     Running tests/proptest_primitives.rs (/tmp/oxidize-639-final-target/debug/deps/proptest_primitives-250cf064be4eec3a)

running 17 tests
test regression_tests::test_object_id_max_values ... ok
test regression_tests::test_color_nan_handling ... ok
test regression_tests::test_object_id_zero_generation ... ok
test test_object_boolean_conversion ... ok
test test_object_id_equality_consistency ... ok
test test_color_gray_clamping ... ok
test test_color_rgb_clamping ... ok
test test_object_id_hash_consistency ... ok
test test_object_id_display_parse_roundtrip ... ok
test test_object_integer_conversion ... ok
test test_color_cmyk_clamping ... ok
test test_object_reference_consistency ... ok
test test_object_real_finite ... ok
test test_color_equality_reflexive ... ok
test test_object_null_checking ... ok
test test_object_name_validity ... ok
test test_object_string_preservation ... ok

test result: ok. 17 passed; 0 failed; 0 ignored; 0 measured; 0 filtered out; finished in 0.11s

     Running tests/public_claims_documentation_test.rs (/tmp/oxidize-639-final-target/debug/deps/public_claims_documentation_test-4cc3fbf6b29f3c9a)

running 2 tests
test public_claims_preserve_supported_capabilities_and_their_limits ... ok
test public_claims_do_not_restore_unsupported_comparisons_or_profiles ... ok

test result: ok. 2 passed; 0 failed; 0 ignored; 0 measured; 0 filtered out; finished in 0.00s

     Running tests/rag_chunk_metadata_test.rs (/tmp/oxidize-639-final-target/debug/deps/rag_chunk_metadata_test-96dd0d8a224c0235)

running 5 tests
test rag_chunks_with_source_and_config_applies_both ... ok
test citation_anchor_populated_through_rag_chunks ... ok
test source_metadata_pulled_from_info_dict ... ok
test content_type_flags_are_output_and_non_exhaustive ... ok
test rag_chunks_have_linked_ids_and_metadata ... ok

test result: ok. 5 passed; 0 failed; 0 ignored; 0 measured; 0 filtered out; finished in 0.01s

     Running tests/rag_chunk_test.rs (/tmp/oxidize-639-final-target/debug/deps/rag_chunk_test-1519fe51c9650ca5)

running 7 tests
test test_rag_chunk_collects_pages_from_multi_page_elements ... ok
test test_rag_chunk_from_hybrid_chunk ... ok
test test_rag_chunk_has_required_fields ... ok
test test_rag_chunk_page_numbers_are_sorted ... ok
test test_element_type_names_for_all_variants ... ok
test test_rag_chunks_indices_are_sequential ... ok
test test_rag_chunks_with_custom_config_produces_more_chunks ... ok

test result: ok. 7 passed; 0 failed; 0 ignored; 0 measured; 0 filtered out; finished in 0.00s

     Running tests/rag_pipeline_integration_test.rs (/tmp/oxidize-639-final-target/debug/deps/rag_pipeline_integration_test-301cd082a292594e)

running 4 tests
test test_full_rag_cycle_redact ... ok
test test_chunk_page_mapper_round_trip ... ok
test test_full_rag_cycle_highlight ... ok
test test_highlight_doesnt_corrupt_structure ... ok

test result: ok. 4 passed; 0 failed; 0 ignored; 0 measured; 0 filtered out; finished in 0.01s

     Running tests/rag_pipeline_test.rs (/tmp/oxidize-639-final-target/debug/deps/rag_pipeline_test-0a0a166bed540a02)

running 6 tests
test test_deprecated_chunk_methods_still_work ... ok
test test_rag_chunks_returns_vec ... ok
test test_rag_chunks_with_profile_accepts_all_variants ... ok
test test_rag_chunks_with_custom_config ... ok
test test_rag_chunks_with_profile_rag ... ok
test test_rag_chunks_with_profile_config_combines_both ... ok

test result: ok. 6 passed; 0 failed; 0 ignored; 0 measured; 0 filtered out; finished in 2.72s

     Running tests/rag_realworld_jsonl_test.rs (/tmp/oxidize-639-final-target/debug/deps/rag_realworld_jsonl_test-40c52b8abac00b23)

running 4 tests
test jsonl_line_oversized_preserves_flag_and_pages ... ok
test jsonl_line_with_heading_has_all_required_fields ... ok
test jsonl_line_without_heading_serializes_null ... ok
test jsonl_line_is_single_line_with_no_internal_newlines ... ok

test result: ok. 4 passed; 0 failed; 0 ignored; 0 measured; 0 filtered out; finished in 0.00s

     Running tests/reader_integration_test.rs (/tmp/oxidize-639-final-target/debug/deps/reader_integration_test-a682d7ebd92c895d)

running 10 tests
test test_parse_error_pdf_locked_exists ... ok
test test_parse_error_wrong_password_exists ... ok
test test_unencrypted_pdf_is_unlocked ... ok
test test_multiple_object_reads ... ok
test test_unencrypted_pdf_not_encrypted ... ok
test test_unencrypted_pdf_can_read_objects ... ok
test test_get_object_on_unencrypted_pdf ... ok
test test_unlock_api_example ... ok
test test_unlock_on_unencrypted_pdf_is_noop ... ok
test test_unlock_idempotent_on_unencrypted ... ok

test result: ok. 10 passed; 0 failed; 0 ignored; 0 measured; 0 filtered out; finished in 0.02s

     Running tests/reading_order_test.rs (/tmp/oxidize-639-final-target/debug/deps/reading_order_test-4d7c5e4f61787ad2)

running 10 tests
test test_simple_reading_order_left_to_right_same_line ... ok
test test_simple_reading_order_band_separation ... ok
test test_simple_reading_order_top_to_bottom ... ok
test test_xycut_empty ... ok
test test_simple_reading_order_transitivity ... ok
test test_xycut_mixed_single_and_double ... ok
test test_xycut_newspaper_three_columns ... ok
test test_xycut_single_column ... ok
test test_xycut_single_fragment ... ok
test test_xycut_two_columns ... ok

test result: ok. 10 passed; 0 failed; 0 ignored; 0 measured; 0 filtered out; finished in 0.00s

     Running tests/real_pdf_integration_tests.rs (/tmp/oxidize-639-final-target/debug/deps/real_pdf_integration_tests-88dd2bacf9da04a3)

running 8 tests
test fixtures_support::tests::test_fixture_detection ... ok
test fixtures_support::tests::test_fixture_stats ... ok
test test_fixture_statistics ... ignored, real-pdf-tests feature not enabled
test fixtures_support::tests::test_fixture_sampling ... ok
test test_pdf_content_analysis ... ignored, real-pdf-tests feature not enabled
test test_pdf_parsing_with_fixtures ... ignored, real-pdf-tests feature not enabled
test test_pdf_performance_benchmark ... ignored, real-pdf-tests feature not enabled
test test_environment_detection ... ok

test result: ok. 4 passed; 0 failed; 4 ignored; 0 measured; 0 filtered out; finished in 0.00s

     Running tests/recipient_encryption_test.rs (/tmp/oxidize-639-final-target/debug/deps/recipient_encryption_test-26a895b4b92466f6)

running 9 tests
test independent_unsupported_profiles_are_rejected ... ok
test rejects_incompatible_writer_configuration_before_output ... ok
test rejects_invalid_unsuitable_or_mismatched_credentials ... ok
test malformed_and_unsupported_encryption_dictionaries_fail_closed ... ok
test invalid_ciphertext_length_is_an_error_not_plaintext ... ok
test public_reader_rejects_unsupported_profile_and_corrupt_stream ... ok
test randomness_changes_recipient_envelopes_and_content_ivs ... ok
test public_writer_encrypts_text_image_and_strings_for_two_recipients ... ok
test independent_pyhanko_fixtures_and_both_recipients ... ok

test result: ok. 9 passed; 0 failed; 0 ignored; 0 measured; 0 filtered out; finished in 0.48s

     Running tests/rich_text_tests.rs (/tmp/oxidize-639-final-target/debug/deps/rich_text_tests-81d1a194a7e39d24)

running 4 tests
test test_rich_text_renders_mixed_fonts ... ok
test test_rich_text_total_width_is_sum ... ok
test test_text_span_measures_width ... ok
test test_rich_text_in_document_builder ... ok

test result: ok. 4 passed; 0 failed; 0 ignored; 0 measured; 0 filtered out; finished in 0.00s

     Running tests/ruling_table_partition_test.rs (/tmp/oxidize-639-final-target/debug/deps/ruling_table_partition_test-c81395f645887985)

running 8 tests
test prefer_ruling_tables_defaults_on ... ok
test ruling_keeps_wrapped_cell_as_single_cell ... ok
test ruling_table_and_prose_elements_are_disjoint ... ok
test ruling_detects_exact_bordered_grid ... ok
test flag_off_uses_spatial_only ... ok
test with_graphics_none_matches_legacy_partition ... ok
test full_pipeline_partition_emits_bordered_table ... ok
test no_grid_falls_back_to_spatial ... ok

test result: ok. 8 passed; 0 failed; 0 ignored; 0 measured; 0 filtered out; finished in 0.01s

     Running tests/semantic_chunking_test.rs (/tmp/oxidize-639-final-target/debug/deps/semantic_chunking_test-60d7491981afca4b)

running 10 tests
test test_semantic_chunk_config_builder ... ok
test test_semantic_chunk_config_defaults ... ok
test test_semantic_chunk_has_elements ... ok
test test_semantic_chunk_paragraph_split_at_sentence ... ok
test test_semantic_chunk_table_stays_whole ... ok
test test_semantic_chunk_overlap_tokens ... ok
test test_semantic_chunk_text_concatenation ... ok
test test_semantic_chunk_large_table_allowed_to_overflow ... ok
test test_semantic_chunk_preserves_metadata ... ok
test test_semantic_chunk_title_not_split ... ok

test result: ok. 10 passed; 0 failed; 0 ignored; 0 measured; 0 filtered out; finished in 0.00s

     Running tests/semantic_comparison_differential.rs (/tmp/oxidize-639-final-target/debug/deps/semantic_comparison_differential-fc6d0b480a6f4825)

running 1 test
test independent_tools_confirm_semantic_and_serialization_results ... ok

test result: ok. 1 passed; 0 failed; 0 ignored; 0 measured; 0 filtered out; finished in 0.25s

     Running tests/semantic_redactor_test.rs (/tmp/oxidize-639-final-target/debug/deps/semantic_redactor_test-e64992a29b289685)

running 31 tests
test irreversible_redaction_rejects_marked_content ... ok
test irreversible_redaction_rejects_empty_entity_content ... ok
test irreversible_redaction_rejects_annotations ... ok
test irreversible_api_fails_closed_without_returning_masked_bytes ... ok
test irreversible_redaction_rejects_symbol_font_even_when_operand_bytes_match ... ok
test irreversible_redaction_rejects_partial_text_operand_match ... ok
test irreversible_redaction_rejects_unaudited_shading_resource_path ... ok
test irreversible_redaction_rejects_target_spanning_part_of_tj_array ... ok
test irreversible_redaction_rejects_text_outside_entity_bounds ... ok
test irreversible_redaction_enforces_entity_budget ... ok
test irreversible_redaction_drops_document_metadata_copy_of_target ... ok
test irreversible_tj_redaction_preserves_character_and_word_spacing_advance ... ok
test irreversible_redaction_removes_complete_tj_array ... ok
test test_redact_no_entities_returns_original ... ok
test test_redact_entity_page_1_indexed_to_0_indexed ... ok
test test_redact_filters_by_entity_type ... ok
test test_redaction_config_default_redacts_nothing ... ok
test test_redaction_config_with_entity_types ... ok
test irreversible_tj_redaction_preserves_tj_advance ... ok
test test_redact_multiple_entities_same_page ... ok
test irreversible_redaction_removes_exact_direct_text_and_reports_success ... ok
test test_redact_produces_valid_pdf ... ok
test test_redaction_style_placeholder_stores_text ... ok
test test_semantic_redactor_error_messages ... ok
test test_redaction_style_black_box_is_default ... ok
test test_redaction_report_by_type ... ok
test test_redaction_report_count ... ok
test test_redact_preserves_page_count ... ok
test irreversible_tj_redaction_preserves_following_text_position ... ok
test visual_mask_report_never_claims_irreversible_redaction ... ok
test test_redaction_report_pages_affected ... ok

test result: ok. 31 passed; 0 failed; 0 ignored; 0 measured; 0 filtered out; finished in 0.02s

     Running tests/signature_integration_test.rs (/tmp/oxidize-639-final-target/debug/deps/signature_integration_test-7180d0c2042e2259)

running 5 tests
test unsigned_pdf_has_no_signature_fields ... ok
test default_public_roots_do_not_trust_the_fixture_ca ... ok
test verifies_integrity_signature_chain_usage_and_revocation ... ok
test detects_the_signature_dictionary_and_signer ... ok
test distinguishes_signed_content_mutation_from_later_bytes ... ok

test result: ok. 5 passed; 0 failed; 0 ignored; 0 measured; 0 filtered out; finished in 0.09s

     Running tests/signature_preparation_test.rs (/tmp/oxidize-639-final-target/debug/deps/signature_preparation_test-8ab7724a21b3c296)

running 10 tests
test creation_rejects_rotation_that_reading_cannot_support ... ok
test reading_rejects_a_slot_outside_the_page ... ok
test completing_preserves_other_field_flags ... ok
test slots_survive_reopening_and_preserve_previous_bytes ... ok
test handwritten_completion_has_an_appearance_but_no_digital_signature ... ok
test rejects_invalid_geometry_duplicates_and_empty_or_invalid_strokes ... ok
test drawn_slot_can_be_used_by_the_detached_signing_api ... ok
test rotated_label_appearance_is_escaped_and_does_not_complete_the_slot ... ok
test list_and_remove_only_the_requested_unsigned_slot ... ok
test creation_rejects_unreadable_rotation_and_excess_slots ... ok

test result: ok. 10 passed; 0 failed; 0 ignored; 0 measured; 0 filtered out; finished in 0.24s

     Running tests/source_highlighter_test.rs (/tmp/oxidize-639-final-target/debug/deps/source_highlighter_test-38c2456df712b16d)

running 10 tests
test test_highlight_style_custom_color ... ok
test test_highlight_empty_chunks_returns_original_bytes ... ok
test test_highlight_style_default_is_yellow ... ok
test test_source_highlighter_error_messages_are_descriptive ... ok
test test_highlight_style_builder_chains ... ok
test test_highlight_chunks_accepts_ref_slice ... ok
test test_highlight_out_of_range_produces_zero_annotations ... ok
test test_highlight_preserves_page_count_and_text ... ok
test test_highlight_produces_highlight_annotations ... ok
test test_highlight_multiple_chunks_produce_more_annotations ... ok

test result: ok. 10 passed; 0 failed; 0 ignored; 0 measured; 0 filtered out; finished in 0.01s

     Running tests/space_decision_test.rs (/tmp/oxidize-639-final-target/debug/deps/space_decision_test-6bcc68a909acd739)

running 8 tests
test test_inserted_true_when_dx_above_threshold ... ok
test test_inserted_false_when_dx_below_threshold ... ok
test test_space_decision_confidence_high_clear_gap ... ok
test test_space_decision_confidence_low_marginal_gap ... ok
test test_space_decision_struct_creation ... ok
test test_text_fragment_has_space_decisions_field ... ok
test test_track_space_decisions_is_false_by_default ... ok
test test_space_decisions_not_populated_when_not_tracking ... ok

test result: ok. 8 passed; 0 failed; 0 ignored; 0 measured; 0 filtered out; finished in 1.05s

     Running tests/stream_syntax_test.rs (/tmp/oxidize-639-final-target/debug/deps/stream_syntax_test-d8db8c2a4d02fbb4)

running 14 tests
test test_data_mut_does_not_update_length ... ok
test test_empty_stream_length ... ok
test test_compress_flate_updates_length ... ok
test test_content_stream_has_correct_length ... ok
test test_font_stream_length ... ok
test test_stream_new_sets_correct_length ... ok
test test_stream_with_binary_data ... ok
test test_with_dictionary_corrects_wrong_length ... ok
test test_compressed_stream_has_correct_length ... ok
test test_pdf_with_streams_is_parseable ... ok
test test_manual_length_sync_pattern ... ok
test test_large_stream_length ... ok
test test_pdf_roundtrip_stream_integrity ... ok
test test_multiple_streams_correct_length ... ok

test result: ok. 14 passed; 0 failed; 0 ignored; 0 measured; 0 filtered out; finished in 0.01s

     Running tests/t0_regression.rs (/tmp/oxidize-639-final-target/debug/deps/t0_regression-12711ea9f2bc2ac2)

running 24 tests
test corpus_support::tests::test_corpus_report_generation_empty ... ok
test corpus_support::tests::test_corpus_report_generation_mixed ... ok
test corpus_support::tests::test_corpus_report_print_summary_no_panic ... ok
test corpus_support::tests::test_corpus_report_performance_percentiles ... ok
test corpus_support::tests::test_failure_entry_serialization ... ok
test corpus_support::tests::test_find_pdfs_nonexistent_dir ... ok
test corpus_support::tests::test_format_failures ... ok
test corpus_support::tests::test_manifest_entry_defaults ... ok
test corpus_support::tests::test_find_pdfs_empty_dir ... ok
test corpus_support::tests::test_percentile_calculation ... ok
test corpus_support::tests::test_corpus_report_save_and_load ... ok
test corpus_support::tests::test_test_result_default ... ok
test t0_generate_manifest ... ignored, Run manually to generate T0 manifest: cargo test t0_generate_manifest -- --ignored
test t0_generate_perf_baseline ... ignored, Run manually: cargo test t0_generate_perf_baseline -- --ignored
test t0_generate_text_baselines ... ignored, Run manually to generate baselines: cargo test t0_generate_text_baselines -- --ignored
test corpus_support::tests::test_tier_available_nonexistent ... ok
test corpus_support::tests::test_manifest_roundtrip ... ok
test corpus_support::tests::test_performance_baseline_roundtrip ... ok
test t0_performance_no_regression ... ok
test corpus_support::tests::test_find_pdfs_with_files ... ok
test t0_parse_all_fixtures ... ok
test t0_text_extraction_stability ... ok
test corpus_support::tests::test_run_corpus_test_with_panics ... ok
test corpus_support::tests::test_manifest_save_and_load ... ok

test result: ok. 21 passed; 0 failed; 3 ignored; 0 measured; 0 filtered out; finished in 0.00s

     Running tests/t1_spec.rs (/tmp/oxidize-639-final-target/debug/deps/t1_spec-7189ac62e487c99b)

running 22 tests
test corpus_support::tests::test_corpus_report_generation_empty ... ok
test corpus_support::tests::test_corpus_report_generation_mixed ... ok
test corpus_support::tests::test_corpus_report_print_summary_no_panic ... ok
test corpus_support::tests::test_corpus_report_performance_percentiles ... ok
test corpus_support::tests::test_find_pdfs_nonexistent_dir ... ok
test corpus_support::tests::test_format_failures ... ok
test corpus_support::tests::test_manifest_entry_defaults ... ok
test corpus_support::tests::test_find_pdfs_empty_dir ... ok
test corpus_support::tests::test_failure_entry_serialization ... ok
test corpus_support::tests::test_percentile_calculation ... ok
test corpus_support::tests::test_corpus_report_save_and_load ... ok
test corpus_support::tests::test_test_result_default ... ok
test t1_combined_compliance ... ok
test corpus_support::tests::test_manifest_roundtrip ... ok
test corpus_support::tests::test_find_pdfs_with_files ... ok
test t1_text_extraction_coverage ... ok
test corpus_support::tests::test_performance_baseline_roundtrip ... ok
test t1_verapdf_corpus ... ok
test corpus_support::tests::test_tier_available_nonexistent ... ok
test corpus_support::tests::test_run_corpus_test_with_panics ... ok
test corpus_support::tests::test_manifest_save_and_load ... ok
test t1_pdfjs_corpus ... ok

test result: ok. 22 passed; 0 failed; 0 ignored; 0 measured; 0 filtered out; finished in 0.00s

     Running tests/t2_realworld.rs (/tmp/oxidize-639-final-target/debug/deps/t2_realworld-4dd6f1a1f780b236)

running 23 tests
test corpus_support::tests::test_corpus_report_generation_empty ... ok
test corpus_support::tests::test_corpus_report_generation_mixed ... ok
test corpus_support::tests::test_corpus_report_print_summary_no_panic ... ok
test corpus_support::tests::test_failure_entry_serialization ... ok
test corpus_support::tests::test_corpus_report_performance_percentiles ... ok
test corpus_support::tests::test_find_pdfs_nonexistent_dir ... ok
test corpus_support::tests::test_find_pdfs_empty_dir ... ok
test corpus_support::tests::test_manifest_entry_defaults ... ok
test corpus_support::tests::test_format_failures ... ok
test corpus_support::tests::test_percentile_calculation ... ok
test corpus_support::tests::test_corpus_report_save_and_load ... ok
test corpus_support::tests::test_test_result_default ... ok
test corpus_support::tests::test_tier_available_nonexistent ... ok
test t2_generator_diversity ... ok
test t2_govdocs_robustness ... ok
test corpus_support::tests::test_performance_baseline_roundtrip ... ok
test t2_scanned_only_stability ... ok
test corpus_support::tests::test_manifest_roundtrip ... ok
test t2_text_extraction_text_based ... ok
test corpus_support::tests::test_find_pdfs_with_files ... ok
test corpus_support::tests::test_run_corpus_test_with_panics ... ok
test t2_performance_distribution ... ok
test corpus_support::tests::test_manifest_save_and_load ... ok

test result: ok. 23 passed; 0 failed; 0 ignored; 0 measured; 0 filtered out; finished in 0.00s

     Running tests/t3_stress.rs (/tmp/oxidize-639-final-target/debug/deps/t3_stress-d8e88d6f2852426c)

running 22 tests
test corpus_support::tests::test_corpus_report_generation_empty ... ok
test corpus_support::tests::test_corpus_report_generation_mixed ... ok
test corpus_support::tests::test_failure_entry_serialization ... ok
test corpus_support::tests::test_corpus_report_performance_percentiles ... ok
test corpus_support::tests::test_corpus_report_print_summary_no_panic ... ok
test corpus_support::tests::test_format_failures ... ok
test corpus_support::tests::test_find_pdfs_empty_dir ... ok
test corpus_support::tests::test_manifest_entry_defaults ... ok
test corpus_support::tests::test_corpus_report_save_and_load ... ok
test corpus_support::tests::test_percentile_calculation ... ok
test corpus_support::tests::test_find_pdfs_nonexistent_dir ... ok
test corpus_support::tests::test_test_result_default ... ok
test corpus_support::tests::test_manifest_save_and_load ... ok
test corpus_support::tests::test_manifest_roundtrip ... ok
test corpus_support::tests::test_find_pdfs_with_files ... ok
test corpus_support::tests::test_performance_baseline_roundtrip ... ok
test corpus_support::tests::test_run_corpus_test_with_panics ... ok
test corpus_support::tests::test_tier_available_nonexistent ... ok
test t3_error_context_quality ... ok
test t3_error_recovery_rate ... ok
test t3_text_extraction_coverage ... ok
test t3_zero_panics_on_stress_corpus ... ok

test result: ok. 22 passed; 0 failed; 0 ignored; 0 measured; 0 filtered out; finished in 0.00s

     Running tests/t4_ai_target.rs (/tmp/oxidize-639-final-target/debug/deps/t4_ai_target-3c0c6e5109b89867)

running 25 tests
test corpus_support::tests::test_corpus_report_generation_empty ... ok
test corpus_support::tests::test_corpus_report_generation_mixed ... ok
test corpus_support::tests::test_corpus_report_print_summary_no_panic ... ok
test corpus_support::tests::test_failure_entry_serialization ... ok
test corpus_support::tests::test_corpus_report_performance_percentiles ... ok
test corpus_support::tests::test_format_failures ... ok
test corpus_support::tests::test_manifest_entry_defaults ... ok
test corpus_support::tests::test_find_pdfs_empty_dir ... ok
test corpus_support::tests::test_percentile_calculation ... ok
test corpus_support::tests::test_find_pdfs_nonexistent_dir ... ok
test corpus_support::tests::test_corpus_report_save_and_load ... ok
test corpus_support::tests::test_tier_available_nonexistent ... ok
test corpus_support::tests::test_performance_baseline_roundtrip ... ok
test corpus_support::tests::test_run_corpus_test_with_panics ... ok
test t4_text_accuracy_vs_ground_truth ... ok
test t4_parse_stability ... ok
test t4_markdown_output_quality ... ok
test tests::test_normalised_edit_distance_empty ... ok
test tests::test_normalised_edit_distance_identical ... ok
test tests::test_normalised_edit_distance_different ... ok
test corpus_support::tests::test_find_pdfs_with_files ... ok
test corpus_support::tests::test_manifest_save_and_load ... ok
test tests::test_normalised_edit_distance_whitespace_insensitive ... ok
test corpus_support::tests::test_manifest_roundtrip ... ok
test corpus_support::tests::test_test_result_default ... ok

test result: ok. 25 passed; 0 failed; 0 ignored; 0 measured; 0 filtered out; finished in 0.00s

     Running tests/t5_quality.rs (/tmp/oxidize-639-final-target/debug/deps/t5_quality-55ba5adf6bdb2727)

running 26 tests
test corpus_support::tests::test_corpus_report_generation_empty ... ok
test corpus_support::tests::test_corpus_report_generation_mixed ... ok
test corpus_support::tests::test_corpus_report_print_summary_no_panic ... ok
test corpus_support::tests::test_failure_entry_serialization ... ok
test corpus_support::tests::test_corpus_report_performance_percentiles ... ok
test corpus_support::tests::test_find_pdfs_nonexistent_dir ... ok
test corpus_support::tests::test_find_pdfs_empty_dir ... ok
test corpus_support::tests::test_manifest_entry_defaults ... ok
test corpus_support::tests::test_corpus_report_save_and_load ... ok
test corpus_support::tests::test_percentile_calculation ... ok
test corpus_support::tests::test_test_result_default ... ok
test corpus_support::tests::test_format_failures ... ok
test t5_omnidocbench_parse_stability ... ok
test corpus_support::tests::test_manifest_save_and_load ... ok
test corpus_support::tests::test_performance_baseline_roundtrip ... ok
test corpus_support::tests::test_find_pdfs_with_files ... ok
test corpus_support::tests::test_manifest_roundtrip ... ok
test t5_quality_by_document_type ... ok
test t5_text_accuracy_with_annotations ... ok
test t5_text_extraction_coverage ... ok
test tests::test_line_match_accuracy_empty ... ok
test tests::test_line_match_accuracy_identical ... ok
test tests::test_line_match_accuracy_whitespace ... ok
test tests::test_line_match_accuracy_partial ... ok
test corpus_support::tests::test_run_corpus_test_with_panics ... ok
test corpus_support::tests::test_tier_available_nonexistent ... ok

test result: ok. 26 passed; 0 failed; 0 ignored; 0 measured; 0 filtered out; finished in 0.00s

     Running tests/t6_adversarial.rs (/tmp/oxidize-639-final-target/debug/deps/t6_adversarial-e0ac1de96ba7c8ab)

running 23 tests
test corpus_support::tests::test_corpus_report_generation_empty ... ok
test corpus_support::tests::test_corpus_report_generation_mixed ... ok
test corpus_support::tests::test_corpus_report_print_summary_no_panic ... ok
test corpus_support::tests::test_failure_entry_serialization ... ok
test corpus_support::tests::test_corpus_report_performance_percentiles ... ok
test corpus_support::tests::test_find_pdfs_nonexistent_dir ... ok
test corpus_support::tests::test_manifest_entry_defaults ... ok
test corpus_support::tests::test_format_failures ... ok
test corpus_support::tests::test_find_pdfs_empty_dir ... ok
test corpus_support::tests::test_percentile_calculation ... ok
test corpus_support::tests::test_corpus_report_save_and_load ... ok
test corpus_support::tests::test_manifest_roundtrip ... ok
test corpus_support::tests::test_test_result_default ... ok
test corpus_support::tests::test_tier_available_nonexistent ... ok
test t6_adversarial_no_panics_no_hangs ... ok
test t6_error_quality ... ok
test t6_malformed_graceful_handling ... ok
test corpus_support::tests::test_performance_baseline_roundtrip ... ok
test t6_text_extraction_coverage ... ok
test corpus_support::tests::test_run_corpus_test_with_panics ... ok
test corpus_support::tests::test_find_pdfs_with_files ... ok
test corpus_support::tests::test_manifest_save_and_load ... ok
test t6_malicious_no_exploitation ... ok

test result: ok. 23 passed; 0 failed; 0 ignored; 0 measured; 0 filtered out; finished in 0.00s

     Running tests/table_extraction_real_pdfs.rs (/tmp/oxidize-639-final-target/debug/deps/table_extraction_real_pdfs-e08ec1206b4cb918)

running 2 tests
test test_color_extraction_with_cold_email_hacks ... ok
test test_table_extraction_with_real_pdfs ... ok

test result: ok. 2 passed; 0 failed; 0 ignored; 0 measured; 0 filtered out; finished in 0.03s

     Running tests/table_integration_test.rs (/tmp/oxidize-639-final-target/debug/deps/table_integration_test-c380a7cc1c54f894)

running 16 tests
test test_celldata_accessible_and_span_works ... ok
test test_add_font_from_bytes_no_metrics_on_failure ... ok
test test_from_char_map_default_width_is_average ... ok
test test_measure_text_uses_registered_custom_font_metrics ... ok
test test_rowdata_from_cells ... ok
test test_table_dimensions ... ok
test test_table_error_handling ... ok
test test_table_with_custom_font_uses_hex_encoding ... ok
test test_table_with_standard_font_uses_literal_encoding ... ok
test test_table_with_custom_fonts ... ok
test test_table_alignment ... ok
test test_simple_table ... ok
test test_table_with_custom_options ... ok
test test_multiple_tables_on_page ... ok
test test_table_with_colspan ... ok
test test_default_custom_metrics_cjk_width ... ok

test result: ok. 16 passed; 0 failed; 0 ignored; 0 measured; 0 filtered out; finished in 0.02s

     Running tests/table_pagination_test.rs (/tmp/oxidize-639-final-target/debug/deps/table_pagination_test-4fbbe90fa877e2e7)

running 13 tests
test add_paginated_table_errs_when_table_cannot_fit_on_a_blank_page ... ok
test render_back_compat_silently_overflows_unchanged ... ok
test add_paginated_table_rejects_non_finite_floats ... ok
test render_strict_rejects_non_finite_bottom_y ... ok
test page_tables_add_simple_table_unchanged ... ok
test render_strict_returns_overflow_error_without_drawing_anything ... ok
test render_with_split_rejects_non_finite_bottom_y ... ok
test render_strict_succeeds_when_everything_fits ... ok
test render_with_split_returns_tail_when_rows_overflow_bottom_y ... ok
test render_with_split_returns_none_when_everything_fits ... ok
test add_paginated_table_rejects_header_heavy_dos_input ... ok
test add_paginated_table_does_not_repeat_header_when_disabled ... ok
test add_paginated_table_grows_pages_and_renders_every_row ... ok

test result: ok. 13 passed; 0 failed; 0 ignored; 0 measured; 0 filtered out; finished in 0.11s

     Running tests/table_write_regression_test.rs (/tmp/oxidize-639-final-target/debug/deps/table_write_regression_test-8bf29b9aa28b4066)

running 12 tests
test test_advanced_table_auto_height_multiline ... ok
test test_advanced_table_height_matches_render ... ok
test test_advanced_table_multiline_text ... ok
test test_advanced_table_rowspan_no_overlap ... ok
test test_basic_table_multiline_text ... ok
test test_row_order_cell_backgrounds_match_text_order ... ok
test test_extract_text_positions_is_non_empty ... ok
test test_per_row_height ... ok
test test_cjk_center_alignment_in_table ... ok
test test_advanced_table_auto_height_renders_all_lines ... ok
test test_advanced_table_colspan_cell_positions ... ok
test test_row_order_top_to_bottom ... ok

test result: ok. 12 passed; 0 failed; 0 ignored; 0 measured; 0 filtered out; finished in 0.03s

     Running tests/tagged_pdf_integration_test.rs (/tmp/oxidize-639-final-target/debug/deps/tagged_pdf_integration_test-5feda2ae08cf16b2)

running 10 tests
test test_heading_with_marked_content ... ok
test test_marked_content_depth_tracking ... ok
test test_error_unmatched_marked_content ... ok
test test_marked_content_operators_tracking ... ok
test test_multiple_paragraphs_with_unique_mcids ... ok
test test_marked_content_with_different_tags ... ok
test test_next_mcid_tracking ... ok
test test_nested_structure_with_marked_content ... ok
test test_simple_tagged_pdf_structure ... ok
test test_structure_tree_relationships ... ok

test result: ok. 10 passed; 0 failed; 0 ignored; 0 measured; 0 filtered out; finished in 0.00s

     Running tests/tesseract_ocr_tests.rs (/tmp/oxidize-639-final-target/debug/deps/tesseract_ocr_tests-fba8f70ef6528995)

running 0 tests

test result: ok. 0 passed; 0 failed; 0 ignored; 0 measured; 0 filtered out; finished in 0.00s

     Running tests/test_hybrid_reference_pdfs.rs (/tmp/oxidize-639-final-target/debug/deps/test_hybrid_reference_pdfs-1211257cafbedf02)

running 9 tests
test test_hybrid_reference_pdf_opens ... ok
test test_hybrid_reference_pdf_object_reconstruction ... ok
test test_hybrid_reference_pdf_page_count ... ok
test test_hybrid_reference_pdf_metadata ... ok
test test_hybrid_reference_pdf_xref_chain ... ok
test test_hybrid_reference_pdf_type_inference ... ok
test test_hybrid_reference_pdf_all_pages_accessible ... ok
test test_hybrid_reference_pdf_text_extraction ... ok
test test_hybrid_reference_pdf_random_page_access ... ok

test result: ok. 9 passed; 0 failed; 0 ignored; 0 measured; 0 filtered out; finished in 0.15s

     Running tests/test_issue47_regression.rs (/tmp/oxidize-639-final-target/debug/deps/test_issue47_regression-880148a1207bc131)

running 3 tests
test test_issue47_nested_dictionary_parsing ... ok
test test_font_resources_extraction ... ok
test test_object_stream_reconstruction ... ok

test result: ok. 3 passed; 0 failed; 0 ignored; 0 measured; 0 filtered out; finished in 0.00s

     Running tests/text_block_metrics_tests.rs (/tmp/oxidize-639-final-target/debug/deps/text_block_metrics_tests-24f81732deba2b2f)

running 5 tests
test test_empty_string ... ok
test test_single_line_no_wrap ... ok
test test_overlong_word ... ok
test test_wraps_correctly ... ok
test test_consistent_with_flow_context ... ok

test result: ok. 5 passed; 0 failed; 0 ignored; 0 measured; 0 filtered out; finished in 0.00s

     Running tests/text_extraction_e2e_test.rs (/tmp/oxidize-639-final-target/debug/deps/text_extraction_e2e_test-811e3cb811820f57)

running 4 tests
test test_extraction_performance_is_reasonable ... ok
test test_plaintext_extraction_end_to_end ... ok
test test_structured_data_extraction_end_to_end ... ok
test test_invoice_extraction_end_to_end ... ok

test result: ok. 4 passed; 0 failed; 0 ignored; 0 measured; 0 filtered out; finished in 0.03s

     Running tests/text_extraction_test.rs (/tmp/oxidize-639-final-target/debug/deps/text_extraction_test-88331fd939746a96)

running 7 tests
test test_extract_from_manual_pdf ... ok
test test_extract_with_multiple_text_operations ... ok
test test_extract_empty_page ... ok
test test_extract_text_from_page_with_options ... ok
test test_extract_text_from_generated_pdf ... ok
test test_extract_multiple_pages ... ok
test test_extract_with_layout_preservation ... ok

test result: ok. 7 passed; 0 failed; 0 ignored; 0 measured; 0 filtered out; finished in 0.01s

     Running tests/text_flow_at_x_test.rs (/tmp/oxidize-639-final-target/debug/deps/text_flow_at_x_test-400ec4868013c744)

running 1 test
test test_text_wrapping_respects_at_x_position ... ok

test result: ok. 1 passed; 0 failed; 0 ignored; 0 measured; 0 filtered out; finished in 0.00s

     Running tests/text_flow_inherits_page_state_test.rs (/tmp/oxidize-639-final-target/debug/deps/text_flow_inherits_page_state_test-115248898d37ce86)

running 8 tests
test text_flow_inherits_fill_color_from_page_text_state ... ok
test flow_set_font_overrides_inherited_page_font ... ok
test text_flow_inherits_font_and_size_from_page_text_state ... ok
test write_wrapped_emits_gray_fill_color_operator ... ok
test write_wrapped_emits_inherited_fill_color_before_tj ... ok
test flow_set_fill_color_overrides_inherited_page_color ... ok
test write_wrapped_emits_cmyk_fill_color_operator ... ok
test write_wrapped_emits_inherited_font_in_content_stream ... ok

test result: ok. 8 passed; 0 failed; 0 ignored; 0 measured; 0 filtered out; finished in 0.00s

     Running tests/text_sanitization_test.rs (/tmp/oxidize-639-final-target/debug/deps/text_sanitization_test-cdf572cc9d3e5c86)

running 21 tests
test test_carriage_return_space_replacement_collapses_adjacent_spaces ... ok
test test_crlf_normalization_is_idempotent_across_removed_controls ... ok
test test_collapse_multiple_spaces ... ok
test test_default_removes_standalone_carriage_returns ... ok
test test_empty_string ... ok
test test_etx_alone_removed ... ok
test test_leading_trailing_control_chars ... ok
test test_mixed_whitespace_and_control ... ok
test test_no_change_clean_text ... ok
test test_normalize_line_ending_preserves_standalone_carriage_returns ... ok
test test_only_control_chars ... ok
test test_remove_carriage_returns ... ok
test test_remove_control_characters ... ok
test test_replace_carriage_returns_with_space ... ok
test test_sanitize_multiple_nul ... ok
test test_sanitize_nul_etx_sequence ... ok
test test_sanitize_nul_etx_sequence_complex ... ok
test test_sanitize_single_nul ... ok
test test_unicode_line_and_paragraph_separators_normalize_to_line_feed ... ok
test test_unicode_preservation ... ok
test test_unicode_separators_reset_space_collapsing ... ok

test result: ok. 21 passed; 0 failed; 0 ignored; 0 measured; 0 filtered out; finished in 0.00s

     Running tests/text_state_propagation.rs (/tmp/oxidize-639-final-target/debug/deps/text_state_propagation-18ac0ffdac686086)

running 9 tests
test horizontal_scaling_propagates_from_text_context ... ok
test fill_color_propagates_from_text_context ... ok
test character_spacing_propagates_from_text_context ... ok
test leading_propagates_from_text_context ... ok
test rendering_mode_propagates_from_text_context ... ok
test stroke_color_propagates_from_text_context ... ok
test justified_alignment_overrides_caller_word_spacing_per_line ... ok
test text_rise_propagates_from_text_context ... ok
test word_spacing_propagates_from_text_context ... ok

test result: ok. 9 passed; 0 failed; 0 ignored; 0 measured; 0 filtered out; finished in 0.00s

     Running tests/text_validation_coverage.rs (/tmp/oxidize-639-final-target/debug/deps/text_validation_coverage-e4842a366eb25bbc)

running 17 tests
test test_match_type_custom ... ok
test test_match_type_equality ... ok
test test_search_with_different_lengths ... ok
test test_search_for_empty_target - should panic ... ok
test test_search_in_empty_text ... ok
test test_extract_key_info_empty_text ... ok
test test_search_multiple_occurrences ... ok
test test_extract_key_info_no_patterns ... ok
test test_extract_key_info_comprehensive ... ok
test test_search_with_partial_match ... ok
test test_validate_contract_with_no_matches ... ok
test test_validate_contract_with_agreement_number ... ok
test test_text_validator_default ... ok
test test_validate_contract_with_monetary_amount ... ok
test test_validate_contract_with_party_name ... ok
test test_validation_metadata ... ok
test test_various_date_formats ... ok

test result: ok. 17 passed; 0 failed; 0 ignored; 0 measured; 0 filtered out; finished in 0.14s

     Running tests/tracing_infrastructure.rs (/tmp/oxidize-639-final-target/debug/deps/tracing_infrastructure-b3737a7aa27fae01)

running 3 tests
test test_verbose_debug_feature_disabled ... ok
test test_tracing_subscriber_init ... ok
test test_tracing_with_env_filter ... ok

test result: ok. 3 passed; 0 failed; 0 ignored; 0 measured; 0 filtered out; finished in 0.00s

     Running tests/transparency_integration_test.rs (/tmp/oxidize-639-final-target/debug/deps/transparency_integration_test-ee2114e0a50c63b9)

running 10 tests
test test_extgstate_applied_immediately ... ok
test test_separate_fill_stroke_transparency ... ok
test test_extgstate_dash_pattern ... ok
test test_multiple_transparency_values ... ok
test test_no_extgstate_when_no_transparency ... ok
test test_transparency_operation_order ... ok
test test_transparency_generates_extgstate_in_pdf ... ok
test test_transparency_visual_output ... ok
test test_write_pages_compatibility ... ok
test test_transparency_with_existing_page_resources ... ok

test result: ok. 10 passed; 0 failed; 0 ignored; 0 measured; 0 filtered out; finished in 0.00s

     Running tests/ttf_parser_cmap_test.rs (/tmp/oxidize-639-final-target/debug/deps/ttf_parser_cmap_test-fe58ac8740e2580c)

running 10 tests
test test_cmap_format12_basic_cjk_range ... ok
test test_cmap_format12_empty_groups ... ok
test test_cmap_format12_gid_above_0xffff_skipped ... ok
test test_cmap_format12_glyph_zero_not_mapped ... ok
test test_cmap_format12_supplementary_plane ... ok
test test_cmap_format12_multiple_groups ... ok
test test_cmap_format4_id_range_offset_nonzero ... ok
test test_cmap_format12_overlapping_groups_last_wins ... ok
test test_cmap_format4_id_range_offset_with_delta ... ok
test test_cmap_format4_id_range_offset_zero ... ok

test result: ok. 10 passed; 0 failed; 0 ignored; 0 measured; 0 filtered out; finished in 0.00s

     Running tests/type0_font_parsing_security_test.rs (/tmp/oxidize-639-final-target/debug/deps/type0_font_parsing_security_test-cb16af100fcac3ca)

running 6 tests
test test_circular_reference_cidfont_to_type0 ... ok
test test_circular_reference_deep_chain ... ok
test test_circular_reference_descriptor_to_cidfont ... ok
test test_font_stream_size_normal ... ok
test test_font_stream_size_at_limit ... ok
test test_font_stream_size_exceeds_limit ... ok

test result: ok. 6 passed; 0 failed; 0 ignored; 0 measured; 0 filtered out; finished in 0.02s

     Running tests/type0_font_parsing_test.rs (/tmp/oxidize-639-final-target/debug/deps/type0_font_parsing_test-a1dcc491fd997ff2)

running 8 tests
test test_detect_type0_font_from_dict ... ok
test test_extract_descendant_fonts_reference ... ok
test test_detect_cidfont_subtype ... ok
test test_extract_tounicode_cmap_reference ... ok
test test_integration_resolve_non_type0_returns_none ... ok
test test_integration_resolve_type0_hierarchy_complete ... ok
test test_integration_resolve_type0_hierarchy_partial ... ok
test test_integration_resolve_type0_with_cff_font ... ok

test result: ok. 8 passed; 0 failed; 0 ignored; 0 measured; 0 filtered out; finished in 0.00s

     Running tests/type0_page_integration_test.rs (/tmp/oxidize-639-final-target/debug/deps/type0_page_integration_test-4706fb5bffcc97ff)

running 12 tests
test test_cid_font_with_multiple_descendants ... ok
test test_cid_font_without_embedded_data ... ok
test test_cidfont_type0_cff_resolution ... ok
test test_deep_circular_reference_detection ... ok
test test_descendant_fonts_extraction ... ok
test test_empty_descendant_fonts_array ... ok
test test_circular_reference_in_cid_hierarchy ... ok
test test_tounicode_circular_reference ... ok
test test_resolve_type0_font_hierarchy_complete ... ok
test test_type0_without_descendant_fonts ... ok
test test_type0_font_with_identity_h_encoding ... ok
test test_type1_and_type0_fonts_mixed ... ok

test result: ok. 12 passed; 0 failed; 0 ignored; 0 measured; 0 filtered out; finished in 0.00s

     Running tests/vibecoding_facade_test.rs (/tmp/oxidize-639-final-target/debug/deps/vibecoding_facade_test-78b642e399005f8f)

running 10 tests
test test_pdfdocument_open_nonexistent ... ok
test test_pdfdocument_open_file ... ok
test test_chunk_with_overlap ... ok
test test_to_contextual_produces_output ... ok
test test_to_markdown_produces_output ... ok
test test_chunk_basic ... ok
test test_to_contextual_matches_free_function ... ok
test test_pdfdocument_open_matches_two_step ... ok
test test_to_markdown_matches_free_function ... ok
test test_chunk_small_size_produces_more_chunks ... ok

test result: ok. 10 passed; 0 failed; 0 ignored; 0 measured; 0 filtered out; finished in 3.10s

     Running tests/writer_hygiene_test.rs (/tmp/oxidize-639-final-target/debug/deps/writer_hygiene_test-84ea369c97d1a0f6)

running 8 tests
test add_pattern_rejects_name_with_whitespace ... ok
test add_color_space_rejects_name_with_delimiters ... ok
test add_color_space_accepts_valid_names ... ok
test add_form_xobject_rejects_name_with_hash_escape_introducer ... ok
test add_shading_rejects_empty_name ... ok
test color_space_resource_entries_are_emitted_in_sorted_order ... ok
test object_string_escapes_delimiters_in_dict_injection_payload ... ok
test object_string_escapes_backslash ... ok

test result: ok. 8 passed; 0 failed; 0 ignored; 0 measured; 0 filtered out; finished in 0.00s

     Running tests/xref_recovery_test.rs (/tmp/oxidize-639-final-target/debug/deps/xref_recovery_test-c5dd1b960bae65f4)

running 6 tests
test test_needs_xref_recovery_no_xref ... ok
test test_needs_xref_recovery_damaged_xref ... ok
test test_xref_recovery_no_xref ... ok
test test_xref_recovery_with_recover_from_file ... ok
test test_xref_recovery_with_stream_objects ... ok
test test_xref_recovery_integration ... ok

test result: ok. 6 passed; 0 failed; 0 ignored; 0 measured; 0 filtered out; finished in 0.00s

     Running tests/xref_stream_simple.rs (/tmp/oxidize-639-final-target/debug/deps/xref_stream_simple-b73dc50245465cf9)

running 1 test
test test_xref_stream_basic_generation ... ok

test result: ok. 1 passed; 0 failed; 0 ignored; 0 measured; 0 filtered out; finished in 0.00s

